NAME,GEOIDFQ,open_year,fuel_type_code,count
15-County Region,M010000US001,1999.0,BD,0.0
15-County Region,M010000US001,2000.0,BD,0.0
15-County Region,M010000US001,2001,BD,0
15-County Region,M010000US001,2002,BD,0
15-County Region,M010000US001,2003,BD,0
15-County Region,M010000US001,2004.0,BD,0.0
15-County Region,M010000US001,2005,BD,0
15-County Region,M010000US001,2006.0,BD,0.0
15-County Region,M010000US001,2007.0,BD,0.0
15-County Region,M010000US001,2008.0,BD,0.0
15-County Region,M010000US001,2009.0,BD,1.0
15-County Region,M010000US001,2010,BD,0
15-County Region,M010000US001,2011.0,BD,0.0
15-County Region,M010000US001,2012.0,BD,0.0
15-County Region,M010000US001,2013.0,BD,0.0
15-County Region,M010000US001,2014.0,BD,0.0
15-County Region,M010000US001,2015.0,BD,0.0
15-County Region,M010000US001,2016.0,BD,0.0
15-County Region,M010000US001,2017.0,BD,0.0
15-County Region,M010000US001,2018.0,BD,0.0
15-County Region,M010000US001,2019.0,BD,0.0
15-County Region,M010000US001,2020.0,BD,0.0
15-County Region,M010000US001,2021.0,BD,0.0
15-County Region,M010000US001,2022.0,BD,0.0
15-County Region,M010000US001,2023.0,BD,0.0
15-County Region,M010000US001,2024.0,BD,0.0
15-County Region,M010000US001,2025.0,BD,0.0
15-County Region,M010000US001,1999.0,CNG,0.0
15-County Region,M010000US001,2000.0,CNG,0.0
15-County Region,M010000US001,2001,CNG,0
15-County Region,M010000US001,2002,CNG,0
15-County Region,M010000US001,2003,CNG,0
15-County Region,M010000US001,2004.0,CNG,0.0
15-County Region,M010000US001,2005,CNG,0
15-County Region,M010000US001,2006.0,CNG,0.0
15-County Region,M010000US001,2007.0,CNG,0.0
15-County Region,M010000US001,2008.0,CNG,0.0
15-County Region,M010000US001,2009.0,CNG,0.0
15-County Region,M010000US001,2010,CNG,0
15-County Region,M010000US001,2011.0,CNG,0.0
15-County Region,M010000US001,2012.0,CNG,3.0
15-County Region,M010000US001,2013.0,CNG,0.0
15-County Region,M010000US001,2014.0,CNG,2.0
15-County Region,M010000US001,2015.0,CNG,3.0
15-County Region,M010000US001,2016.0,CNG,0.0
15-County Region,M010000US001,2017.0,CNG,0.0
15-County Region,M010000US001,2018.0,CNG,1.0
15-County Region,M010000US001,2019.0,CNG,0.0
15-County Region,M010000US001,2020.0,CNG,0.0
15-County Region,M010000US001,2021.0,CNG,0.0
15-County Region,M010000US001,2022.0,CNG,1.0
15-County Region,M010000US001,2023.0,CNG,0.0
15-County Region,M010000US001,2024.0,CNG,0.0
15-County Region,M010000US001,2025.0,CNG,0.0
15-County Region,M010000US001,1999.0,E85,0.0
15-County Region,M010000US001,2000.0,E85,0.0
15-County Region,M010000US001,2001,E85,0
15-County Region,M010000US001,2002,E85,0
15-County Region,M010000US001,2003,E85,0
15-County Region,M010000US001,2004.0,E85,0.0
15-County Region,M010000US001,2005,E85,0
15-County Region,M010000US001,2006.0,E85,1.0
15-County Region,M010000US001,2007.0,E85,1.0
15-County Region,M010000US001,2008.0,E85,4.0
15-County Region,M010000US001,2009.0,E85,1.0
15-County Region,M010000US001,2010,E85,0
15-County Region,M010000US001,2011.0,E85,8.0
15-County Region,M010000US001,2012.0,E85,0.0
15-County Region,M010000US001,2013.0,E85,3.0
15-County Region,M010000US001,2014.0,E85,6.0
15-County Region,M010000US001,2015.0,E85,2.0
15-County Region,M010000US001,2016.0,E85,2.0
15-County Region,M010000US001,2017.0,E85,1.0
15-County Region,M010000US001,2018.0,E85,0.0
15-County Region,M010000US001,2019.0,E85,0.0
15-County Region,M010000US001,2020.0,E85,1.0
15-County Region,M010000US001,2021.0,E85,2.0
15-County Region,M010000US001,2022.0,E85,11.0
15-County Region,M010000US001,2023.0,E85,1.0
15-County Region,M010000US001,2024.0,E85,0.0
15-County Region,M010000US001,2025.0,E85,0.0
15-County Region,M010000US001,1999.0,ELEC,0.0
15-County Region,M010000US001,2000.0,ELEC,0.0
15-County Region,M010000US001,2001,ELEC,0
15-County Region,M010000US001,2002,ELEC,0
15-County Region,M010000US001,2003,ELEC,0
15-County Region,M010000US001,2004.0,ELEC,0.0
15-County Region,M010000US001,2005,ELEC,0
15-County Region,M010000US001,2006.0,ELEC,0.0
15-County Region,M010000US001,2007.0,ELEC,0.0
15-County Region,M010000US001,2008.0,ELEC,0.0
15-County Region,M010000US001,2009.0,ELEC,0.0
15-County Region,M010000US001,2010,ELEC,0
15-County Region,M010000US001,2011.0,ELEC,4.0
15-County Region,M010000US001,2012.0,ELEC,7.0
15-County Region,M010000US001,2013.0,ELEC,1.0
15-County Region,M010000US001,2014.0,ELEC,2.0
15-County Region,M010000US001,2015.0,ELEC,12.0
15-County Region,M010000US001,2016.0,ELEC,10.0
15-County Region,M010000US001,2017.0,ELEC,21.0
15-County Region,M010000US001,2018.0,ELEC,19.0
15-County Region,M010000US001,2019.0,ELEC,65.0
15-County Region,M010000US001,2020.0,ELEC,60.0
15-County Region,M010000US001,2021.0,ELEC,141.0
15-County Region,M010000US001,2022.0,ELEC,100.0
15-County Region,M010000US001,2023.0,ELEC,108.0
15-County Region,M010000US001,2024.0,ELEC,96.0
15-County Region,M010000US001,2025.0,ELEC,5.0
15-County Region,M010000US001,1999.0,HY,0.0
15-County Region,M010000US001,2000.0,HY,0.0
15-County Region,M010000US001,2001,HY,0
15-County Region,M010000US001,2002,HY,0
15-County Region,M010000US001,2003,HY,0
15-County Region,M010000US001,2004.0,HY,0.0
15-County Region,M010000US001,2005,HY,0
15-County Region,M010000US001,2006.0,HY,0.0
15-County Region,M010000US001,2007.0,HY,0.0
15-County Region,M010000US001,2008.0,HY,0.0
15-County Region,M010000US001,2009.0,HY,0.0
15-County Region,M010000US001,2010,HY,0
15-County Region,M010000US001,2011.0,HY,0.0
15-County Region,M010000US001,2012.0,HY,0.0
15-County Region,M010000US001,2013.0,HY,0.0
15-County Region,M010000US001,2014.0,HY,0.0
15-County Region,M010000US001,2015.0,HY,0.0
15-County Region,M010000US001,2016.0,HY,0.0
15-County Region,M010000US001,2017.0,HY,0.0
15-County Region,M010000US001,2018.0,HY,0.0
15-County Region,M010000US001,2019.0,HY,0.0
15-County Region,M010000US001,2020.0,HY,0.0
15-County Region,M010000US001,2021.0,HY,1.0
15-County Region,M010000US001,2022.0,HY,0.0
15-County Region,M010000US001,2023.0,HY,0.0
15-County Region,M010000US001,2024.0,HY,0.0
15-County Region,M010000US001,2025.0,HY,0.0
15-County Region,M010000US001,1999.0,LNG,0.0
15-County Region,M010000US001,2000.0,LNG,0.0
15-County Region,M010000US001,2001,LNG,0
15-County Region,M010000US001,2002,LNG,0
15-County Region,M010000US001,2003,LNG,0
15-County Region,M010000US001,2004.0,LNG,0.0
15-County Region,M010000US001,2005,LNG,0
15-County Region,M010000US001,2006.0,LNG,0.0
15-County Region,M010000US001,2007.0,LNG,0.0
15-County Region,M010000US001,2008.0,LNG,0.0
15-County Region,M010000US001,2009.0,LNG,0.0
15-County Region,M010000US001,2010,LNG,0
15-County Region,M010000US001,2011.0,LNG,0.0
15-County Region,M010000US001,2012.0,LNG,0.0
15-County Region,M010000US001,2013.0,LNG,0.0
15-County Region,M010000US001,2014.0,LNG,0.0
15-County Region,M010000US001,2015.0,LNG,0.0
15-County Region,M010000US001,2016.0,LNG,1.0
15-County Region,M010000US001,2017.0,LNG,0.0
15-County Region,M010000US001,2018.0,LNG,0.0
15-County Region,M010000US001,2019.0,LNG,0.0
15-County Region,M010000US001,2020.0,LNG,0.0
15-County Region,M010000US001,2021.0,LNG,1.0
15-County Region,M010000US001,2022.0,LNG,0.0
15-County Region,M010000US001,2023.0,LNG,0.0
15-County Region,M010000US001,2024.0,LNG,0.0
15-County Region,M010000US001,2025.0,LNG,0.0
15-County Region,M010000US001,1999.0,LPG,1.0
15-County Region,M010000US001,2000.0,LPG,5.0
15-County Region,M010000US001,2001,LPG,0
15-County Region,M010000US001,2002,LPG,0
15-County Region,M010000US001,2003,LPG,0
15-County Region,M010000US001,2004.0,LPG,1.0
15-County Region,M010000US001,2005,LPG,0
15-County Region,M010000US001,2006.0,LPG,0.0
15-County Region,M010000US001,2007.0,LPG,0.0
15-County Region,M010000US001,2008.0,LPG,0.0
15-County Region,M010000US001,2009.0,LPG,0.0
15-County Region,M010000US001,2010,LPG,0
15-County Region,M010000US001,2011.0,LPG,3.0
15-County Region,M010000US001,2012.0,LPG,2.0
15-County Region,M010000US001,2013.0,LPG,1.0
15-County Region,M010000US001,2014.0,LPG,2.0
15-County Region,M010000US001,2015.0,LPG,3.0
15-County Region,M010000US001,2016.0,LPG,0.0
15-County Region,M010000US001,2017.0,LPG,2.0
15-County Region,M010000US001,2018.0,LPG,1.0
15-County Region,M010000US001,2019.0,LPG,0.0
15-County Region,M010000US001,2020.0,LPG,0.0
15-County Region,M010000US001,2021.0,LPG,0.0
15-County Region,M010000US001,2022.0,LPG,0.0
15-County Region,M010000US001,2023.0,LPG,0.0
15-County Region,M010000US001,2024.0,LPG,0.0
15-County Region,M010000US001,2025.0,LPG,0.0
Delaware,0500000US39041,1999,BD,0
Delaware,0500000US39041,2000,BD,0
Delaware,0500000US39041,2001,BD,0
Delaware,0500000US39041,2002,BD,0
Delaware,0500000US39041,2003,BD,0
Delaware,0500000US39041,2004,BD,0
Delaware,0500000US39041,2005,BD,0
Delaware,0500000US39041,2006,BD,0
Delaware,0500000US39041,2007,BD,0
Delaware,0500000US39041,2008.0,BD,0.0
Delaware,0500000US39041,2009,BD,0
Delaware,0500000US39041,2010,BD,0
Delaware,0500000US39041,2011.0,BD,0.0
Delaware,0500000US39041,2012,BD,0
Delaware,0500000US39041,2013.0,BD,0.0
Delaware,0500000US39041,2014,BD,0
Delaware,0500000US39041,2015,BD,0
Delaware,0500000US39041,2016.0,BD,0.0
Delaware,0500000US39041,2017.0,BD,0.0
Delaware,0500000US39041,2018.0,BD,0.0
Delaware,0500000US39041,2019.0,BD,0.0
Delaware,0500000US39041,2020.0,BD,0.0
Delaware,0500000US39041,2021.0,BD,0.0
Delaware,0500000US39041,2022.0,BD,0.0
Delaware,0500000US39041,2023.0,BD,0.0
Delaware,0500000US39041,2024.0,BD,0.0
Delaware,0500000US39041,2025.0,BD,0.0
Fairfield,0500000US39045,1999,BD,0
Fairfield,0500000US39045,2000,BD,0
Fairfield,0500000US39045,2001,BD,0
Fairfield,0500000US39045,2002,BD,0
Fairfield,0500000US39045,2003,BD,0
Fairfield,0500000US39045,2004,BD,0
Fairfield,0500000US39045,2005,BD,0
Fairfield,0500000US39045,2006,BD,0
Fairfield,0500000US39045,2007,BD,0
Fairfield,0500000US39045,2008.0,BD,0.0
Fairfield,0500000US39045,2009,BD,0
Fairfield,0500000US39045,2010,BD,0
Fairfield,0500000US39045,2011,BD,0
Fairfield,0500000US39045,2012.0,BD,0.0
Fairfield,0500000US39045,2013,BD,0
Fairfield,0500000US39045,2014.0,BD,0.0
Fairfield,0500000US39045,2015,BD,0
Fairfield,0500000US39045,2016.0,BD,0.0
Fairfield,0500000US39045,2017.0,BD,0.0
Fairfield,0500000US39045,2018,BD,0
Fairfield,0500000US39045,2019.0,BD,0.0
Fairfield,0500000US39045,2020,BD,0
Fairfield,0500000US39045,2021.0,BD,0.0
Fairfield,0500000US39045,2022.0,BD,0.0
Fairfield,0500000US39045,2023.0,BD,0.0
Fairfield,0500000US39045,2024.0,BD,0.0
Fairfield,0500000US39045,2025,BD,0
Fayette,0500000US39047,1999,BD,0
Fayette,0500000US39047,2000,BD,0
Fayette,0500000US39047,2001,BD,0
Fayette,0500000US39047,2002,BD,0
Fayette,0500000US39047,2003,BD,0
Fayette,0500000US39047,2004,BD,0
Fayette,0500000US39047,2005,BD,0
Fayette,0500000US39047,2006,BD,0
Fayette,0500000US39047,2007,BD,0
Fayette,0500000US39047,2008,BD,0
Fayette,0500000US39047,2009,BD,0
Fayette,0500000US39047,2010,BD,0
Fayette,0500000US39047,2011,BD,0
Fayette,0500000US39047,2012,BD,0
Fayette,0500000US39047,2013,BD,0
Fayette,0500000US39047,2014.0,BD,0.0
Fayette,0500000US39047,2015.0,BD,0.0
Fayette,0500000US39047,2016,BD,0
Fayette,0500000US39047,2017,BD,0
Fayette,0500000US39047,2018,BD,0
Fayette,0500000US39047,2019,BD,0
Fayette,0500000US39047,2020,BD,0
Fayette,0500000US39047,2021,BD,0
Fayette,0500000US39047,2022.0,BD,0.0
Fayette,0500000US39047,2023.0,BD,0.0
Fayette,0500000US39047,2024.0,BD,0.0
Fayette,0500000US39047,2025,BD,0
Franklin,0500000US39049,1999.0,BD,0.0
Franklin,0500000US39049,2000.0,BD,0.0
Franklin,0500000US39049,2001,BD,0
Franklin,0500000US39049,2002,BD,0
Franklin,0500000US39049,2003,BD,0
Franklin,0500000US39049,2004.0,BD,0.0
Franklin,0500000US39049,2005,BD,0
Franklin,0500000US39049,2006.0,BD,0.0
Franklin,0500000US39049,2007,BD,0
Franklin,0500000US39049,2008.0,BD,0.0
Franklin,0500000US39049,2009.0,BD,1.0
Franklin,0500000US39049,2010,BD,0
Franklin,0500000US39049,2011.0,BD,0.0
Franklin,0500000US39049,2012.0,BD,0.0
Franklin,0500000US39049,2013.0,BD,0.0
Franklin,0500000US39049,2014.0,BD,0.0
Franklin,0500000US39049,2015.0,BD,0.0
Franklin,0500000US39049,2016.0,BD,0.0
Franklin,0500000US39049,2017.0,BD,0.0
Franklin,0500000US39049,2018.0,BD,0.0
Franklin,0500000US39049,2019.0,BD,0.0
Franklin,0500000US39049,2020.0,BD,0.0
Franklin,0500000US39049,2021.0,BD,0.0
Franklin,0500000US39049,2022.0,BD,0.0
Franklin,0500000US39049,2023.0,BD,0.0
Franklin,0500000US39049,2024.0,BD,0.0
Franklin,0500000US39049,2025.0,BD,0.0
Hocking,0500000US39073,1999,BD,0
Hocking,0500000US39073,2000,BD,0
Hocking,0500000US39073,2001,BD,0
Hocking,0500000US39073,2002,BD,0
Hocking,0500000US39073,2003,BD,0
Hocking,0500000US39073,2004,BD,0
Hocking,0500000US39073,2005,BD,0
Hocking,0500000US39073,2006,BD,0
Hocking,0500000US39073,2007,BD,0
Hocking,0500000US39073,2008,BD,0
Hocking,0500000US39073,2009,BD,0
Hocking,0500000US39073,2010,BD,0
Hocking,0500000US39073,2011,BD,0
Hocking,0500000US39073,2012,BD,0
Hocking,0500000US39073,2013,BD,0
Hocking,0500000US39073,2014,BD,0
Hocking,0500000US39073,2015.0,BD,0.0
Hocking,0500000US39073,2016,BD,0
Hocking,0500000US39073,2017,BD,0
Hocking,0500000US39073,2018,BD,0
Hocking,0500000US39073,2019,BD,0
Hocking,0500000US39073,2020.0,BD,0.0
Hocking,0500000US39073,2021.0,BD,0.0
Hocking,0500000US39073,2022.0,BD,0.0
Hocking,0500000US39073,2023.0,BD,0.0
Hocking,0500000US39073,2024.0,BD,0.0
Hocking,0500000US39073,2025,BD,0
Knox,0500000US39083,1999,BD,0
Knox,0500000US39083,2000,BD,0
Knox,0500000US39083,2001,BD,0
Knox,0500000US39083,2002,BD,0
Knox,0500000US39083,2003,BD,0
Knox,0500000US39083,2004,BD,0
Knox,0500000US39083,2005,BD,0
Knox,0500000US39083,2006,BD,0
Knox,0500000US39083,2007,BD,0
Knox,0500000US39083,2008,BD,0
Knox,0500000US39083,2009,BD,0
Knox,0500000US39083,2010,BD,0
Knox,0500000US39083,2011,BD,0
Knox,0500000US39083,2012,BD,0
Knox,0500000US39083,2013,BD,0
Knox,0500000US39083,2014.0,BD,0.0
Knox,0500000US39083,2015.0,BD,0.0
Knox,0500000US39083,2016,BD,0
Knox,0500000US39083,2017.0,BD,0.0
Knox,0500000US39083,2018,BD,0
Knox,0500000US39083,2019,BD,0
Knox,0500000US39083,2020.0,BD,0.0
Knox,0500000US39083,2021.0,BD,0.0
Knox,0500000US39083,2022,BD,0
Knox,0500000US39083,2023.0,BD,0.0
Knox,0500000US39083,2024.0,BD,0.0
Knox,0500000US39083,2025,BD,0
Licking,0500000US39089,1999,BD,0
Licking,0500000US39089,2000.0,BD,0.0
Licking,0500000US39089,2001,BD,0
Licking,0500000US39089,2002,BD,0
Licking,0500000US39089,2003,BD,0
Licking,0500000US39089,2004,BD,0
Licking,0500000US39089,2005,BD,0
Licking,0500000US39089,2006,BD,0
Licking,0500000US39089,2007,BD,0
Licking,0500000US39089,2008,BD,0
Licking,0500000US39089,2009,BD,0
Licking,0500000US39089,2010,BD,0
Licking,0500000US39089,2011.0,BD,0.0
Licking,0500000US39089,2012,BD,0
Licking,0500000US39089,2013.0,BD,0.0
Licking,0500000US39089,2014,BD,0
Licking,0500000US39089,2015.0,BD,0.0
Licking,0500000US39089,2016,BD,0
Licking,0500000US39089,2017.0,BD,0.0
Licking,0500000US39089,2018,BD,0
Licking,0500000US39089,2019.0,BD,0.0
Licking,0500000US39089,2020.0,BD,0.0
Licking,0500000US39089,2021.0,BD,0.0
Licking,0500000US39089,2022.0,BD,0.0
Licking,0500000US39089,2023.0,BD,0.0
Licking,0500000US39089,2024.0,BD,0.0
Licking,0500000US39089,2025,BD,0
Logan,0500000US39091,1999,BD,0
Logan,0500000US39091,2000,BD,0
Logan,0500000US39091,2001,BD,0
Logan,0500000US39091,2002,BD,0
Logan,0500000US39091,2003,BD,0
Logan,0500000US39091,2004,BD,0
Logan,0500000US39091,2005,BD,0
Logan,0500000US39091,2006,BD,0
Logan,0500000US39091,2007,BD,0
Logan,0500000US39091,2008,BD,0
Logan,0500000US39091,2009,BD,0
Logan,0500000US39091,2010,BD,0
Logan,0500000US39091,2011,BD,0
Logan,0500000US39091,2012,BD,0
Logan,0500000US39091,2013,BD,0
Logan,0500000US39091,2014.0,BD,0.0
Logan,0500000US39091,2015,BD,0
Logan,0500000US39091,2016,BD,0
Logan,0500000US39091,2017,BD,0
Logan,0500000US39091,2018.0,BD,0.0
Logan,0500000US39091,2019.0,BD,0.0
Logan,0500000US39091,2020.0,BD,0.0
Logan,0500000US39091,2021.0,BD,0.0
Logan,0500000US39091,2022,BD,0
Logan,0500000US39091,2023.0,BD,0.0
Logan,0500000US39091,2024,BD,0
Logan,0500000US39091,2025,BD,0
Madison,0500000US39097,1999,BD,0
Madison,0500000US39097,2000,BD,0
Madison,0500000US39097,2001,BD,0
Madison,0500000US39097,2002,BD,0
Madison,0500000US39097,2003,BD,0
Madison,0500000US39097,2004,BD,0
Madison,0500000US39097,2005,BD,0
Madison,0500000US39097,2006,BD,0
Madison,0500000US39097,2007,BD,0
Madison,0500000US39097,2008,BD,0
Madison,0500000US39097,2009,BD,0
Madison,0500000US39097,2010,BD,0
Madison,0500000US39097,2011,BD,0
Madison,0500000US39097,2012,BD,0
Madison,0500000US39097,2013,BD,0
Madison,0500000US39097,2014,BD,0
Madison,0500000US39097,2015,BD,0
Madison,0500000US39097,2016.0,BD,0.0
Madison,0500000US39097,2017,BD,0
Madison,0500000US39097,2018,BD,0
Madison,0500000US39097,2019.0,BD,0.0
Madison,0500000US39097,2020,BD,0
Madison,0500000US39097,2021.0,BD,0.0
Madison,0500000US39097,2022.0,BD,0.0
Madison,0500000US39097,2023.0,BD,0.0
Madison,0500000US39097,2024.0,BD,0.0
Madison,0500000US39097,2025,BD,0
Marion,0500000US39101,1999,BD,0
Marion,0500000US39101,2000,BD,0
Marion,0500000US39101,2001,BD,0
Marion,0500000US39101,2002,BD,0
Marion,0500000US39101,2003,BD,0
Marion,0500000US39101,2004,BD,0
Marion,0500000US39101,2005,BD,0
Marion,0500000US39101,2006,BD,0
Marion,0500000US39101,2007.0,BD,0.0
Marion,0500000US39101,2008,BD,0
Marion,0500000US39101,2009,BD,0
Marion,0500000US39101,2010,BD,0
Marion,0500000US39101,2011.0,BD,0.0
Marion,0500000US39101,2012,BD,0
Marion,0500000US39101,2013,BD,0
Marion,0500000US39101,2014,BD,0
Marion,0500000US39101,2015,BD,0
Marion,0500000US39101,2016,BD,0
Marion,0500000US39101,2017,BD,0
Marion,0500000US39101,2018,BD,0
Marion,0500000US39101,2019.0,BD,0.0
Marion,0500000US39101,2020.0,BD,0.0
Marion,0500000US39101,2021.0,BD,0.0
Marion,0500000US39101,2022.0,BD,0.0
Marion,0500000US39101,2023.0,BD,0.0
Marion,0500000US39101,2024.0,BD,0.0
Marion,0500000US39101,2025,BD,0
Morrow,0500000US39117,1999,BD,0
Morrow,0500000US39117,2000,BD,0
Morrow,0500000US39117,2001,BD,0
Morrow,0500000US39117,2002,BD,0
Morrow,0500000US39117,2003,BD,0
Morrow,0500000US39117,2004,BD,0
Morrow,0500000US39117,2005,BD,0
Morrow,0500000US39117,2006,BD,0
Morrow,0500000US39117,2007,BD,0
Morrow,0500000US39117,2008,BD,0
Morrow,0500000US39117,2009,BD,0
Morrow,0500000US39117,2010,BD,0
Morrow,0500000US39117,2011,BD,0
Morrow,0500000US39117,2012,BD,0
Morrow,0500000US39117,2013,BD,0
Morrow,0500000US39117,2014,BD,0
Morrow,0500000US39117,2015.0,BD,0.0
Morrow,0500000US39117,2016.0,BD,0.0
Morrow,0500000US39117,2017,BD,0
Morrow,0500000US39117,2018,BD,0
Morrow,0500000US39117,2019,BD,0
Morrow,0500000US39117,2020,BD,0
Morrow,0500000US39117,2021,BD,0
Morrow,0500000US39117,2022,BD,0
Morrow,0500000US39117,2023,BD,0
Morrow,0500000US39117,2024.0,BD,0.0
Morrow,0500000US39117,2025,BD,0
Perry,0500000US39127,1999,BD,0
Perry,0500000US39127,2000,BD,0
Perry,0500000US39127,2001,BD,0
Perry,0500000US39127,2002,BD,0
Perry,0500000US39127,2003,BD,0
Perry,0500000US39127,2004,BD,0
Perry,0500000US39127,2005,BD,0
Perry,0500000US39127,2006,BD,0
Perry,0500000US39127,2007,BD,0
Perry,0500000US39127,2008,BD,0
Perry,0500000US39127,2009,BD,0
Perry,0500000US39127,2010,BD,0
Perry,0500000US39127,2011,BD,0
Perry,0500000US39127,2012,BD,0
Perry,0500000US39127,2013,BD,0
Perry,0500000US39127,2014,BD,0
Perry,0500000US39127,2015,BD,0
Perry,0500000US39127,2016,BD,0
Perry,0500000US39127,2017,BD,0
Perry,0500000US39127,2018,BD,0
Perry,0500000US39127,2019.0,BD,0.0
Perry,0500000US39127,2020,BD,0
Perry,0500000US39127,2021,BD,0
Perry,0500000US39127,2022,BD,0
Perry,0500000US39127,2023,BD,0
Perry,0500000US39127,2024,BD,0
Perry,0500000US39127,2025,BD,0
Pickaway,0500000US39129,1999,BD,0
Pickaway,0500000US39129,2000,BD,0
Pickaway,0500000US39129,2001,BD,0
Pickaway,0500000US39129,2002,BD,0
Pickaway,0500000US39129,2003,BD,0
Pickaway,0500000US39129,2004,BD,0
Pickaway,0500000US39129,2005,BD,0
Pickaway,0500000US39129,2006,BD,0
Pickaway,0500000US39129,2007,BD,0
Pickaway,0500000US39129,2008,BD,0
Pickaway,0500000US39129,2009,BD,0
Pickaway,0500000US39129,2010,BD,0
Pickaway,0500000US39129,2011,BD,0
Pickaway,0500000US39129,2012,BD,0
Pickaway,0500000US39129,2013,BD,0
Pickaway,0500000US39129,2014,BD,0
Pickaway,0500000US39129,2015,BD,0
Pickaway,0500000US39129,2016,BD,0
Pickaway,0500000US39129,2017,BD,0
Pickaway,0500000US39129,2018,BD,0
Pickaway,0500000US39129,2019,BD,0
Pickaway,0500000US39129,2020,BD,0
Pickaway,0500000US39129,2021,BD,0
Pickaway,0500000US39129,2022.0,BD,0.0
Pickaway,0500000US39129,2023.0,BD,0.0
Pickaway,0500000US39129,2024.0,BD,0.0
Pickaway,0500000US39129,2025,BD,0
Ross,0500000US39141,1999,BD,0
Ross,0500000US39141,2000,BD,0
Ross,0500000US39141,2001,BD,0
Ross,0500000US39141,2002,BD,0
Ross,0500000US39141,2003,BD,0
Ross,0500000US39141,2004,BD,0
Ross,0500000US39141,2005,BD,0
Ross,0500000US39141,2006,BD,0
Ross,0500000US39141,2007,BD,0
Ross,0500000US39141,2008,BD,0
Ross,0500000US39141,2009.0,BD,0.0
Ross,0500000US39141,2010,BD,0
Ross,0500000US39141,2011,BD,0
Ross,0500000US39141,2012,BD,0
Ross,0500000US39141,2013,BD,0
Ross,0500000US39141,2014,BD,0
Ross,0500000US39141,2015.0,BD,0.0
Ross,0500000US39141,2016.0,BD,0.0
Ross,0500000US39141,2017,BD,0
Ross,0500000US39141,2018,BD,0
Ross,0500000US39141,2019.0,BD,0.0
Ross,0500000US39141,2020.0,BD,0.0
Ross,0500000US39141,2021.0,BD,0.0
Ross,0500000US39141,2022.0,BD,0.0
Ross,0500000US39141,2023,BD,0
Ross,0500000US39141,2024.0,BD,0.0
Ross,0500000US39141,2025,BD,0
Union,0500000US39159,1999,BD,0
Union,0500000US39159,2000,BD,0
Union,0500000US39159,2001,BD,0
Union,0500000US39159,2002,BD,0
Union,0500000US39159,2003,BD,0
Union,0500000US39159,2004,BD,0
Union,0500000US39159,2005,BD,0
Union,0500000US39159,2006,BD,0
Union,0500000US39159,2007,BD,0
Union,0500000US39159,2008,BD,0
Union,0500000US39159,2009,BD,0
Union,0500000US39159,2010,BD,0
Union,0500000US39159,2011,BD,0
Union,0500000US39159,2012,BD,0
Union,0500000US39159,2013,BD,0
Union,0500000US39159,2014,BD,0
Union,0500000US39159,2015.0,BD,0.0
Union,0500000US39159,2016,BD,0
Union,0500000US39159,2017,BD,0
Union,0500000US39159,2018.0,BD,0.0
Union,0500000US39159,2019,BD,0
Union,0500000US39159,2020.0,BD,0.0
Union,0500000US39159,2021.0,BD,0.0
Union,0500000US39159,2022.0,BD,0.0
Union,0500000US39159,2023.0,BD,0.0
Union,0500000US39159,2024.0,BD,0.0
Union,0500000US39159,2025.0,BD,0.0
Delaware,0500000US39041,1999,CNG,0
Delaware,0500000US39041,2000,CNG,0
Delaware,0500000US39041,2001,CNG,0
Delaware,0500000US39041,2002,CNG,0
Delaware,0500000US39041,2003,CNG,0
Delaware,0500000US39041,2004,CNG,0
Delaware,0500000US39041,2005,CNG,0
Delaware,0500000US39041,2006,CNG,0
Delaware,0500000US39041,2007,CNG,0
Delaware,0500000US39041,2008.0,CNG,0.0
Delaware,0500000US39041,2009,CNG,0
Delaware,0500000US39041,2010,CNG,0
Delaware,0500000US39041,2011.0,CNG,0.0
Delaware,0500000US39041,2012,CNG,0
Delaware,0500000US39041,2013.0,CNG,0.0
Delaware,0500000US39041,2014,CNG,0
Delaware,0500000US39041,2015,CNG,0
Delaware,0500000US39041,2016.0,CNG,0.0
Delaware,0500000US39041,2017.0,CNG,0.0
Delaware,0500000US39041,2018.0,CNG,0.0
Delaware,0500000US39041,2019.0,CNG,0.0
Delaware,0500000US39041,2020.0,CNG,0.0
Delaware,0500000US39041,2021.0,CNG,0.0
Delaware,0500000US39041,2022.0,CNG,0.0
Delaware,0500000US39041,2023.0,CNG,0.0
Delaware,0500000US39041,2024.0,CNG,0.0
Delaware,0500000US39041,2025.0,CNG,0.0
Fairfield,0500000US39045,1999,CNG,0
Fairfield,0500000US39045,2000,CNG,0
Fairfield,0500000US39045,2001,CNG,0
Fairfield,0500000US39045,2002,CNG,0
Fairfield,0500000US39045,2003,CNG,0
Fairfield,0500000US39045,2004,CNG,0
Fairfield,0500000US39045,2005,CNG,0
Fairfield,0500000US39045,2006,CNG,0
Fairfield,0500000US39045,2007,CNG,0
Fairfield,0500000US39045,2008.0,CNG,0.0
Fairfield,0500000US39045,2009,CNG,0
Fairfield,0500000US39045,2010,CNG,0
Fairfield,0500000US39045,2011,CNG,0
Fairfield,0500000US39045,2012.0,CNG,0.0
Fairfield,0500000US39045,2013,CNG,0
Fairfield,0500000US39045,2014.0,CNG,0.0
Fairfield,0500000US39045,2015,CNG,0
Fairfield,0500000US39045,2016.0,CNG,0.0
Fairfield,0500000US39045,2017.0,CNG,0.0
Fairfield,0500000US39045,2018,CNG,0
Fairfield,0500000US39045,2019.0,CNG,0.0
Fairfield,0500000US39045,2020,CNG,0
Fairfield,0500000US39045,2021.0,CNG,0.0
Fairfield,0500000US39045,2022.0,CNG,0.0
Fairfield,0500000US39045,2023.0,CNG,0.0
Fairfield,0500000US39045,2024.0,CNG,0.0
Fairfield,0500000US39045,2025,CNG,0
Fayette,0500000US39047,1999,CNG,0
Fayette,0500000US39047,2000,CNG,0
Fayette,0500000US39047,2001,CNG,0
Fayette,0500000US39047,2002,CNG,0
Fayette,0500000US39047,2003,CNG,0
Fayette,0500000US39047,2004,CNG,0
Fayette,0500000US39047,2005,CNG,0
Fayette,0500000US39047,2006,CNG,0
Fayette,0500000US39047,2007,CNG,0
Fayette,0500000US39047,2008,CNG,0
Fayette,0500000US39047,2009,CNG,0
Fayette,0500000US39047,2010,CNG,0
Fayette,0500000US39047,2011,CNG,0
Fayette,0500000US39047,2012,CNG,0
Fayette,0500000US39047,2013,CNG,0
Fayette,0500000US39047,2014.0,CNG,0.0
Fayette,0500000US39047,2015.0,CNG,0.0
Fayette,0500000US39047,2016,CNG,0
Fayette,0500000US39047,2017,CNG,0
Fayette,0500000US39047,2018,CNG,0
Fayette,0500000US39047,2019,CNG,0
Fayette,0500000US39047,2020,CNG,0
Fayette,0500000US39047,2021,CNG,0
Fayette,0500000US39047,2022.0,CNG,0.0
Fayette,0500000US39047,2023.0,CNG,0.0
Fayette,0500000US39047,2024.0,CNG,0.0
Fayette,0500000US39047,2025,CNG,0
Franklin,0500000US39049,1999.0,CNG,0.0
Franklin,0500000US39049,2000.0,CNG,0.0
Franklin,0500000US39049,2001,CNG,0
Franklin,0500000US39049,2002,CNG,0
Franklin,0500000US39049,2003,CNG,0
Franklin,0500000US39049,2004.0,CNG,0.0
Franklin,0500000US39049,2005,CNG,0
Franklin,0500000US39049,2006.0,CNG,0.0
Franklin,0500000US39049,2007,CNG,0
Franklin,0500000US39049,2008.0,CNG,0.0
Franklin,0500000US39049,2009.0,CNG,0.0
Franklin,0500000US39049,2010,CNG,0
Franklin,0500000US39049,2011.0,CNG,0.0
Franklin,0500000US39049,2012.0,CNG,3.0
Franklin,0500000US39049,2013.0,CNG,0.0
Franklin,0500000US39049,2014.0,CNG,1.0
Franklin,0500000US39049,2015.0,CNG,1.0
Franklin,0500000US39049,2016.0,CNG,0.0
Franklin,0500000US39049,2017.0,CNG,0.0
Franklin,0500000US39049,2018.0,CNG,1.0
Franklin,0500000US39049,2019.0,CNG,0.0
Franklin,0500000US39049,2020.0,CNG,0.0
Franklin,0500000US39049,2021.0,CNG,0.0
Franklin,0500000US39049,2022.0,CNG,1.0
Franklin,0500000US39049,2023.0,CNG,0.0
Franklin,0500000US39049,2024.0,CNG,0.0
Franklin,0500000US39049,2025.0,CNG,0.0
Hocking,0500000US39073,1999,CNG,0
Hocking,0500000US39073,2000,CNG,0
Hocking,0500000US39073,2001,CNG,0
Hocking,0500000US39073,2002,CNG,0
Hocking,0500000US39073,2003,CNG,0
Hocking,0500000US39073,2004,CNG,0
Hocking,0500000US39073,2005,CNG,0
Hocking,0500000US39073,2006,CNG,0
Hocking,0500000US39073,2007,CNG,0
Hocking,0500000US39073,2008,CNG,0
Hocking,0500000US39073,2009,CNG,0
Hocking,0500000US39073,2010,CNG,0
Hocking,0500000US39073,2011,CNG,0
Hocking,0500000US39073,2012,CNG,0
Hocking,0500000US39073,2013,CNG,0
Hocking,0500000US39073,2014,CNG,0
Hocking,0500000US39073,2015.0,CNG,0.0
Hocking,0500000US39073,2016,CNG,0
Hocking,0500000US39073,2017,CNG,0
Hocking,0500000US39073,2018,CNG,0
Hocking,0500000US39073,2019,CNG,0
Hocking,0500000US39073,2020.0,CNG,0.0
Hocking,0500000US39073,2021.0,CNG,0.0
Hocking,0500000US39073,2022.0,CNG,0.0
Hocking,0500000US39073,2023.0,CNG,0.0
Hocking,0500000US39073,2024.0,CNG,0.0
Hocking,0500000US39073,2025,CNG,0
Knox,0500000US39083,1999,CNG,0
Knox,0500000US39083,2000,CNG,0
Knox,0500000US39083,2001,CNG,0
Knox,0500000US39083,2002,CNG,0
Knox,0500000US39083,2003,CNG,0
Knox,0500000US39083,2004,CNG,0
Knox,0500000US39083,2005,CNG,0
Knox,0500000US39083,2006,CNG,0
Knox,0500000US39083,2007,CNG,0
Knox,0500000US39083,2008,CNG,0
Knox,0500000US39083,2009,CNG,0
Knox,0500000US39083,2010,CNG,0
Knox,0500000US39083,2011,CNG,0
Knox,0500000US39083,2012,CNG,0
Knox,0500000US39083,2013,CNG,0
Knox,0500000US39083,2014.0,CNG,1.0
Knox,0500000US39083,2015.0,CNG,0.0
Knox,0500000US39083,2016,CNG,0
Knox,0500000US39083,2017.0,CNG,0.0
Knox,0500000US39083,2018,CNG,0
Knox,0500000US39083,2019,CNG,0
Knox,0500000US39083,2020.0,CNG,0.0
Knox,0500000US39083,2021.0,CNG,0.0
Knox,0500000US39083,2022,CNG,0
Knox,0500000US39083,2023.0,CNG,0.0
Knox,0500000US39083,2024.0,CNG,0.0
Knox,0500000US39083,2025,CNG,0
Licking,0500000US39089,1999,CNG,0
Licking,0500000US39089,2000.0,CNG,0.0
Licking,0500000US39089,2001,CNG,0
Licking,0500000US39089,2002,CNG,0
Licking,0500000US39089,2003,CNG,0
Licking,0500000US39089,2004,CNG,0
Licking,0500000US39089,2005,CNG,0
Licking,0500000US39089,2006,CNG,0
Licking,0500000US39089,2007,CNG,0
Licking,0500000US39089,2008,CNG,0
Licking,0500000US39089,2009,CNG,0
Licking,0500000US39089,2010,CNG,0
Licking,0500000US39089,2011.0,CNG,0.0
Licking,0500000US39089,2012,CNG,0
Licking,0500000US39089,2013.0,CNG,0.0
Licking,0500000US39089,2014,CNG,0
Licking,0500000US39089,2015.0,CNG,0.0
Licking,0500000US39089,2016,CNG,0
Licking,0500000US39089,2017.0,CNG,0.0
Licking,0500000US39089,2018,CNG,0
Licking,0500000US39089,2019.0,CNG,0.0
Licking,0500000US39089,2020.0,CNG,0.0
Licking,0500000US39089,2021.0,CNG,0.0
Licking,0500000US39089,2022.0,CNG,0.0
Licking,0500000US39089,2023.0,CNG,0.0
Licking,0500000US39089,2024.0,CNG,0.0
Licking,0500000US39089,2025,CNG,0
Logan,0500000US39091,1999,CNG,0
Logan,0500000US39091,2000,CNG,0
Logan,0500000US39091,2001,CNG,0
Logan,0500000US39091,2002,CNG,0
Logan,0500000US39091,2003,CNG,0
Logan,0500000US39091,2004,CNG,0
Logan,0500000US39091,2005,CNG,0
Logan,0500000US39091,2006,CNG,0
Logan,0500000US39091,2007,CNG,0
Logan,0500000US39091,2008,CNG,0
Logan,0500000US39091,2009,CNG,0
Logan,0500000US39091,2010,CNG,0
Logan,0500000US39091,2011,CNG,0
Logan,0500000US39091,2012,CNG,0
Logan,0500000US39091,2013,CNG,0
Logan,0500000US39091,2014.0,CNG,0.0
Logan,0500000US39091,2015,CNG,0
Logan,0500000US39091,2016,CNG,0
Logan,0500000US39091,2017,CNG,0
Logan,0500000US39091,2018.0,CNG,0.0
Logan,0500000US39091,2019.0,CNG,0.0
Logan,0500000US39091,2020.0,CNG,0.0
Logan,0500000US39091,2021.0,CNG,0.0
Logan,0500000US39091,2022,CNG,0
Logan,0500000US39091,2023.0,CNG,0.0
Logan,0500000US39091,2024,CNG,0
Logan,0500000US39091,2025,CNG,0
Madison,0500000US39097,1999,CNG,0
Madison,0500000US39097,2000,CNG,0
Madison,0500000US39097,2001,CNG,0
Madison,0500000US39097,2002,CNG,0
Madison,0500000US39097,2003,CNG,0
Madison,0500000US39097,2004,CNG,0
Madison,0500000US39097,2005,CNG,0
Madison,0500000US39097,2006,CNG,0
Madison,0500000US39097,2007,CNG,0
Madison,0500000US39097,2008,CNG,0
Madison,0500000US39097,2009,CNG,0
Madison,0500000US39097,2010,CNG,0
Madison,0500000US39097,2011,CNG,0
Madison,0500000US39097,2012,CNG,0
Madison,0500000US39097,2013,CNG,0
Madison,0500000US39097,2014,CNG,0
Madison,0500000US39097,2015,CNG,0
Madison,0500000US39097,2016.0,CNG,0.0
Madison,0500000US39097,2017,CNG,0
Madison,0500000US39097,2018,CNG,0
Madison,0500000US39097,2019.0,CNG,0.0
Madison,0500000US39097,2020,CNG,0
Madison,0500000US39097,2021.0,CNG,0.0
Madison,0500000US39097,2022.0,CNG,0.0
Madison,0500000US39097,2023.0,CNG,0.0
Madison,0500000US39097,2024.0,CNG,0.0
Madison,0500000US39097,2025,CNG,0
Marion,0500000US39101,1999,CNG,0
Marion,0500000US39101,2000,CNG,0
Marion,0500000US39101,2001,CNG,0
Marion,0500000US39101,2002,CNG,0
Marion,0500000US39101,2003,CNG,0
Marion,0500000US39101,2004,CNG,0
Marion,0500000US39101,2005,CNG,0
Marion,0500000US39101,2006,CNG,0
Marion,0500000US39101,2007.0,CNG,0.0
Marion,0500000US39101,2008,CNG,0
Marion,0500000US39101,2009,CNG,0
Marion,0500000US39101,2010,CNG,0
Marion,0500000US39101,2011.0,CNG,0.0
Marion,0500000US39101,2012,CNG,0
Marion,0500000US39101,2013,CNG,0
Marion,0500000US39101,2014,CNG,0
Marion,0500000US39101,2015,CNG,0
Marion,0500000US39101,2016,CNG,0
Marion,0500000US39101,2017,CNG,0
Marion,0500000US39101,2018,CNG,0
Marion,0500000US39101,2019.0,CNG,0.0
Marion,0500000US39101,2020.0,CNG,0.0
Marion,0500000US39101,2021.0,CNG,0.0
Marion,0500000US39101,2022.0,CNG,0.0
Marion,0500000US39101,2023.0,CNG,0.0
Marion,0500000US39101,2024.0,CNG,0.0
Marion,0500000US39101,2025,CNG,0
Morrow,0500000US39117,1999,CNG,0
Morrow,0500000US39117,2000,CNG,0
Morrow,0500000US39117,2001,CNG,0
Morrow,0500000US39117,2002,CNG,0
Morrow,0500000US39117,2003,CNG,0
Morrow,0500000US39117,2004,CNG,0
Morrow,0500000US39117,2005,CNG,0
Morrow,0500000US39117,2006,CNG,0
Morrow,0500000US39117,2007,CNG,0
Morrow,0500000US39117,2008,CNG,0
Morrow,0500000US39117,2009,CNG,0
Morrow,0500000US39117,2010,CNG,0
Morrow,0500000US39117,2011,CNG,0
Morrow,0500000US39117,2012,CNG,0
Morrow,0500000US39117,2013,CNG,0
Morrow,0500000US39117,2014,CNG,0
Morrow,0500000US39117,2015.0,CNG,1.0
Morrow,0500000US39117,2016.0,CNG,0.0
Morrow,0500000US39117,2017,CNG,0
Morrow,0500000US39117,2018,CNG,0
Morrow,0500000US39117,2019,CNG,0
Morrow,0500000US39117,2020,CNG,0
Morrow,0500000US39117,2021,CNG,0
Morrow,0500000US39117,2022,CNG,0
Morrow,0500000US39117,2023,CNG,0
Morrow,0500000US39117,2024.0,CNG,0.0
Morrow,0500000US39117,2025,CNG,0
Perry,0500000US39127,1999,CNG,0
Perry,0500000US39127,2000,CNG,0
Perry,0500000US39127,2001,CNG,0
Perry,0500000US39127,2002,CNG,0
Perry,0500000US39127,2003,CNG,0
Perry,0500000US39127,2004,CNG,0
Perry,0500000US39127,2005,CNG,0
Perry,0500000US39127,2006,CNG,0
Perry,0500000US39127,2007,CNG,0
Perry,0500000US39127,2008,CNG,0
Perry,0500000US39127,2009,CNG,0
Perry,0500000US39127,2010,CNG,0
Perry,0500000US39127,2011,CNG,0
Perry,0500000US39127,2012,CNG,0
Perry,0500000US39127,2013,CNG,0
Perry,0500000US39127,2014,CNG,0
Perry,0500000US39127,2015,CNG,0
Perry,0500000US39127,2016,CNG,0
Perry,0500000US39127,2017,CNG,0
Perry,0500000US39127,2018,CNG,0
Perry,0500000US39127,2019.0,CNG,0.0
Perry,0500000US39127,2020,CNG,0
Perry,0500000US39127,2021,CNG,0
Perry,0500000US39127,2022,CNG,0
Perry,0500000US39127,2023,CNG,0
Perry,0500000US39127,2024,CNG,0
Perry,0500000US39127,2025,CNG,0
Pickaway,0500000US39129,1999,CNG,0
Pickaway,0500000US39129,2000,CNG,0
Pickaway,0500000US39129,2001,CNG,0
Pickaway,0500000US39129,2002,CNG,0
Pickaway,0500000US39129,2003,CNG,0
Pickaway,0500000US39129,2004,CNG,0
Pickaway,0500000US39129,2005,CNG,0
Pickaway,0500000US39129,2006,CNG,0
Pickaway,0500000US39129,2007,CNG,0
Pickaway,0500000US39129,2008,CNG,0
Pickaway,0500000US39129,2009,CNG,0
Pickaway,0500000US39129,2010,CNG,0
Pickaway,0500000US39129,2011,CNG,0
Pickaway,0500000US39129,2012,CNG,0
Pickaway,0500000US39129,2013,CNG,0
Pickaway,0500000US39129,2014,CNG,0
Pickaway,0500000US39129,2015,CNG,0
Pickaway,0500000US39129,2016,CNG,0
Pickaway,0500000US39129,2017,CNG,0
Pickaway,0500000US39129,2018,CNG,0
Pickaway,0500000US39129,2019,CNG,0
Pickaway,0500000US39129,2020,CNG,0
Pickaway,0500000US39129,2021,CNG,0
Pickaway,0500000US39129,2022.0,CNG,0.0
Pickaway,0500000US39129,2023.0,CNG,0.0
Pickaway,0500000US39129,2024.0,CNG,0.0
Pickaway,0500000US39129,2025,CNG,0
Ross,0500000US39141,1999,CNG,0
Ross,0500000US39141,2000,CNG,0
Ross,0500000US39141,2001,CNG,0
Ross,0500000US39141,2002,CNG,0
Ross,0500000US39141,2003,CNG,0
Ross,0500000US39141,2004,CNG,0
Ross,0500000US39141,2005,CNG,0
Ross,0500000US39141,2006,CNG,0
Ross,0500000US39141,2007,CNG,0
Ross,0500000US39141,2008,CNG,0
Ross,0500000US39141,2009.0,CNG,0.0
Ross,0500000US39141,2010,CNG,0
Ross,0500000US39141,2011,CNG,0
Ross,0500000US39141,2012,CNG,0
Ross,0500000US39141,2013,CNG,0
Ross,0500000US39141,2014,CNG,0
Ross,0500000US39141,2015.0,CNG,0.0
Ross,0500000US39141,2016.0,CNG,0.0
Ross,0500000US39141,2017,CNG,0
Ross,0500000US39141,2018,CNG,0
Ross,0500000US39141,2019.0,CNG,0.0
Ross,0500000US39141,2020.0,CNG,0.0
Ross,0500000US39141,2021.0,CNG,0.0
Ross,0500000US39141,2022.0,CNG,0.0
Ross,0500000US39141,2023,CNG,0
Ross,0500000US39141,2024.0,CNG,0.0
Ross,0500000US39141,2025,CNG,0
Union,0500000US39159,1999,CNG,0
Union,0500000US39159,2000,CNG,0
Union,0500000US39159,2001,CNG,0
Union,0500000US39159,2002,CNG,0
Union,0500000US39159,2003,CNG,0
Union,0500000US39159,2004,CNG,0
Union,0500000US39159,2005,CNG,0
Union,0500000US39159,2006,CNG,0
Union,0500000US39159,2007,CNG,0
Union,0500000US39159,2008,CNG,0
Union,0500000US39159,2009,CNG,0
Union,0500000US39159,2010,CNG,0
Union,0500000US39159,2011,CNG,0
Union,0500000US39159,2012,CNG,0
Union,0500000US39159,2013,CNG,0
Union,0500000US39159,2014,CNG,0
Union,0500000US39159,2015.0,CNG,1.0
Union,0500000US39159,2016,CNG,0
Union,0500000US39159,2017,CNG,0
Union,0500000US39159,2018.0,CNG,0.0
Union,0500000US39159,2019,CNG,0
Union,0500000US39159,2020.0,CNG,0.0
Union,0500000US39159,2021.0,CNG,0.0
Union,0500000US39159,2022.0,CNG,0.0
Union,0500000US39159,2023.0,CNG,0.0
Union,0500000US39159,2024.0,CNG,0.0
Union,0500000US39159,2025.0,CNG,0.0
Delaware,0500000US39041,1999,E85,0
Delaware,0500000US39041,2000,E85,0
Delaware,0500000US39041,2001,E85,0
Delaware,0500000US39041,2002,E85,0
Delaware,0500000US39041,2003,E85,0
Delaware,0500000US39041,2004,E85,0
Delaware,0500000US39041,2005,E85,0
Delaware,0500000US39041,2006,E85,0
Delaware,0500000US39041,2007,E85,0
Delaware,0500000US39041,2008.0,E85,1.0
Delaware,0500000US39041,2009,E85,0
Delaware,0500000US39041,2010,E85,0
Delaware,0500000US39041,2011.0,E85,1.0
Delaware,0500000US39041,2012,E85,0
Delaware,0500000US39041,2013.0,E85,1.0
Delaware,0500000US39041,2014,E85,0
Delaware,0500000US39041,2015,E85,0
Delaware,0500000US39041,2016.0,E85,0.0
Delaware,0500000US39041,2017.0,E85,1.0
Delaware,0500000US39041,2018.0,E85,0.0
Delaware,0500000US39041,2019.0,E85,0.0
Delaware,0500000US39041,2020.0,E85,0.0
Delaware,0500000US39041,2021.0,E85,1.0
Delaware,0500000US39041,2022.0,E85,0.0
Delaware,0500000US39041,2023.0,E85,0.0
Delaware,0500000US39041,2024.0,E85,0.0
Delaware,0500000US39041,2025.0,E85,0.0
Fairfield,0500000US39045,1999,E85,0
Fairfield,0500000US39045,2000,E85,0
Fairfield,0500000US39045,2001,E85,0
Fairfield,0500000US39045,2002,E85,0
Fairfield,0500000US39045,2003,E85,0
Fairfield,0500000US39045,2004,E85,0
Fairfield,0500000US39045,2005,E85,0
Fairfield,0500000US39045,2006,E85,0
Fairfield,0500000US39045,2007,E85,0
Fairfield,0500000US39045,2008.0,E85,1.0
Fairfield,0500000US39045,2009,E85,0
Fairfield,0500000US39045,2010,E85,0
Fairfield,0500000US39045,2011,E85,0
Fairfield,0500000US39045,2012.0,E85,0.0
Fairfield,0500000US39045,2013,E85,0
Fairfield,0500000US39045,2014.0,E85,1.0
Fairfield,0500000US39045,2015,E85,0
Fairfield,0500000US39045,2016.0,E85,0.0
Fairfield,0500000US39045,2017.0,E85,0.0
Fairfield,0500000US39045,2018,E85,0
Fairfield,0500000US39045,2019.0,E85,0.0
Fairfield,0500000US39045,2020,E85,0
Fairfield,0500000US39045,2021.0,E85,0.0
Fairfield,0500000US39045,2022.0,E85,0.0
Fairfield,0500000US39045,2023.0,E85,0.0
Fairfield,0500000US39045,2024.0,E85,0.0
Fairfield,0500000US39045,2025,E85,0
Fayette,0500000US39047,1999,E85,0
Fayette,0500000US39047,2000,E85,0
Fayette,0500000US39047,2001,E85,0
Fayette,0500000US39047,2002,E85,0
Fayette,0500000US39047,2003,E85,0
Fayette,0500000US39047,2004,E85,0
Fayette,0500000US39047,2005,E85,0
Fayette,0500000US39047,2006,E85,0
Fayette,0500000US39047,2007,E85,0
Fayette,0500000US39047,2008,E85,0
Fayette,0500000US39047,2009,E85,0
Fayette,0500000US39047,2010,E85,0
Fayette,0500000US39047,2011,E85,0
Fayette,0500000US39047,2012,E85,0
Fayette,0500000US39047,2013,E85,0
Fayette,0500000US39047,2014.0,E85,1.0
Fayette,0500000US39047,2015.0,E85,0.0
Fayette,0500000US39047,2016,E85,0
Fayette,0500000US39047,2017,E85,0
Fayette,0500000US39047,2018,E85,0
Fayette,0500000US39047,2019,E85,0
Fayette,0500000US39047,2020,E85,0
Fayette,0500000US39047,2021,E85,0
Fayette,0500000US39047,2022.0,E85,0.0
Fayette,0500000US39047,2023.0,E85,0.0
Fayette,0500000US39047,2024.0,E85,0.0
Fayette,0500000US39047,2025,E85,0
Franklin,0500000US39049,1999.0,E85,0.0
Franklin,0500000US39049,2000.0,E85,0.0
Franklin,0500000US39049,2001,E85,0
Franklin,0500000US39049,2002,E85,0
Franklin,0500000US39049,2003,E85,0
Franklin,0500000US39049,2004.0,E85,0.0
Franklin,0500000US39049,2005,E85,0
Franklin,0500000US39049,2006.0,E85,1.0
Franklin,0500000US39049,2007,E85,0
Franklin,0500000US39049,2008.0,E85,2.0
Franklin,0500000US39049,2009.0,E85,0.0
Franklin,0500000US39049,2010,E85,0
Franklin,0500000US39049,2011.0,E85,5.0
Franklin,0500000US39049,2012.0,E85,0.0
Franklin,0500000US39049,2013.0,E85,2.0
Franklin,0500000US39049,2014.0,E85,3.0
Franklin,0500000US39049,2015.0,E85,0.0
Franklin,0500000US39049,2016.0,E85,1.0
Franklin,0500000US39049,2017.0,E85,0.0
Franklin,0500000US39049,2018.0,E85,0.0
Franklin,0500000US39049,2019.0,E85,0.0
Franklin,0500000US39049,2020.0,E85,0.0
Franklin,0500000US39049,2021.0,E85,0.0
Franklin,0500000US39049,2022.0,E85,9.0
Franklin,0500000US39049,2023.0,E85,1.0
Franklin,0500000US39049,2024.0,E85,0.0
Franklin,0500000US39049,2025.0,E85,0.0
Hocking,0500000US39073,1999,E85,0
Hocking,0500000US39073,2000,E85,0
Hocking,0500000US39073,2001,E85,0
Hocking,0500000US39073,2002,E85,0
Hocking,0500000US39073,2003,E85,0
Hocking,0500000US39073,2004,E85,0
Hocking,0500000US39073,2005,E85,0
Hocking,0500000US39073,2006,E85,0
Hocking,0500000US39073,2007,E85,0
Hocking,0500000US39073,2008,E85,0
Hocking,0500000US39073,2009,E85,0
Hocking,0500000US39073,2010,E85,0
Hocking,0500000US39073,2011,E85,0
Hocking,0500000US39073,2012,E85,0
Hocking,0500000US39073,2013,E85,0
Hocking,0500000US39073,2014,E85,0
Hocking,0500000US39073,2015.0,E85,0.0
Hocking,0500000US39073,2016,E85,0
Hocking,0500000US39073,2017,E85,0
Hocking,0500000US39073,2018,E85,0
Hocking,0500000US39073,2019,E85,0
Hocking,0500000US39073,2020.0,E85,0.0
Hocking,0500000US39073,2021.0,E85,0.0
Hocking,0500000US39073,2022.0,E85,0.0
Hocking,0500000US39073,2023.0,E85,0.0
Hocking,0500000US39073,2024.0,E85,0.0
Hocking,0500000US39073,2025,E85,0
Knox,0500000US39083,1999,E85,0
Knox,0500000US39083,2000,E85,0
Knox,0500000US39083,2001,E85,0
Knox,0500000US39083,2002,E85,0
Knox,0500000US39083,2003,E85,0
Knox,0500000US39083,2004,E85,0
Knox,0500000US39083,2005,E85,0
Knox,0500000US39083,2006,E85,0
Knox,0500000US39083,2007,E85,0
Knox,0500000US39083,2008,E85,0
Knox,0500000US39083,2009,E85,0
Knox,0500000US39083,2010,E85,0
Knox,0500000US39083,2011,E85,0
Knox,0500000US39083,2012,E85,0
Knox,0500000US39083,2013,E85,0
Knox,0500000US39083,2014.0,E85,0.0
Knox,0500000US39083,2015.0,E85,0.0
Knox,0500000US39083,2016,E85,0
Knox,0500000US39083,2017.0,E85,0.0
Knox,0500000US39083,2018,E85,0
Knox,0500000US39083,2019,E85,0
Knox,0500000US39083,2020.0,E85,0.0
Knox,0500000US39083,2021.0,E85,0.0
Knox,0500000US39083,2022,E85,0
Knox,0500000US39083,2023.0,E85,0.0
Knox,0500000US39083,2024.0,E85,0.0
Knox,0500000US39083,2025,E85,0
Licking,0500000US39089,1999,E85,0
Licking,0500000US39089,2000.0,E85,0.0
Licking,0500000US39089,2001,E85,0
Licking,0500000US39089,2002,E85,0
Licking,0500000US39089,2003,E85,0
Licking,0500000US39089,2004,E85,0
Licking,0500000US39089,2005,E85,0
Licking,0500000US39089,2006,E85,0
Licking,0500000US39089,2007,E85,0
Licking,0500000US39089,2008,E85,0
Licking,0500000US39089,2009,E85,0
Licking,0500000US39089,2010,E85,0
Licking,0500000US39089,2011.0,E85,1.0
Licking,0500000US39089,2012,E85,0
Licking,0500000US39089,2013.0,E85,0.0
Licking,0500000US39089,2014,E85,0
Licking,0500000US39089,2015.0,E85,1.0
Licking,0500000US39089,2016,E85,0
Licking,0500000US39089,2017.0,E85,0.0
Licking,0500000US39089,2018,E85,0
Licking,0500000US39089,2019.0,E85,0.0
Licking,0500000US39089,2020.0,E85,0.0
Licking,0500000US39089,2021.0,E85,0.0
Licking,0500000US39089,2022.0,E85,1.0
Licking,0500000US39089,2023.0,E85,0.0
Licking,0500000US39089,2024.0,E85,0.0
Licking,0500000US39089,2025,E85,0
Logan,0500000US39091,1999,E85,0
Logan,0500000US39091,2000,E85,0
Logan,0500000US39091,2001,E85,0
Logan,0500000US39091,2002,E85,0
Logan,0500000US39091,2003,E85,0
Logan,0500000US39091,2004,E85,0
Logan,0500000US39091,2005,E85,0
Logan,0500000US39091,2006,E85,0
Logan,0500000US39091,2007,E85,0
Logan,0500000US39091,2008,E85,0
Logan,0500000US39091,2009,E85,0
Logan,0500000US39091,2010,E85,0
Logan,0500000US39091,2011,E85,0
Logan,0500000US39091,2012,E85,0
Logan,0500000US39091,2013,E85,0
Logan,0500000US39091,2014.0,E85,1.0
Logan,0500000US39091,2015,E85,0
Logan,0500000US39091,2016,E85,0
Logan,0500000US39091,2017,E85,0
Logan,0500000US39091,2018.0,E85,0.0
Logan,0500000US39091,2019.0,E85,0.0
Logan,0500000US39091,2020.0,E85,1.0
Logan,0500000US39091,2021.0,E85,0.0
Logan,0500000US39091,2022,E85,0
Logan,0500000US39091,2023.0,E85,0.0
Logan,0500000US39091,2024,E85,0
Logan,0500000US39091,2025,E85,0
Madison,0500000US39097,1999,E85,0
Madison,0500000US39097,2000,E85,0
Madison,0500000US39097,2001,E85,0
Madison,0500000US39097,2002,E85,0
Madison,0500000US39097,2003,E85,0
Madison,0500000US39097,2004,E85,0
Madison,0500000US39097,2005,E85,0
Madison,0500000US39097,2006,E85,0
Madison,0500000US39097,2007,E85,0
Madison,0500000US39097,2008,E85,0
Madison,0500000US39097,2009,E85,0
Madison,0500000US39097,2010,E85,0
Madison,0500000US39097,2011,E85,0
Madison,0500000US39097,2012,E85,0
Madison,0500000US39097,2013,E85,0
Madison,0500000US39097,2014,E85,0
Madison,0500000US39097,2015,E85,0
Madison,0500000US39097,2016.0,E85,0.0
Madison,0500000US39097,2017,E85,0
Madison,0500000US39097,2018,E85,0
Madison,0500000US39097,2019.0,E85,0.0
Madison,0500000US39097,2020,E85,0
Madison,0500000US39097,2021.0,E85,1.0
Madison,0500000US39097,2022.0,E85,0.0
Madison,0500000US39097,2023.0,E85,0.0
Madison,0500000US39097,2024.0,E85,0.0
Madison,0500000US39097,2025,E85,0
Marion,0500000US39101,1999,E85,0
Marion,0500000US39101,2000,E85,0
Marion,0500000US39101,2001,E85,0
Marion,0500000US39101,2002,E85,0
Marion,0500000US39101,2003,E85,0
Marion,0500000US39101,2004,E85,0
Marion,0500000US39101,2005,E85,0
Marion,0500000US39101,2006,E85,0
Marion,0500000US39101,2007.0,E85,1.0
Marion,0500000US39101,2008,E85,0
Marion,0500000US39101,2009,E85,0
Marion,0500000US39101,2010,E85,0
Marion,0500000US39101,2011.0,E85,1.0
Marion,0500000US39101,2012,E85,0
Marion,0500000US39101,2013,E85,0
Marion,0500000US39101,2014,E85,0
Marion,0500000US39101,2015,E85,0
Marion,0500000US39101,2016,E85,0
Marion,0500000US39101,2017,E85,0
Marion,0500000US39101,2018,E85,0
Marion,0500000US39101,2019.0,E85,0.0
Marion,0500000US39101,2020.0,E85,0.0
Marion,0500000US39101,2021.0,E85,0.0
Marion,0500000US39101,2022.0,E85,0.0
Marion,0500000US39101,2023.0,E85,0.0
Marion,0500000US39101,2024.0,E85,0.0
Marion,0500000US39101,2025,E85,0
Morrow,0500000US39117,1999,E85,0
Morrow,0500000US39117,2000,E85,0
Morrow,0500000US39117,2001,E85,0
Morrow,0500000US39117,2002,E85,0
Morrow,0500000US39117,2003,E85,0
Morrow,0500000US39117,2004,E85,0
Morrow,0500000US39117,2005,E85,0
Morrow,0500000US39117,2006,E85,0
Morrow,0500000US39117,2007,E85,0
Morrow,0500000US39117,2008,E85,0
Morrow,0500000US39117,2009,E85,0
Morrow,0500000US39117,2010,E85,0
Morrow,0500000US39117,2011,E85,0
Morrow,0500000US39117,2012,E85,0
Morrow,0500000US39117,2013,E85,0
Morrow,0500000US39117,2014,E85,0
Morrow,0500000US39117,2015.0,E85,0.0
Morrow,0500000US39117,2016.0,E85,0.0
Morrow,0500000US39117,2017,E85,0
Morrow,0500000US39117,2018,E85,0
Morrow,0500000US39117,2019,E85,0
Morrow,0500000US39117,2020,E85,0
Morrow,0500000US39117,2021,E85,0
Morrow,0500000US39117,2022,E85,0
Morrow,0500000US39117,2023,E85,0
Morrow,0500000US39117,2024.0,E85,0.0
Morrow,0500000US39117,2025,E85,0
Perry,0500000US39127,1999,E85,0
Perry,0500000US39127,2000,E85,0
Perry,0500000US39127,2001,E85,0
Perry,0500000US39127,2002,E85,0
Perry,0500000US39127,2003,E85,0
Perry,0500000US39127,2004,E85,0
Perry,0500000US39127,2005,E85,0
Perry,0500000US39127,2006,E85,0
Perry,0500000US39127,2007,E85,0
Perry,0500000US39127,2008,E85,0
Perry,0500000US39127,2009,E85,0
Perry,0500000US39127,2010,E85,0
Perry,0500000US39127,2011,E85,0
Perry,0500000US39127,2012,E85,0
Perry,0500000US39127,2013,E85,0
Perry,0500000US39127,2014,E85,0
Perry,0500000US39127,2015,E85,0
Perry,0500000US39127,2016,E85,0
Perry,0500000US39127,2017,E85,0
Perry,0500000US39127,2018,E85,0
Perry,0500000US39127,2019.0,E85,0.0
Perry,0500000US39127,2020,E85,0
Perry,0500000US39127,2021,E85,0
Perry,0500000US39127,2022,E85,0
Perry,0500000US39127,2023,E85,0
Perry,0500000US39127,2024,E85,0
Perry,0500000US39127,2025,E85,0
Pickaway,0500000US39129,1999,E85,0
Pickaway,0500000US39129,2000,E85,0
Pickaway,0500000US39129,2001,E85,0
Pickaway,0500000US39129,2002,E85,0
Pickaway,0500000US39129,2003,E85,0
Pickaway,0500000US39129,2004,E85,0
Pickaway,0500000US39129,2005,E85,0
Pickaway,0500000US39129,2006,E85,0
Pickaway,0500000US39129,2007,E85,0
Pickaway,0500000US39129,2008,E85,0
Pickaway,0500000US39129,2009,E85,0
Pickaway,0500000US39129,2010,E85,0
Pickaway,0500000US39129,2011,E85,0
Pickaway,0500000US39129,2012,E85,0
Pickaway,0500000US39129,2013,E85,0
Pickaway,0500000US39129,2014,E85,0
Pickaway,0500000US39129,2015,E85,0
Pickaway,0500000US39129,2016,E85,0
Pickaway,0500000US39129,2017,E85,0
Pickaway,0500000US39129,2018,E85,0
Pickaway,0500000US39129,2019,E85,0
Pickaway,0500000US39129,2020,E85,0
Pickaway,0500000US39129,2021,E85,0
Pickaway,0500000US39129,2022.0,E85,1.0
Pickaway,0500000US39129,2023.0,E85,0.0
Pickaway,0500000US39129,2024.0,E85,0.0
Pickaway,0500000US39129,2025,E85,0
Ross,0500000US39141,1999,E85,0
Ross,0500000US39141,2000,E85,0
Ross,0500000US39141,2001,E85,0
Ross,0500000US39141,2002,E85,0
Ross,0500000US39141,2003,E85,0
Ross,0500000US39141,2004,E85,0
Ross,0500000US39141,2005,E85,0
Ross,0500000US39141,2006,E85,0
Ross,0500000US39141,2007,E85,0
Ross,0500000US39141,2008,E85,0
Ross,0500000US39141,2009.0,E85,1.0
Ross,0500000US39141,2010,E85,0
Ross,0500000US39141,2011,E85,0
Ross,0500000US39141,2012,E85,0
Ross,0500000US39141,2013,E85,0
Ross,0500000US39141,2014,E85,0
Ross,0500000US39141,2015.0,E85,1.0
Ross,0500000US39141,2016.0,E85,1.0
Ross,0500000US39141,2017,E85,0
Ross,0500000US39141,2018,E85,0
Ross,0500000US39141,2019.0,E85,0.0
Ross,0500000US39141,2020.0,E85,0.0
Ross,0500000US39141,2021.0,E85,0.0
Ross,0500000US39141,2022.0,E85,0.0
Ross,0500000US39141,2023,E85,0
Ross,0500000US39141,2024.0,E85,0.0
Ross,0500000US39141,2025,E85,0
Union,0500000US39159,1999,E85,0
Union,0500000US39159,2000,E85,0
Union,0500000US39159,2001,E85,0
Union,0500000US39159,2002,E85,0
Union,0500000US39159,2003,E85,0
Union,0500000US39159,2004,E85,0
Union,0500000US39159,2005,E85,0
Union,0500000US39159,2006,E85,0
Union,0500000US39159,2007,E85,0
Union,0500000US39159,2008,E85,0
Union,0500000US39159,2009,E85,0
Union,0500000US39159,2010,E85,0
Union,0500000US39159,2011,E85,0
Union,0500000US39159,2012,E85,0
Union,0500000US39159,2013,E85,0
Union,0500000US39159,2014,E85,0
Union,0500000US39159,2015.0,E85,0.0
Union,0500000US39159,2016,E85,0
Union,0500000US39159,2017,E85,0
Union,0500000US39159,2018.0,E85,0.0
Union,0500000US39159,2019,E85,0
Union,0500000US39159,2020.0,E85,0.0
Union,0500000US39159,2021.0,E85,0.0
Union,0500000US39159,2022.0,E85,0.0
Union,0500000US39159,2023.0,E85,0.0
Union,0500000US39159,2024.0,E85,0.0
Union,0500000US39159,2025.0,E85,0.0
Delaware,0500000US39041,1999,ELEC,0
Delaware,0500000US39041,2000,ELEC,0
Delaware,0500000US39041,2001,ELEC,0
Delaware,0500000US39041,2002,ELEC,0
Delaware,0500000US39041,2003,ELEC,0
Delaware,0500000US39041,2004,ELEC,0
Delaware,0500000US39041,2005,ELEC,0
Delaware,0500000US39041,2006,ELEC,0
Delaware,0500000US39041,2007,ELEC,0
Delaware,0500000US39041,2008.0,ELEC,0.0
Delaware,0500000US39041,2009,ELEC,0
Delaware,0500000US39041,2010,ELEC,0
Delaware,0500000US39041,2011.0,ELEC,0.0
Delaware,0500000US39041,2012,ELEC,0
Delaware,0500000US39041,2013.0,ELEC,0.0
Delaware,0500000US39041,2014,ELEC,0
Delaware,0500000US39041,2015,ELEC,0
Delaware,0500000US39041,2016.0,ELEC,1.0
Delaware,0500000US39041,2017.0,ELEC,4.0
Delaware,0500000US39041,2018.0,ELEC,1.0
Delaware,0500000US39041,2019.0,ELEC,6.0
Delaware,0500000US39041,2020.0,ELEC,3.0
Delaware,0500000US39041,2021.0,ELEC,15.0
Delaware,0500000US39041,2022.0,ELEC,11.0
Delaware,0500000US39041,2023.0,ELEC,8.0
Delaware,0500000US39041,2024.0,ELEC,9.0
Delaware,0500000US39041,2025.0,ELEC,2.0
Fairfield,0500000US39045,1999,ELEC,0
Fairfield,0500000US39045,2000,ELEC,0
Fairfield,0500000US39045,2001,ELEC,0
Fairfield,0500000US39045,2002,ELEC,0
Fairfield,0500000US39045,2003,ELEC,0
Fairfield,0500000US39045,2004,ELEC,0
Fairfield,0500000US39045,2005,ELEC,0
Fairfield,0500000US39045,2006,ELEC,0
Fairfield,0500000US39045,2007,ELEC,0
Fairfield,0500000US39045,2008.0,ELEC,0.0
Fairfield,0500000US39045,2009,ELEC,0
Fairfield,0500000US39045,2010,ELEC,0
Fairfield,0500000US39045,2011,ELEC,0
Fairfield,0500000US39045,2012.0,ELEC,0.0
Fairfield,0500000US39045,2013,ELEC,0
Fairfield,0500000US39045,2014.0,ELEC,0.0
Fairfield,0500000US39045,2015,ELEC,0
Fairfield,0500000US39045,2016.0,ELEC,1.0
Fairfield,0500000US39045,2017.0,ELEC,1.0
Fairfield,0500000US39045,2018,ELEC,0
Fairfield,0500000US39045,2019.0,ELEC,1.0
Fairfield,0500000US39045,2020,ELEC,0
Fairfield,0500000US39045,2021.0,ELEC,4.0
Fairfield,0500000US39045,2022.0,ELEC,5.0
Fairfield,0500000US39045,2023.0,ELEC,3.0
Fairfield,0500000US39045,2024.0,ELEC,7.0
Fairfield,0500000US39045,2025,ELEC,0
Fayette,0500000US39047,1999,ELEC,0
Fayette,0500000US39047,2000,ELEC,0
Fayette,0500000US39047,2001,ELEC,0
Fayette,0500000US39047,2002,ELEC,0
Fayette,0500000US39047,2003,ELEC,0
Fayette,0500000US39047,2004,ELEC,0
Fayette,0500000US39047,2005,ELEC,0
Fayette,0500000US39047,2006,ELEC,0
Fayette,0500000US39047,2007,ELEC,0
Fayette,0500000US39047,2008,ELEC,0
Fayette,0500000US39047,2009,ELEC,0
Fayette,0500000US39047,2010,ELEC,0
Fayette,0500000US39047,2011,ELEC,0
Fayette,0500000US39047,2012,ELEC,0
Fayette,0500000US39047,2013,ELEC,0
Fayette,0500000US39047,2014.0,ELEC,0.0
Fayette,0500000US39047,2015.0,ELEC,0.0
Fayette,0500000US39047,2016,ELEC,0
Fayette,0500000US39047,2017,ELEC,0
Fayette,0500000US39047,2018,ELEC,0
Fayette,0500000US39047,2019,ELEC,0
Fayette,0500000US39047,2020,ELEC,0
Fayette,0500000US39047,2021,ELEC,0
Fayette,0500000US39047,2022.0,ELEC,2.0
Fayette,0500000US39047,2023.0,ELEC,1.0
Fayette,0500000US39047,2024.0,ELEC,1.0
Fayette,0500000US39047,2025,ELEC,0
Franklin,0500000US39049,1999.0,ELEC,0.0
Franklin,0500000US39049,2000.0,ELEC,0.0
Franklin,0500000US39049,2001,ELEC,0
Franklin,0500000US39049,2002,ELEC,0
Franklin,0500000US39049,2003,ELEC,0
Franklin,0500000US39049,2004.0,ELEC,0.0
Franklin,0500000US39049,2005,ELEC,0
Franklin,0500000US39049,2006.0,ELEC,0.0
Franklin,0500000US39049,2007,ELEC,0
Franklin,0500000US39049,2008.0,ELEC,0.0
Franklin,0500000US39049,2009.0,ELEC,0.0
Franklin,0500000US39049,2010,ELEC,0
Franklin,0500000US39049,2011.0,ELEC,4.0
Franklin,0500000US39049,2012.0,ELEC,7.0
Franklin,0500000US39049,2013.0,ELEC,1.0
Franklin,0500000US39049,2014.0,ELEC,1.0
Franklin,0500000US39049,2015.0,ELEC,9.0
Franklin,0500000US39049,2016.0,ELEC,6.0
Franklin,0500000US39049,2017.0,ELEC,14.0
Franklin,0500000US39049,2018.0,ELEC,15.0
Franklin,0500000US39049,2019.0,ELEC,50.0
Franklin,0500000US39049,2020.0,ELEC,44.0
Franklin,0500000US39049,2021.0,ELEC,98.0
Franklin,0500000US39049,2022.0,ELEC,65.0
Franklin,0500000US39049,2023.0,ELEC,64.0
Franklin,0500000US39049,2024.0,ELEC,47.0
Franklin,0500000US39049,2025.0,ELEC,1.0
Hocking,0500000US39073,1999,ELEC,0
Hocking,0500000US39073,2000,ELEC,0
Hocking,0500000US39073,2001,ELEC,0
Hocking,0500000US39073,2002,ELEC,0
Hocking,0500000US39073,2003,ELEC,0
Hocking,0500000US39073,2004,ELEC,0
Hocking,0500000US39073,2005,ELEC,0
Hocking,0500000US39073,2006,ELEC,0
Hocking,0500000US39073,2007,ELEC,0
Hocking,0500000US39073,2008,ELEC,0
Hocking,0500000US39073,2009,ELEC,0
Hocking,0500000US39073,2010,ELEC,0
Hocking,0500000US39073,2011,ELEC,0
Hocking,0500000US39073,2012,ELEC,0
Hocking,0500000US39073,2013,ELEC,0
Hocking,0500000US39073,2014,ELEC,0
Hocking,0500000US39073,2015.0,ELEC,2.0
Hocking,0500000US39073,2016,ELEC,0
Hocking,0500000US39073,2017,ELEC,0
Hocking,0500000US39073,2018,ELEC,0
Hocking,0500000US39073,2019,ELEC,0
Hocking,0500000US39073,2020.0,ELEC,1.0
Hocking,0500000US39073,2021.0,ELEC,2.0
Hocking,0500000US39073,2022.0,ELEC,3.0
Hocking,0500000US39073,2023.0,ELEC,2.0
Hocking,0500000US39073,2024.0,ELEC,1.0
Hocking,0500000US39073,2025,ELEC,0
Knox,0500000US39083,1999,ELEC,0
Knox,0500000US39083,2000,ELEC,0
Knox,0500000US39083,2001,ELEC,0
Knox,0500000US39083,2002,ELEC,0
Knox,0500000US39083,2003,ELEC,0
Knox,0500000US39083,2004,ELEC,0
Knox,0500000US39083,2005,ELEC,0
Knox,0500000US39083,2006,ELEC,0
Knox,0500000US39083,2007,ELEC,0
Knox,0500000US39083,2008,ELEC,0
Knox,0500000US39083,2009,ELEC,0
Knox,0500000US39083,2010,ELEC,0
Knox,0500000US39083,2011,ELEC,0
Knox,0500000US39083,2012,ELEC,0
Knox,0500000US39083,2013,ELEC,0
Knox,0500000US39083,2014.0,ELEC,0.0
Knox,0500000US39083,2015.0,ELEC,1.0
Knox,0500000US39083,2016,ELEC,0
Knox,0500000US39083,2017.0,ELEC,1.0
Knox,0500000US39083,2018,ELEC,0
Knox,0500000US39083,2019,ELEC,0
Knox,0500000US39083,2020.0,ELEC,2.0
Knox,0500000US39083,2021.0,ELEC,3.0
Knox,0500000US39083,2022,ELEC,0
Knox,0500000US39083,2023.0,ELEC,3.0
Knox,0500000US39083,2024.0,ELEC,1.0
Knox,0500000US39083,2025,ELEC,0
Licking,0500000US39089,1999,ELEC,0
Licking,0500000US39089,2000.0,ELEC,0.0
Licking,0500000US39089,2001,ELEC,0
Licking,0500000US39089,2002,ELEC,0
Licking,0500000US39089,2003,ELEC,0
Licking,0500000US39089,2004,ELEC,0
Licking,0500000US39089,2005,ELEC,0
Licking,0500000US39089,2006,ELEC,0
Licking,0500000US39089,2007,ELEC,0
Licking,0500000US39089,2008,ELEC,0
Licking,0500000US39089,2009,ELEC,0
Licking,0500000US39089,2010,ELEC,0
Licking,0500000US39089,2011.0,ELEC,0.0
Licking,0500000US39089,2012,ELEC,0
Licking,0500000US39089,2013.0,ELEC,0.0
Licking,0500000US39089,2014,ELEC,0
Licking,0500000US39089,2015.0,ELEC,0.0
Licking,0500000US39089,2016,ELEC,0
Licking,0500000US39089,2017.0,ELEC,1.0
Licking,0500000US39089,2018,ELEC,0
Licking,0500000US39089,2019.0,ELEC,3.0
Licking,0500000US39089,2020.0,ELEC,4.0
Licking,0500000US39089,2021.0,ELEC,4.0
Licking,0500000US39089,2022.0,ELEC,4.0
Licking,0500000US39089,2023.0,ELEC,11.0
Licking,0500000US39089,2024.0,ELEC,7.0
Licking,0500000US39089,2025,ELEC,0
Logan,0500000US39091,1999,ELEC,0
Logan,0500000US39091,2000,ELEC,0
Logan,0500000US39091,2001,ELEC,0
Logan,0500000US39091,2002,ELEC,0
Logan,0500000US39091,2003,ELEC,0
Logan,0500000US39091,2004,ELEC,0
Logan,0500000US39091,2005,ELEC,0
Logan,0500000US39091,2006,ELEC,0
Logan,0500000US39091,2007,ELEC,0
Logan,0500000US39091,2008,ELEC,0
Logan,0500000US39091,2009,ELEC,0
Logan,0500000US39091,2010,ELEC,0
Logan,0500000US39091,2011,ELEC,0
Logan,0500000US39091,2012,ELEC,0
Logan,0500000US39091,2013,ELEC,0
Logan,0500000US39091,2014.0,ELEC,1.0
Logan,0500000US39091,2015,ELEC,0
Logan,0500000US39091,2016,ELEC,0
Logan,0500000US39091,2017,ELEC,0
Logan,0500000US39091,2018.0,ELEC,1.0
Logan,0500000US39091,2019.0,ELEC,1.0
Logan,0500000US39091,2020.0,ELEC,0.0
Logan,0500000US39091,2021.0,ELEC,6.0
Logan,0500000US39091,2022,ELEC,0
Logan,0500000US39091,2023.0,ELEC,2.0
Logan,0500000US39091,2024,ELEC,0
Logan,0500000US39091,2025,ELEC,0
Madison,0500000US39097,1999,ELEC,0
Madison,0500000US39097,2000,ELEC,0
Madison,0500000US39097,2001,ELEC,0
Madison,0500000US39097,2002,ELEC,0
Madison,0500000US39097,2003,ELEC,0
Madison,0500000US39097,2004,ELEC,0
Madison,0500000US39097,2005,ELEC,0
Madison,0500000US39097,2006,ELEC,0
Madison,0500000US39097,2007,ELEC,0
Madison,0500000US39097,2008,ELEC,0
Madison,0500000US39097,2009,ELEC,0
Madison,0500000US39097,2010,ELEC,0
Madison,0500000US39097,2011,ELEC,0
Madison,0500000US39097,2012,ELEC,0
Madison,0500000US39097,2013,ELEC,0
Madison,0500000US39097,2014,ELEC,0
Madison,0500000US39097,2015,ELEC,0
Madison,0500000US39097,2016.0,ELEC,1.0
Madison,0500000US39097,2017,ELEC,0
Madison,0500000US39097,2018,ELEC,0
Madison,0500000US39097,2019.0,ELEC,1.0
Madison,0500000US39097,2020,ELEC,0
Madison,0500000US39097,2021.0,ELEC,1.0
Madison,0500000US39097,2022.0,ELEC,2.0
Madison,0500000US39097,2023.0,ELEC,3.0
Madison,0500000US39097,2024.0,ELEC,1.0
Madison,0500000US39097,2025,ELEC,0
Marion,0500000US39101,1999,ELEC,0
Marion,0500000US39101,2000,ELEC,0
Marion,0500000US39101,2001,ELEC,0
Marion,0500000US39101,2002,ELEC,0
Marion,0500000US39101,2003,ELEC,0
Marion,0500000US39101,2004,ELEC,0
Marion,0500000US39101,2005,ELEC,0
Marion,0500000US39101,2006,ELEC,0
Marion,0500000US39101,2007.0,ELEC,0.0
Marion,0500000US39101,2008,ELEC,0
Marion,0500000US39101,2009,ELEC,0
Marion,0500000US39101,2010,ELEC,0
Marion,0500000US39101,2011.0,ELEC,0.0
Marion,0500000US39101,2012,ELEC,0
Marion,0500000US39101,2013,ELEC,0
Marion,0500000US39101,2014,ELEC,0
Marion,0500000US39101,2015,ELEC,0
Marion,0500000US39101,2016,ELEC,0
Marion,0500000US39101,2017,ELEC,0
Marion,0500000US39101,2018,ELEC,0
Marion,0500000US39101,2019.0,ELEC,1.0
Marion,0500000US39101,2020.0,ELEC,1.0
Marion,0500000US39101,2021.0,ELEC,2.0
Marion,0500000US39101,2022.0,ELEC,1.0
Marion,0500000US39101,2023.0,ELEC,5.0
Marion,0500000US39101,2024.0,ELEC,3.0
Marion,0500000US39101,2025,ELEC,0
Morrow,0500000US39117,1999,ELEC,0
Morrow,0500000US39117,2000,ELEC,0
Morrow,0500000US39117,2001,ELEC,0
Morrow,0500000US39117,2002,ELEC,0
Morrow,0500000US39117,2003,ELEC,0
Morrow,0500000US39117,2004,ELEC,0
Morrow,0500000US39117,2005,ELEC,0
Morrow,0500000US39117,2006,ELEC,0
Morrow,0500000US39117,2007,ELEC,0
Morrow,0500000US39117,2008,ELEC,0
Morrow,0500000US39117,2009,ELEC,0
Morrow,0500000US39117,2010,ELEC,0
Morrow,0500000US39117,2011,ELEC,0
Morrow,0500000US39117,2012,ELEC,0
Morrow,0500000US39117,2013,ELEC,0
Morrow,0500000US39117,2014,ELEC,0
Morrow,0500000US39117,2015.0,ELEC,0.0
Morrow,0500000US39117,2016.0,ELEC,1.0
Morrow,0500000US39117,2017,ELEC,0
Morrow,0500000US39117,2018,ELEC,0
Morrow,0500000US39117,2019,ELEC,0
Morrow,0500000US39117,2020,ELEC,0
Morrow,0500000US39117,2021,ELEC,0
Morrow,0500000US39117,2022,ELEC,0
Morrow,0500000US39117,2023,ELEC,0
Morrow,0500000US39117,2024.0,ELEC,1.0
Morrow,0500000US39117,2025,ELEC,0
Perry,0500000US39127,1999,ELEC,0
Perry,0500000US39127,2000,ELEC,0
Perry,0500000US39127,2001,ELEC,0
Perry,0500000US39127,2002,ELEC,0
Perry,0500000US39127,2003,ELEC,0
Perry,0500000US39127,2004,ELEC,0
Perry,0500000US39127,2005,ELEC,0
Perry,0500000US39127,2006,ELEC,0
Perry,0500000US39127,2007,ELEC,0
Perry,0500000US39127,2008,ELEC,0
Perry,0500000US39127,2009,ELEC,0
Perry,0500000US39127,2010,ELEC,0
Perry,0500000US39127,2011,ELEC,0
Perry,0500000US39127,2012,ELEC,0
Perry,0500000US39127,2013,ELEC,0
Perry,0500000US39127,2014,ELEC,0
Perry,0500000US39127,2015,ELEC,0
Perry,0500000US39127,2016,ELEC,0
Perry,0500000US39127,2017,ELEC,0
Perry,0500000US39127,2018,ELEC,0
Perry,0500000US39127,2019.0,ELEC,1.0
Perry,0500000US39127,2020,ELEC,0
Perry,0500000US39127,2021,ELEC,0
Perry,0500000US39127,2022,ELEC,0
Perry,0500000US39127,2023,ELEC,0
Perry,0500000US39127,2024,ELEC,0
Perry,0500000US39127,2025,ELEC,0
Pickaway,0500000US39129,1999,ELEC,0
Pickaway,0500000US39129,2000,ELEC,0
Pickaway,0500000US39129,2001,ELEC,0
Pickaway,0500000US39129,2002,ELEC,0
Pickaway,0500000US39129,2003,ELEC,0
Pickaway,0500000US39129,2004,ELEC,0
Pickaway,0500000US39129,2005,ELEC,0
Pickaway,0500000US39129,2006,ELEC,0
Pickaway,0500000US39129,2007,ELEC,0
Pickaway,0500000US39129,2008,ELEC,0
Pickaway,0500000US39129,2009,ELEC,0
Pickaway,0500000US39129,2010,ELEC,0
Pickaway,0500000US39129,2011,ELEC,0
Pickaway,0500000US39129,2012,ELEC,0
Pickaway,0500000US39129,2013,ELEC,0
Pickaway,0500000US39129,2014,ELEC,0
Pickaway,0500000US39129,2015,ELEC,0
Pickaway,0500000US39129,2016,ELEC,0
Pickaway,0500000US39129,2017,ELEC,0
Pickaway,0500000US39129,2018,ELEC,0
Pickaway,0500000US39129,2019,ELEC,0
Pickaway,0500000US39129,2020,ELEC,0
Pickaway,0500000US39129,2021,ELEC,0
Pickaway,0500000US39129,2022.0,ELEC,2.0
Pickaway,0500000US39129,2023.0,ELEC,2.0
Pickaway,0500000US39129,2024.0,ELEC,1.0
Pickaway,0500000US39129,2025,ELEC,0
Ross,0500000US39141,1999,ELEC,0
Ross,0500000US39141,2000,ELEC,0
Ross,0500000US39141,2001,ELEC,0
Ross,0500000US39141,2002,ELEC,0
Ross,0500000US39141,2003,ELEC,0
Ross,0500000US39141,2004,ELEC,0
Ross,0500000US39141,2005,ELEC,0
Ross,0500000US39141,2006,ELEC,0
Ross,0500000US39141,2007,ELEC,0
Ross,0500000US39141,2008,ELEC,0
Ross,0500000US39141,2009.0,ELEC,0.0
Ross,0500000US39141,2010,ELEC,0
Ross,0500000US39141,2011,ELEC,0
Ross,0500000US39141,2012,ELEC,0
Ross,0500000US39141,2013,ELEC,0
Ross,0500000US39141,2014,ELEC,0
Ross,0500000US39141,2015.0,ELEC,0.0
Ross,0500000US39141,2016.0,ELEC,0.0
Ross,0500000US39141,2017,ELEC,0
Ross,0500000US39141,2018,ELEC,0
Ross,0500000US39141,2019.0,ELEC,1.0
Ross,0500000US39141,2020.0,ELEC,3.0
Ross,0500000US39141,2021.0,ELEC,1.0
Ross,0500000US39141,2022.0,ELEC,2.0
Ross,0500000US39141,2023,ELEC,0
Ross,0500000US39141,2024.0,ELEC,2.0
Ross,0500000US39141,2025,ELEC,0
Union,0500000US39159,1999,ELEC,0
Union,0500000US39159,2000,ELEC,0
Union,0500000US39159,2001,ELEC,0
Union,0500000US39159,2002,ELEC,0
Union,0500000US39159,2003,ELEC,0
Union,0500000US39159,2004,ELEC,0
Union,0500000US39159,2005,ELEC,0
Union,0500000US39159,2006,ELEC,0
Union,0500000US39159,2007,ELEC,0
Union,0500000US39159,2008,ELEC,0
Union,0500000US39159,2009,ELEC,0
Union,0500000US39159,2010,ELEC,0
Union,0500000US39159,2011,ELEC,0
Union,0500000US39159,2012,ELEC,0
Union,0500000US39159,2013,ELEC,0
Union,0500000US39159,2014,ELEC,0
Union,0500000US39159,2015.0,ELEC,0.0
Union,0500000US39159,2016,ELEC,0
Union,0500000US39159,2017,ELEC,0
Union,0500000US39159,2018.0,ELEC,2.0
Union,0500000US39159,2019,ELEC,0
Union,0500000US39159,2020.0,ELEC,2.0
Union,0500000US39159,2021.0,ELEC,5.0
Union,0500000US39159,2022.0,ELEC,3.0
Union,0500000US39159,2023.0,ELEC,4.0
Union,0500000US39159,2024.0,ELEC,15.0
Union,0500000US39159,2025.0,ELEC,2.0
Delaware,0500000US39041,1999,HY,0
Delaware,0500000US39041,2000,HY,0
Delaware,0500000US39041,2001,HY,0
Delaware,0500000US39041,2002,HY,0
Delaware,0500000US39041,2003,HY,0
Delaware,0500000US39041,2004,HY,0
Delaware,0500000US39041,2005,HY,0
Delaware,0500000US39041,2006,HY,0
Delaware,0500000US39041,2007,HY,0
Delaware,0500000US39041,2008.0,HY,0.0
Delaware,0500000US39041,2009,HY,0
Delaware,0500000US39041,2010,HY,0
Delaware,0500000US39041,2011.0,HY,0.0
Delaware,0500000US39041,2012,HY,0
Delaware,0500000US39041,2013.0,HY,0.0
Delaware,0500000US39041,2014,HY,0
Delaware,0500000US39041,2015,HY,0
Delaware,0500000US39041,2016.0,HY,0.0
Delaware,0500000US39041,2017.0,HY,0.0
Delaware,0500000US39041,2018.0,HY,0.0
Delaware,0500000US39041,2019.0,HY,0.0
Delaware,0500000US39041,2020.0,HY,0.0
Delaware,0500000US39041,2021.0,HY,0.0
Delaware,0500000US39041,2022.0,HY,0.0
Delaware,0500000US39041,2023.0,HY,0.0
Delaware,0500000US39041,2024.0,HY,0.0
Delaware,0500000US39041,2025.0,HY,0.0
Fairfield,0500000US39045,1999,HY,0
Fairfield,0500000US39045,2000,HY,0
Fairfield,0500000US39045,2001,HY,0
Fairfield,0500000US39045,2002,HY,0
Fairfield,0500000US39045,2003,HY,0
Fairfield,0500000US39045,2004,HY,0
Fairfield,0500000US39045,2005,HY,0
Fairfield,0500000US39045,2006,HY,0
Fairfield,0500000US39045,2007,HY,0
Fairfield,0500000US39045,2008.0,HY,0.0
Fairfield,0500000US39045,2009,HY,0
Fairfield,0500000US39045,2010,HY,0
Fairfield,0500000US39045,2011,HY,0
Fairfield,0500000US39045,2012.0,HY,0.0
Fairfield,0500000US39045,2013,HY,0
Fairfield,0500000US39045,2014.0,HY,0.0
Fairfield,0500000US39045,2015,HY,0
Fairfield,0500000US39045,2016.0,HY,0.0
Fairfield,0500000US39045,2017.0,HY,0.0
Fairfield,0500000US39045,2018,HY,0
Fairfield,0500000US39045,2019.0,HY,0.0
Fairfield,0500000US39045,2020,HY,0
Fairfield,0500000US39045,2021.0,HY,0.0
Fairfield,0500000US39045,2022.0,HY,0.0
Fairfield,0500000US39045,2023.0,HY,0.0
Fairfield,0500000US39045,2024.0,HY,0.0
Fairfield,0500000US39045,2025,HY,0
Fayette,0500000US39047,1999,HY,0
Fayette,0500000US39047,2000,HY,0
Fayette,0500000US39047,2001,HY,0
Fayette,0500000US39047,2002,HY,0
Fayette,0500000US39047,2003,HY,0
Fayette,0500000US39047,2004,HY,0
Fayette,0500000US39047,2005,HY,0
Fayette,0500000US39047,2006,HY,0
Fayette,0500000US39047,2007,HY,0
Fayette,0500000US39047,2008,HY,0
Fayette,0500000US39047,2009,HY,0
Fayette,0500000US39047,2010,HY,0
Fayette,0500000US39047,2011,HY,0
Fayette,0500000US39047,2012,HY,0
Fayette,0500000US39047,2013,HY,0
Fayette,0500000US39047,2014.0,HY,0.0
Fayette,0500000US39047,2015.0,HY,0.0
Fayette,0500000US39047,2016,HY,0
Fayette,0500000US39047,2017,HY,0
Fayette,0500000US39047,2018,HY,0
Fayette,0500000US39047,2019,HY,0
Fayette,0500000US39047,2020,HY,0
Fayette,0500000US39047,2021,HY,0
Fayette,0500000US39047,2022.0,HY,0.0
Fayette,0500000US39047,2023.0,HY,0.0
Fayette,0500000US39047,2024.0,HY,0.0
Fayette,0500000US39047,2025,HY,0
Franklin,0500000US39049,1999.0,HY,0.0
Franklin,0500000US39049,2000.0,HY,0.0
Franklin,0500000US39049,2001,HY,0
Franklin,0500000US39049,2002,HY,0
Franklin,0500000US39049,2003,HY,0
Franklin,0500000US39049,2004.0,HY,0.0
Franklin,0500000US39049,2005,HY,0
Franklin,0500000US39049,2006.0,HY,0.0
Franklin,0500000US39049,2007,HY,0
Franklin,0500000US39049,2008.0,HY,0.0
Franklin,0500000US39049,2009.0,HY,0.0
Franklin,0500000US39049,2010,HY,0
Franklin,0500000US39049,2011.0,HY,0.0
Franklin,0500000US39049,2012.0,HY,0.0
Franklin,0500000US39049,2013.0,HY,0.0
Franklin,0500000US39049,2014.0,HY,0.0
Franklin,0500000US39049,2015.0,HY,0.0
Franklin,0500000US39049,2016.0,HY,0.0
Franklin,0500000US39049,2017.0,HY,0.0
Franklin,0500000US39049,2018.0,HY,0.0
Franklin,0500000US39049,2019.0,HY,0.0
Franklin,0500000US39049,2020.0,HY,0.0
Franklin,0500000US39049,2021.0,HY,1.0
Franklin,0500000US39049,2022.0,HY,0.0
Franklin,0500000US39049,2023.0,HY,0.0
Franklin,0500000US39049,2024.0,HY,0.0
Franklin,0500000US39049,2025.0,HY,0.0
Hocking,0500000US39073,1999,HY,0
Hocking,0500000US39073,2000,HY,0
Hocking,0500000US39073,2001,HY,0
Hocking,0500000US39073,2002,HY,0
Hocking,0500000US39073,2003,HY,0
Hocking,0500000US39073,2004,HY,0
Hocking,0500000US39073,2005,HY,0
Hocking,0500000US39073,2006,HY,0
Hocking,0500000US39073,2007,HY,0
Hocking,0500000US39073,2008,HY,0
Hocking,0500000US39073,2009,HY,0
Hocking,0500000US39073,2010,HY,0
Hocking,0500000US39073,2011,HY,0
Hocking,0500000US39073,2012,HY,0
Hocking,0500000US39073,2013,HY,0
Hocking,0500000US39073,2014,HY,0
Hocking,0500000US39073,2015.0,HY,0.0
Hocking,0500000US39073,2016,HY,0
Hocking,0500000US39073,2017,HY,0
Hocking,0500000US39073,2018,HY,0
Hocking,0500000US39073,2019,HY,0
Hocking,0500000US39073,2020.0,HY,0.0
Hocking,0500000US39073,2021.0,HY,0.0
Hocking,0500000US39073,2022.0,HY,0.0
Hocking,0500000US39073,2023.0,HY,0.0
Hocking,0500000US39073,2024.0,HY,0.0
Hocking,0500000US39073,2025,HY,0
Knox,0500000US39083,1999,HY,0
Knox,0500000US39083,2000,HY,0
Knox,0500000US39083,2001,HY,0
Knox,0500000US39083,2002,HY,0
Knox,0500000US39083,2003,HY,0
Knox,0500000US39083,2004,HY,0
Knox,0500000US39083,2005,HY,0
Knox,0500000US39083,2006,HY,0
Knox,0500000US39083,2007,HY,0
Knox,0500000US39083,2008,HY,0
Knox,0500000US39083,2009,HY,0
Knox,0500000US39083,2010,HY,0
Knox,0500000US39083,2011,HY,0
Knox,0500000US39083,2012,HY,0
Knox,0500000US39083,2013,HY,0
Knox,0500000US39083,2014.0,HY,0.0
Knox,0500000US39083,2015.0,HY,0.0
Knox,0500000US39083,2016,HY,0
Knox,0500000US39083,2017.0,HY,0.0
Knox,0500000US39083,2018,HY,0
Knox,0500000US39083,2019,HY,0
Knox,0500000US39083,2020.0,HY,0.0
Knox,0500000US39083,2021.0,HY,0.0
Knox,0500000US39083,2022,HY,0
Knox,0500000US39083,2023.0,HY,0.0
Knox,0500000US39083,2024.0,HY,0.0
Knox,0500000US39083,2025,HY,0
Licking,0500000US39089,1999,HY,0
Licking,0500000US39089,2000.0,HY,0.0
Licking,0500000US39089,2001,HY,0
Licking,0500000US39089,2002,HY,0
Licking,0500000US39089,2003,HY,0
Licking,0500000US39089,2004,HY,0
Licking,0500000US39089,2005,HY,0
Licking,0500000US39089,2006,HY,0
Licking,0500000US39089,2007,HY,0
Licking,0500000US39089,2008,HY,0
Licking,0500000US39089,2009,HY,0
Licking,0500000US39089,2010,HY,0
Licking,0500000US39089,2011.0,HY,0.0
Licking,0500000US39089,2012,HY,0
Licking,0500000US39089,2013.0,HY,0.0
Licking,0500000US39089,2014,HY,0
Licking,0500000US39089,2015.0,HY,0.0
Licking,0500000US39089,2016,HY,0
Licking,0500000US39089,2017.0,HY,0.0
Licking,0500000US39089,2018,HY,0
Licking,0500000US39089,2019.0,HY,0.0
Licking,0500000US39089,2020.0,HY,0.0
Licking,0500000US39089,2021.0,HY,0.0
Licking,0500000US39089,2022.0,HY,0.0
Licking,0500000US39089,2023.0,HY,0.0
Licking,0500000US39089,2024.0,HY,0.0
Licking,0500000US39089,2025,HY,0
Logan,0500000US39091,1999,HY,0
Logan,0500000US39091,2000,HY,0
Logan,0500000US39091,2001,HY,0
Logan,0500000US39091,2002,HY,0
Logan,0500000US39091,2003,HY,0
Logan,0500000US39091,2004,HY,0
Logan,0500000US39091,2005,HY,0
Logan,0500000US39091,2006,HY,0
Logan,0500000US39091,2007,HY,0
Logan,0500000US39091,2008,HY,0
Logan,0500000US39091,2009,HY,0
Logan,0500000US39091,2010,HY,0
Logan,0500000US39091,2011,HY,0
Logan,0500000US39091,2012,HY,0
Logan,0500000US39091,2013,HY,0
Logan,0500000US39091,2014.0,HY,0.0
Logan,0500000US39091,2015,HY,0
Logan,0500000US39091,2016,HY,0
Logan,0500000US39091,2017,HY,0
Logan,0500000US39091,2018.0,HY,0.0
Logan,0500000US39091,2019.0,HY,0.0
Logan,0500000US39091,2020.0,HY,0.0
Logan,0500000US39091,2021.0,HY,0.0
Logan,0500000US39091,2022,HY,0
Logan,0500000US39091,2023.0,HY,0.0
Logan,0500000US39091,2024,HY,0
Logan,0500000US39091,2025,HY,0
Madison,0500000US39097,1999,HY,0
Madison,0500000US39097,2000,HY,0
Madison,0500000US39097,2001,HY,0
Madison,0500000US39097,2002,HY,0
Madison,0500000US39097,2003,HY,0
Madison,0500000US39097,2004,HY,0
Madison,0500000US39097,2005,HY,0
Madison,0500000US39097,2006,HY,0
Madison,0500000US39097,2007,HY,0
Madison,0500000US39097,2008,HY,0
Madison,0500000US39097,2009,HY,0
Madison,0500000US39097,2010,HY,0
Madison,0500000US39097,2011,HY,0
Madison,0500000US39097,2012,HY,0
Madison,0500000US39097,2013,HY,0
Madison,0500000US39097,2014,HY,0
Madison,0500000US39097,2015,HY,0
Madison,0500000US39097,2016.0,HY,0.0
Madison,0500000US39097,2017,HY,0
Madison,0500000US39097,2018,HY,0
Madison,0500000US39097,2019.0,HY,0.0
Madison,0500000US39097,2020,HY,0
Madison,0500000US39097,2021.0,HY,0.0
Madison,0500000US39097,2022.0,HY,0.0
Madison,0500000US39097,2023.0,HY,0.0
Madison,0500000US39097,2024.0,HY,0.0
Madison,0500000US39097,2025,HY,0
Marion,0500000US39101,1999,HY,0
Marion,0500000US39101,2000,HY,0
Marion,0500000US39101,2001,HY,0
Marion,0500000US39101,2002,HY,0
Marion,0500000US39101,2003,HY,0
Marion,0500000US39101,2004,HY,0
Marion,0500000US39101,2005,HY,0
Marion,0500000US39101,2006,HY,0
Marion,0500000US39101,2007.0,HY,0.0
Marion,0500000US39101,2008,HY,0
Marion,0500000US39101,2009,HY,0
Marion,0500000US39101,2010,HY,0
Marion,0500000US39101,2011.0,HY,0.0
Marion,0500000US39101,2012,HY,0
Marion,0500000US39101,2013,HY,0
Marion,0500000US39101,2014,HY,0
Marion,0500000US39101,2015,HY,0
Marion,0500000US39101,2016,HY,0
Marion,0500000US39101,2017,HY,0
Marion,0500000US39101,2018,HY,0
Marion,0500000US39101,2019.0,HY,0.0
Marion,0500000US39101,2020.0,HY,0.0
Marion,0500000US39101,2021.0,HY,0.0
Marion,0500000US39101,2022.0,HY,0.0
Marion,0500000US39101,2023.0,HY,0.0
Marion,0500000US39101,2024.0,HY,0.0
Marion,0500000US39101,2025,HY,0
Morrow,0500000US39117,1999,HY,0
Morrow,0500000US39117,2000,HY,0
Morrow,0500000US39117,2001,HY,0
Morrow,0500000US39117,2002,HY,0
Morrow,0500000US39117,2003,HY,0
Morrow,0500000US39117,2004,HY,0
Morrow,0500000US39117,2005,HY,0
Morrow,0500000US39117,2006,HY,0
Morrow,0500000US39117,2007,HY,0
Morrow,0500000US39117,2008,HY,0
Morrow,0500000US39117,2009,HY,0
Morrow,0500000US39117,2010,HY,0
Morrow,0500000US39117,2011,HY,0
Morrow,0500000US39117,2012,HY,0
Morrow,0500000US39117,2013,HY,0
Morrow,0500000US39117,2014,HY,0
Morrow,0500000US39117,2015.0,HY,0.0
Morrow,0500000US39117,2016.0,HY,0.0
Morrow,0500000US39117,2017,HY,0
Morrow,0500000US39117,2018,HY,0
Morrow,0500000US39117,2019,HY,0
Morrow,0500000US39117,2020,HY,0
Morrow,0500000US39117,2021,HY,0
Morrow,0500000US39117,2022,HY,0
Morrow,0500000US39117,2023,HY,0
Morrow,0500000US39117,2024.0,HY,0.0
Morrow,0500000US39117,2025,HY,0
Perry,0500000US39127,1999,HY,0
Perry,0500000US39127,2000,HY,0
Perry,0500000US39127,2001,HY,0
Perry,0500000US39127,2002,HY,0
Perry,0500000US39127,2003,HY,0
Perry,0500000US39127,2004,HY,0
Perry,0500000US39127,2005,HY,0
Perry,0500000US39127,2006,HY,0
Perry,0500000US39127,2007,HY,0
Perry,0500000US39127,2008,HY,0
Perry,0500000US39127,2009,HY,0
Perry,0500000US39127,2010,HY,0
Perry,0500000US39127,2011,HY,0
Perry,0500000US39127,2012,HY,0
Perry,0500000US39127,2013,HY,0
Perry,0500000US39127,2014,HY,0
Perry,0500000US39127,2015,HY,0
Perry,0500000US39127,2016,HY,0
Perry,0500000US39127,2017,HY,0
Perry,0500000US39127,2018,HY,0
Perry,0500000US39127,2019.0,HY,0.0
Perry,0500000US39127,2020,HY,0
Perry,0500000US39127,2021,HY,0
Perry,0500000US39127,2022,HY,0
Perry,0500000US39127,2023,HY,0
Perry,0500000US39127,2024,HY,0
Perry,0500000US39127,2025,HY,0
Pickaway,0500000US39129,1999,HY,0
Pickaway,0500000US39129,2000,HY,0
Pickaway,0500000US39129,2001,HY,0
Pickaway,0500000US39129,2002,HY,0
Pickaway,0500000US39129,2003,HY,0
Pickaway,0500000US39129,2004,HY,0
Pickaway,0500000US39129,2005,HY,0
Pickaway,0500000US39129,2006,HY,0
Pickaway,0500000US39129,2007,HY,0
Pickaway,0500000US39129,2008,HY,0
Pickaway,0500000US39129,2009,HY,0
Pickaway,0500000US39129,2010,HY,0
Pickaway,0500000US39129,2011,HY,0
Pickaway,0500000US39129,2012,HY,0
Pickaway,0500000US39129,2013,HY,0
Pickaway,0500000US39129,2014,HY,0
Pickaway,0500000US39129,2015,HY,0
Pickaway,0500000US39129,2016,HY,0
Pickaway,0500000US39129,2017,HY,0
Pickaway,0500000US39129,2018,HY,0
Pickaway,0500000US39129,2019,HY,0
Pickaway,0500000US39129,2020,HY,0
Pickaway,0500000US39129,2021,HY,0
Pickaway,0500000US39129,2022.0,HY,0.0
Pickaway,0500000US39129,2023.0,HY,0.0
Pickaway,0500000US39129,2024.0,HY,0.0
Pickaway,0500000US39129,2025,HY,0
Ross,0500000US39141,1999,HY,0
Ross,0500000US39141,2000,HY,0
Ross,0500000US39141,2001,HY,0
Ross,0500000US39141,2002,HY,0
Ross,0500000US39141,2003,HY,0
Ross,0500000US39141,2004,HY,0
Ross,0500000US39141,2005,HY,0
Ross,0500000US39141,2006,HY,0
Ross,0500000US39141,2007,HY,0
Ross,0500000US39141,2008,HY,0
Ross,0500000US39141,2009.0,HY,0.0
Ross,0500000US39141,2010,HY,0
Ross,0500000US39141,2011,HY,0
Ross,0500000US39141,2012,HY,0
Ross,0500000US39141,2013,HY,0
Ross,0500000US39141,2014,HY,0
Ross,0500000US39141,2015.0,HY,0.0
Ross,0500000US39141,2016.0,HY,0.0
Ross,0500000US39141,2017,HY,0
Ross,0500000US39141,2018,HY,0
Ross,0500000US39141,2019.0,HY,0.0
Ross,0500000US39141,2020.0,HY,0.0
Ross,0500000US39141,2021.0,HY,0.0
Ross,0500000US39141,2022.0,HY,0.0
Ross,0500000US39141,2023,HY,0
Ross,0500000US39141,2024.0,HY,0.0
Ross,0500000US39141,2025,HY,0
Union,0500000US39159,1999,HY,0
Union,0500000US39159,2000,HY,0
Union,0500000US39159,2001,HY,0
Union,0500000US39159,2002,HY,0
Union,0500000US39159,2003,HY,0
Union,0500000US39159,2004,HY,0
Union,0500000US39159,2005,HY,0
Union,0500000US39159,2006,HY,0
Union,0500000US39159,2007,HY,0
Union,0500000US39159,2008,HY,0
Union,0500000US39159,2009,HY,0
Union,0500000US39159,2010,HY,0
Union,0500000US39159,2011,HY,0
Union,0500000US39159,2012,HY,0
Union,0500000US39159,2013,HY,0
Union,0500000US39159,2014,HY,0
Union,0500000US39159,2015.0,HY,0.0
Union,0500000US39159,2016,HY,0
Union,0500000US39159,2017,HY,0
Union,0500000US39159,2018.0,HY,0.0
Union,0500000US39159,2019,HY,0
Union,0500000US39159,2020.0,HY,0.0
Union,0500000US39159,2021.0,HY,0.0
Union,0500000US39159,2022.0,HY,0.0
Union,0500000US39159,2023.0,HY,0.0
Union,0500000US39159,2024.0,HY,0.0
Union,0500000US39159,2025.0,HY,0.0
Delaware,0500000US39041,1999,LNG,0
Delaware,0500000US39041,2000,LNG,0
Delaware,0500000US39041,2001,LNG,0
Delaware,0500000US39041,2002,LNG,0
Delaware,0500000US39041,2003,LNG,0
Delaware,0500000US39041,2004,LNG,0
Delaware,0500000US39041,2005,LNG,0
Delaware,0500000US39041,2006,LNG,0
Delaware,0500000US39041,2007,LNG,0
Delaware,0500000US39041,2008.0,LNG,0.0
Delaware,0500000US39041,2009,LNG,0
Delaware,0500000US39041,2010,LNG,0
Delaware,0500000US39041,2011.0,LNG,0.0
Delaware,0500000US39041,2012,LNG,0
Delaware,0500000US39041,2013.0,LNG,0.0
Delaware,0500000US39041,2014,LNG,0
Delaware,0500000US39041,2015,LNG,0
Delaware,0500000US39041,2016.0,LNG,0.0
Delaware,0500000US39041,2017.0,LNG,0.0
Delaware,0500000US39041,2018.0,LNG,0.0
Delaware,0500000US39041,2019.0,LNG,0.0
Delaware,0500000US39041,2020.0,LNG,0.0
Delaware,0500000US39041,2021.0,LNG,0.0
Delaware,0500000US39041,2022.0,LNG,0.0
Delaware,0500000US39041,2023.0,LNG,0.0
Delaware,0500000US39041,2024.0,LNG,0.0
Delaware,0500000US39041,2025.0,LNG,0.0
Fairfield,0500000US39045,1999,LNG,0
Fairfield,0500000US39045,2000,LNG,0
Fairfield,0500000US39045,2001,LNG,0
Fairfield,0500000US39045,2002,LNG,0
Fairfield,0500000US39045,2003,LNG,0
Fairfield,0500000US39045,2004,LNG,0
Fairfield,0500000US39045,2005,LNG,0
Fairfield,0500000US39045,2006,LNG,0
Fairfield,0500000US39045,2007,LNG,0
Fairfield,0500000US39045,2008.0,LNG,0.0
Fairfield,0500000US39045,2009,LNG,0
Fairfield,0500000US39045,2010,LNG,0
Fairfield,0500000US39045,2011,LNG,0
Fairfield,0500000US39045,2012.0,LNG,0.0
Fairfield,0500000US39045,2013,LNG,0
Fairfield,0500000US39045,2014.0,LNG,0.0
Fairfield,0500000US39045,2015,LNG,0
Fairfield,0500000US39045,2016.0,LNG,0.0
Fairfield,0500000US39045,2017.0,LNG,0.0
Fairfield,0500000US39045,2018,LNG,0
Fairfield,0500000US39045,2019.0,LNG,0.0
Fairfield,0500000US39045,2020,LNG,0
Fairfield,0500000US39045,2021.0,LNG,0.0
Fairfield,0500000US39045,2022.0,LNG,0.0
Fairfield,0500000US39045,2023.0,LNG,0.0
Fairfield,0500000US39045,2024.0,LNG,0.0
Fairfield,0500000US39045,2025,LNG,0
Fayette,0500000US39047,1999,LNG,0
Fayette,0500000US39047,2000,LNG,0
Fayette,0500000US39047,2001,LNG,0
Fayette,0500000US39047,2002,LNG,0
Fayette,0500000US39047,2003,LNG,0
Fayette,0500000US39047,2004,LNG,0
Fayette,0500000US39047,2005,LNG,0
Fayette,0500000US39047,2006,LNG,0
Fayette,0500000US39047,2007,LNG,0
Fayette,0500000US39047,2008,LNG,0
Fayette,0500000US39047,2009,LNG,0
Fayette,0500000US39047,2010,LNG,0
Fayette,0500000US39047,2011,LNG,0
Fayette,0500000US39047,2012,LNG,0
Fayette,0500000US39047,2013,LNG,0
Fayette,0500000US39047,2014.0,LNG,0.0
Fayette,0500000US39047,2015.0,LNG,0.0
Fayette,0500000US39047,2016,LNG,0
Fayette,0500000US39047,2017,LNG,0
Fayette,0500000US39047,2018,LNG,0
Fayette,0500000US39047,2019,LNG,0
Fayette,0500000US39047,2020,LNG,0
Fayette,0500000US39047,2021,LNG,0
Fayette,0500000US39047,2022.0,LNG,0.0
Fayette,0500000US39047,2023.0,LNG,0.0
Fayette,0500000US39047,2024.0,LNG,0.0
Fayette,0500000US39047,2025,LNG,0
Franklin,0500000US39049,1999.0,LNG,0.0
Franklin,0500000US39049,2000.0,LNG,0.0
Franklin,0500000US39049,2001,LNG,0
Franklin,0500000US39049,2002,LNG,0
Franklin,0500000US39049,2003,LNG,0
Franklin,0500000US39049,2004.0,LNG,0.0
Franklin,0500000US39049,2005,LNG,0
Franklin,0500000US39049,2006.0,LNG,0.0
Franklin,0500000US39049,2007,LNG,0
Franklin,0500000US39049,2008.0,LNG,0.0
Franklin,0500000US39049,2009.0,LNG,0.0
Franklin,0500000US39049,2010,LNG,0
Franklin,0500000US39049,2011.0,LNG,0.0
Franklin,0500000US39049,2012.0,LNG,0.0
Franklin,0500000US39049,2013.0,LNG,0.0
Franklin,0500000US39049,2014.0,LNG,0.0
Franklin,0500000US39049,2015.0,LNG,0.0
Franklin,0500000US39049,2016.0,LNG,1.0
Franklin,0500000US39049,2017.0,LNG,0.0
Franklin,0500000US39049,2018.0,LNG,0.0
Franklin,0500000US39049,2019.0,LNG,0.0
Franklin,0500000US39049,2020.0,LNG,0.0
Franklin,0500000US39049,2021.0,LNG,1.0
Franklin,0500000US39049,2022.0,LNG,0.0
Franklin,0500000US39049,2023.0,LNG,0.0
Franklin,0500000US39049,2024.0,LNG,0.0
Franklin,0500000US39049,2025.0,LNG,0.0
Hocking,0500000US39073,1999,LNG,0
Hocking,0500000US39073,2000,LNG,0
Hocking,0500000US39073,2001,LNG,0
Hocking,0500000US39073,2002,LNG,0
Hocking,0500000US39073,2003,LNG,0
Hocking,0500000US39073,2004,LNG,0
Hocking,0500000US39073,2005,LNG,0
Hocking,0500000US39073,2006,LNG,0
Hocking,0500000US39073,2007,LNG,0
Hocking,0500000US39073,2008,LNG,0
Hocking,0500000US39073,2009,LNG,0
Hocking,0500000US39073,2010,LNG,0
Hocking,0500000US39073,2011,LNG,0
Hocking,0500000US39073,2012,LNG,0
Hocking,0500000US39073,2013,LNG,0
Hocking,0500000US39073,2014,LNG,0
Hocking,0500000US39073,2015.0,LNG,0.0
Hocking,0500000US39073,2016,LNG,0
Hocking,0500000US39073,2017,LNG,0
Hocking,0500000US39073,2018,LNG,0
Hocking,0500000US39073,2019,LNG,0
Hocking,0500000US39073,2020.0,LNG,0.0
Hocking,0500000US39073,2021.0,LNG,0.0
Hocking,0500000US39073,2022.0,LNG,0.0
Hocking,0500000US39073,2023.0,LNG,0.0
Hocking,0500000US39073,2024.0,LNG,0.0
Hocking,0500000US39073,2025,LNG,0
Knox,0500000US39083,1999,LNG,0
Knox,0500000US39083,2000,LNG,0
Knox,0500000US39083,2001,LNG,0
Knox,0500000US39083,2002,LNG,0
Knox,0500000US39083,2003,LNG,0
Knox,0500000US39083,2004,LNG,0
Knox,0500000US39083,2005,LNG,0
Knox,0500000US39083,2006,LNG,0
Knox,0500000US39083,2007,LNG,0
Knox,0500000US39083,2008,LNG,0
Knox,0500000US39083,2009,LNG,0
Knox,0500000US39083,2010,LNG,0
Knox,0500000US39083,2011,LNG,0
Knox,0500000US39083,2012,LNG,0
Knox,0500000US39083,2013,LNG,0
Knox,0500000US39083,2014.0,LNG,0.0
Knox,0500000US39083,2015.0,LNG,0.0
Knox,0500000US39083,2016,LNG,0
Knox,0500000US39083,2017.0,LNG,0.0
Knox,0500000US39083,2018,LNG,0
Knox,0500000US39083,2019,LNG,0
Knox,0500000US39083,2020.0,LNG,0.0
Knox,0500000US39083,2021.0,LNG,0.0
Knox,0500000US39083,2022,LNG,0
Knox,0500000US39083,2023.0,LNG,0.0
Knox,0500000US39083,2024.0,LNG,0.0
Knox,0500000US39083,2025,LNG,0
Licking,0500000US39089,1999,LNG,0
Licking,0500000US39089,2000.0,LNG,0.0
Licking,0500000US39089,2001,LNG,0
Licking,0500000US39089,2002,LNG,0
Licking,0500000US39089,2003,LNG,0
Licking,0500000US39089,2004,LNG,0
Licking,0500000US39089,2005,LNG,0
Licking,0500000US39089,2006,LNG,0
Licking,0500000US39089,2007,LNG,0
Licking,0500000US39089,2008,LNG,0
Licking,0500000US39089,2009,LNG,0
Licking,0500000US39089,2010,LNG,0
Licking,0500000US39089,2011.0,LNG,0.0
Licking,0500000US39089,2012,LNG,0
Licking,0500000US39089,2013.0,LNG,0.0
Licking,0500000US39089,2014,LNG,0
Licking,0500000US39089,2015.0,LNG,0.0
Licking,0500000US39089,2016,LNG,0
Licking,0500000US39089,2017.0,LNG,0.0
Licking,0500000US39089,2018,LNG,0
Licking,0500000US39089,2019.0,LNG,0.0
Licking,0500000US39089,2020.0,LNG,0.0
Licking,0500000US39089,2021.0,LNG,0.0
Licking,0500000US39089,2022.0,LNG,0.0
Licking,0500000US39089,2023.0,LNG,0.0
Licking,0500000US39089,2024.0,LNG,0.0
Licking,0500000US39089,2025,LNG,0
Logan,0500000US39091,1999,LNG,0
Logan,0500000US39091,2000,LNG,0
Logan,0500000US39091,2001,LNG,0
Logan,0500000US39091,2002,LNG,0
Logan,0500000US39091,2003,LNG,0
Logan,0500000US39091,2004,LNG,0
Logan,0500000US39091,2005,LNG,0
Logan,0500000US39091,2006,LNG,0
Logan,0500000US39091,2007,LNG,0
Logan,0500000US39091,2008,LNG,0
Logan,0500000US39091,2009,LNG,0
Logan,0500000US39091,2010,LNG,0
Logan,0500000US39091,2011,LNG,0
Logan,0500000US39091,2012,LNG,0
Logan,0500000US39091,2013,LNG,0
Logan,0500000US39091,2014.0,LNG,0.0
Logan,0500000US39091,2015,LNG,0
Logan,0500000US39091,2016,LNG,0
Logan,0500000US39091,2017,LNG,0
Logan,0500000US39091,2018.0,LNG,0.0
Logan,0500000US39091,2019.0,LNG,0.0
Logan,0500000US39091,2020.0,LNG,0.0
Logan,0500000US39091,2021.0,LNG,0.0
Logan,0500000US39091,2022,LNG,0
Logan,0500000US39091,2023.0,LNG,0.0
Logan,0500000US39091,2024,LNG,0
Logan,0500000US39091,2025,LNG,0
Madison,0500000US39097,1999,LNG,0
Madison,0500000US39097,2000,LNG,0
Madison,0500000US39097,2001,LNG,0
Madison,0500000US39097,2002,LNG,0
Madison,0500000US39097,2003,LNG,0
Madison,0500000US39097,2004,LNG,0
Madison,0500000US39097,2005,LNG,0
Madison,0500000US39097,2006,LNG,0
Madison,0500000US39097,2007,LNG,0
Madison,0500000US39097,2008,LNG,0
Madison,0500000US39097,2009,LNG,0
Madison,0500000US39097,2010,LNG,0
Madison,0500000US39097,2011,LNG,0
Madison,0500000US39097,2012,LNG,0
Madison,0500000US39097,2013,LNG,0
Madison,0500000US39097,2014,LNG,0
Madison,0500000US39097,2015,LNG,0
Madison,0500000US39097,2016.0,LNG,0.0
Madison,0500000US39097,2017,LNG,0
Madison,0500000US39097,2018,LNG,0
Madison,0500000US39097,2019.0,LNG,0.0
Madison,0500000US39097,2020,LNG,0
Madison,0500000US39097,2021.0,LNG,0.0
Madison,0500000US39097,2022.0,LNG,0.0
Madison,0500000US39097,2023.0,LNG,0.0
Madison,0500000US39097,2024.0,LNG,0.0
Madison,0500000US39097,2025,LNG,0
Marion,0500000US39101,1999,LNG,0
Marion,0500000US39101,2000,LNG,0
Marion,0500000US39101,2001,LNG,0
Marion,0500000US39101,2002,LNG,0
Marion,0500000US39101,2003,LNG,0
Marion,0500000US39101,2004,LNG,0
Marion,0500000US39101,2005,LNG,0
Marion,0500000US39101,2006,LNG,0
Marion,0500000US39101,2007.0,LNG,0.0
Marion,0500000US39101,2008,LNG,0
Marion,0500000US39101,2009,LNG,0
Marion,0500000US39101,2010,LNG,0
Marion,0500000US39101,2011.0,LNG,0.0
Marion,0500000US39101,2012,LNG,0
Marion,0500000US39101,2013,LNG,0
Marion,0500000US39101,2014,LNG,0
Marion,0500000US39101,2015,LNG,0
Marion,0500000US39101,2016,LNG,0
Marion,0500000US39101,2017,LNG,0
Marion,0500000US39101,2018,LNG,0
Marion,0500000US39101,2019.0,LNG,0.0
Marion,0500000US39101,2020.0,LNG,0.0
Marion,0500000US39101,2021.0,LNG,0.0
Marion,0500000US39101,2022.0,LNG,0.0
Marion,0500000US39101,2023.0,LNG,0.0
Marion,0500000US39101,2024.0,LNG,0.0
Marion,0500000US39101,2025,LNG,0
Morrow,0500000US39117,1999,LNG,0
Morrow,0500000US39117,2000,LNG,0
Morrow,0500000US39117,2001,LNG,0
Morrow,0500000US39117,2002,LNG,0
Morrow,0500000US39117,2003,LNG,0
Morrow,0500000US39117,2004,LNG,0
Morrow,0500000US39117,2005,LNG,0
Morrow,0500000US39117,2006,LNG,0
Morrow,0500000US39117,2007,LNG,0
Morrow,0500000US39117,2008,LNG,0
Morrow,0500000US39117,2009,LNG,0
Morrow,0500000US39117,2010,LNG,0
Morrow,0500000US39117,2011,LNG,0
Morrow,0500000US39117,2012,LNG,0
Morrow,0500000US39117,2013,LNG,0
Morrow,0500000US39117,2014,LNG,0
Morrow,0500000US39117,2015.0,LNG,0.0
Morrow,0500000US39117,2016.0,LNG,0.0
Morrow,0500000US39117,2017,LNG,0
Morrow,0500000US39117,2018,LNG,0
Morrow,0500000US39117,2019,LNG,0
Morrow,0500000US39117,2020,LNG,0
Morrow,0500000US39117,2021,LNG,0
Morrow,0500000US39117,2022,LNG,0
Morrow,0500000US39117,2023,LNG,0
Morrow,0500000US39117,2024.0,LNG,0.0
Morrow,0500000US39117,2025,LNG,0
Perry,0500000US39127,1999,LNG,0
Perry,0500000US39127,2000,LNG,0
Perry,0500000US39127,2001,LNG,0
Perry,0500000US39127,2002,LNG,0
Perry,0500000US39127,2003,LNG,0
Perry,0500000US39127,2004,LNG,0
Perry,0500000US39127,2005,LNG,0
Perry,0500000US39127,2006,LNG,0
Perry,0500000US39127,2007,LNG,0
Perry,0500000US39127,2008,LNG,0
Perry,0500000US39127,2009,LNG,0
Perry,0500000US39127,2010,LNG,0
Perry,0500000US39127,2011,LNG,0
Perry,0500000US39127,2012,LNG,0
Perry,0500000US39127,2013,LNG,0
Perry,0500000US39127,2014,LNG,0
Perry,0500000US39127,2015,LNG,0
Perry,0500000US39127,2016,LNG,0
Perry,0500000US39127,2017,LNG,0
Perry,0500000US39127,2018,LNG,0
Perry,0500000US39127,2019.0,LNG,0.0
Perry,0500000US39127,2020,LNG,0
Perry,0500000US39127,2021,LNG,0
Perry,0500000US39127,2022,LNG,0
Perry,0500000US39127,2023,LNG,0
Perry,0500000US39127,2024,LNG,0
Perry,0500000US39127,2025,LNG,0
Pickaway,0500000US39129,1999,LNG,0
Pickaway,0500000US39129,2000,LNG,0
Pickaway,0500000US39129,2001,LNG,0
Pickaway,0500000US39129,2002,LNG,0
Pickaway,0500000US39129,2003,LNG,0
Pickaway,0500000US39129,2004,LNG,0
Pickaway,0500000US39129,2005,LNG,0
Pickaway,0500000US39129,2006,LNG,0
Pickaway,0500000US39129,2007,LNG,0
Pickaway,0500000US39129,2008,LNG,0
Pickaway,0500000US39129,2009,LNG,0
Pickaway,0500000US39129,2010,LNG,0
Pickaway,0500000US39129,2011,LNG,0
Pickaway,0500000US39129,2012,LNG,0
Pickaway,0500000US39129,2013,LNG,0
Pickaway,0500000US39129,2014,LNG,0
Pickaway,0500000US39129,2015,LNG,0
Pickaway,0500000US39129,2016,LNG,0
Pickaway,0500000US39129,2017,LNG,0
Pickaway,0500000US39129,2018,LNG,0
Pickaway,0500000US39129,2019,LNG,0
Pickaway,0500000US39129,2020,LNG,0
Pickaway,0500000US39129,2021,LNG,0
Pickaway,0500000US39129,2022.0,LNG,0.0
Pickaway,0500000US39129,2023.0,LNG,0.0
Pickaway,0500000US39129,2024.0,LNG,0.0
Pickaway,0500000US39129,2025,LNG,0
Ross,0500000US39141,1999,LNG,0
Ross,0500000US39141,2000,LNG,0
Ross,0500000US39141,2001,LNG,0
Ross,0500000US39141,2002,LNG,0
Ross,0500000US39141,2003,LNG,0
Ross,0500000US39141,2004,LNG,0
Ross,0500000US39141,2005,LNG,0
Ross,0500000US39141,2006,LNG,0
Ross,0500000US39141,2007,LNG,0
Ross,0500000US39141,2008,LNG,0
Ross,0500000US39141,2009.0,LNG,0.0
Ross,0500000US39141,2010,LNG,0
Ross,0500000US39141,2011,LNG,0
Ross,0500000US39141,2012,LNG,0
Ross,0500000US39141,2013,LNG,0
Ross,0500000US39141,2014,LNG,0
Ross,0500000US39141,2015.0,LNG,0.0
Ross,0500000US39141,2016.0,LNG,0.0
Ross,0500000US39141,2017,LNG,0
Ross,0500000US39141,2018,LNG,0
Ross,0500000US39141,2019.0,LNG,0.0
Ross,0500000US39141,2020.0,LNG,0.0
Ross,0500000US39141,2021.0,LNG,0.0
Ross,0500000US39141,2022.0,LNG,0.0
Ross,0500000US39141,2023,LNG,0
Ross,0500000US39141,2024.0,LNG,0.0
Ross,0500000US39141,2025,LNG,0
Union,0500000US39159,1999,LNG,0
Union,0500000US39159,2000,LNG,0
Union,0500000US39159,2001,LNG,0
Union,0500000US39159,2002,LNG,0
Union,0500000US39159,2003,LNG,0
Union,0500000US39159,2004,LNG,0
Union,0500000US39159,2005,LNG,0
Union,0500000US39159,2006,LNG,0
Union,0500000US39159,2007,LNG,0
Union,0500000US39159,2008,LNG,0
Union,0500000US39159,2009,LNG,0
Union,0500000US39159,2010,LNG,0
Union,0500000US39159,2011,LNG,0
Union,0500000US39159,2012,LNG,0
Union,0500000US39159,2013,LNG,0
Union,0500000US39159,2014,LNG,0
Union,0500000US39159,2015.0,LNG,0.0
Union,0500000US39159,2016,LNG,0
Union,0500000US39159,2017,LNG,0
Union,0500000US39159,2018.0,LNG,0.0
Union,0500000US39159,2019,LNG,0
Union,0500000US39159,2020.0,LNG,0.0
Union,0500000US39159,2021.0,LNG,0.0
Union,0500000US39159,2022.0,LNG,0.0
Union,0500000US39159,2023.0,LNG,0.0
Union,0500000US39159,2024.0,LNG,0.0
Union,0500000US39159,2025.0,LNG,0.0
Delaware,0500000US39041,1999,LPG,0
Delaware,0500000US39041,2000,LPG,0
Delaware,0500000US39041,2001,LPG,0
Delaware,0500000US39041,2002,LPG,0
Delaware,0500000US39041,2003,LPG,0
Delaware,0500000US39041,2004,LPG,0
Delaware,0500000US39041,2005,LPG,0
Delaware,0500000US39041,2006,LPG,0
Delaware,0500000US39041,2007,LPG,0
Delaware,0500000US39041,2008.0,LPG,0.0
Delaware,0500000US39041,2009,LPG,0
Delaware,0500000US39041,2010,LPG,0
Delaware,0500000US39041,2011.0,LPG,0.0
Delaware,0500000US39041,2012,LPG,0
Delaware,0500000US39041,2013.0,LPG,0.0
Delaware,0500000US39041,2014,LPG,0
Delaware,0500000US39041,2015,LPG,0
Delaware,0500000US39041,2016.0,LPG,0.0
Delaware,0500000US39041,2017.0,LPG,0.0
Delaware,0500000US39041,2018.0,LPG,0.0
Delaware,0500000US39041,2019.0,LPG,0.0
Delaware,0500000US39041,2020.0,LPG,0.0
Delaware,0500000US39041,2021.0,LPG,0.0
Delaware,0500000US39041,2022.0,LPG,0.0
Delaware,0500000US39041,2023.0,LPG,0.0
Delaware,0500000US39041,2024.0,LPG,0.0
Delaware,0500000US39041,2025.0,LPG,0.0
Fairfield,0500000US39045,1999,LPG,0
Fairfield,0500000US39045,2000,LPG,0
Fairfield,0500000US39045,2001,LPG,0
Fairfield,0500000US39045,2002,LPG,0
Fairfield,0500000US39045,2003,LPG,0
Fairfield,0500000US39045,2004,LPG,0
Fairfield,0500000US39045,2005,LPG,0
Fairfield,0500000US39045,2006,LPG,0
Fairfield,0500000US39045,2007,LPG,0
Fairfield,0500000US39045,2008.0,LPG,0.0
Fairfield,0500000US39045,2009,LPG,0
Fairfield,0500000US39045,2010,LPG,0
Fairfield,0500000US39045,2011,LPG,0
Fairfield,0500000US39045,2012.0,LPG,1.0
Fairfield,0500000US39045,2013,LPG,0
Fairfield,0500000US39045,2014.0,LPG,0.0
Fairfield,0500000US39045,2015,LPG,0
Fairfield,0500000US39045,2016.0,LPG,0.0
Fairfield,0500000US39045,2017.0,LPG,0.0
Fairfield,0500000US39045,2018,LPG,0
Fairfield,0500000US39045,2019.0,LPG,0.0
Fairfield,0500000US39045,2020,LPG,0
Fairfield,0500000US39045,2021.0,LPG,0.0
Fairfield,0500000US39045,2022.0,LPG,0.0
Fairfield,0500000US39045,2023.0,LPG,0.0
Fairfield,0500000US39045,2024.0,LPG,0.0
Fairfield,0500000US39045,2025,LPG,0
Fayette,0500000US39047,1999,LPG,0
Fayette,0500000US39047,2000,LPG,0
Fayette,0500000US39047,2001,LPG,0
Fayette,0500000US39047,2002,LPG,0
Fayette,0500000US39047,2003,LPG,0
Fayette,0500000US39047,2004,LPG,0
Fayette,0500000US39047,2005,LPG,0
Fayette,0500000US39047,2006,LPG,0
Fayette,0500000US39047,2007,LPG,0
Fayette,0500000US39047,2008,LPG,0
Fayette,0500000US39047,2009,LPG,0
Fayette,0500000US39047,2010,LPG,0
Fayette,0500000US39047,2011,LPG,0
Fayette,0500000US39047,2012,LPG,0
Fayette,0500000US39047,2013,LPG,0
Fayette,0500000US39047,2014.0,LPG,0.0
Fayette,0500000US39047,2015.0,LPG,1.0
Fayette,0500000US39047,2016,LPG,0
Fayette,0500000US39047,2017,LPG,0
Fayette,0500000US39047,2018,LPG,0
Fayette,0500000US39047,2019,LPG,0
Fayette,0500000US39047,2020,LPG,0
Fayette,0500000US39047,2021,LPG,0
Fayette,0500000US39047,2022.0,LPG,0.0
Fayette,0500000US39047,2023.0,LPG,0.0
Fayette,0500000US39047,2024.0,LPG,0.0
Fayette,0500000US39047,2025,LPG,0
Franklin,0500000US39049,1999.0,LPG,1.0
Franklin,0500000US39049,2000.0,LPG,4.0
Franklin,0500000US39049,2001,LPG,0
Franklin,0500000US39049,2002,LPG,0
Franklin,0500000US39049,2003,LPG,0
Franklin,0500000US39049,2004.0,LPG,1.0
Franklin,0500000US39049,2005,LPG,0
Franklin,0500000US39049,2006.0,LPG,0.0
Franklin,0500000US39049,2007,LPG,0
Franklin,0500000US39049,2008.0,LPG,0.0
Franklin,0500000US39049,2009.0,LPG,0.0
Franklin,0500000US39049,2010,LPG,0
Franklin,0500000US39049,2011.0,LPG,2.0
Franklin,0500000US39049,2012.0,LPG,1.0
Franklin,0500000US39049,2013.0,LPG,0.0
Franklin,0500000US39049,2014.0,LPG,2.0
Franklin,0500000US39049,2015.0,LPG,1.0
Franklin,0500000US39049,2016.0,LPG,0.0
Franklin,0500000US39049,2017.0,LPG,1.0
Franklin,0500000US39049,2018.0,LPG,1.0
Franklin,0500000US39049,2019.0,LPG,0.0
Franklin,0500000US39049,2020.0,LPG,0.0
Franklin,0500000US39049,2021.0,LPG,0.0
Franklin,0500000US39049,2022.0,LPG,0.0
Franklin,0500000US39049,2023.0,LPG,0.0
Franklin,0500000US39049,2024.0,LPG,0.0
Franklin,0500000US39049,2025.0,LPG,0.0
Hocking,0500000US39073,1999,LPG,0
Hocking,0500000US39073,2000,LPG,0
Hocking,0500000US39073,2001,LPG,0
Hocking,0500000US39073,2002,LPG,0
Hocking,0500000US39073,2003,LPG,0
Hocking,0500000US39073,2004,LPG,0
Hocking,0500000US39073,2005,LPG,0
Hocking,0500000US39073,2006,LPG,0
Hocking,0500000US39073,2007,LPG,0
Hocking,0500000US39073,2008,LPG,0
Hocking,0500000US39073,2009,LPG,0
Hocking,0500000US39073,2010,LPG,0
Hocking,0500000US39073,2011,LPG,0
Hocking,0500000US39073,2012,LPG,0
Hocking,0500000US39073,2013,LPG,0
Hocking,0500000US39073,2014,LPG,0
Hocking,0500000US39073,2015.0,LPG,0.0
Hocking,0500000US39073,2016,LPG,0
Hocking,0500000US39073,2017,LPG,0
Hocking,0500000US39073,2018,LPG,0
Hocking,0500000US39073,2019,LPG,0
Hocking,0500000US39073,2020.0,LPG,0.0
Hocking,0500000US39073,2021.0,LPG,0.0
Hocking,0500000US39073,2022.0,LPG,0.0
Hocking,0500000US39073,2023.0,LPG,0.0
Hocking,0500000US39073,2024.0,LPG,0.0
Hocking,0500000US39073,2025,LPG,0
Knox,0500000US39083,1999,LPG,0
Knox,0500000US39083,2000,LPG,0
Knox,0500000US39083,2001,LPG,0
Knox,0500000US39083,2002,LPG,0
Knox,0500000US39083,2003,LPG,0
Knox,0500000US39083,2004,LPG,0
Knox,0500000US39083,2005,LPG,0
Knox,0500000US39083,2006,LPG,0
Knox,0500000US39083,2007,LPG,0
Knox,0500000US39083,2008,LPG,0
Knox,0500000US39083,2009,LPG,0
Knox,0500000US39083,2010,LPG,0
Knox,0500000US39083,2011,LPG,0
Knox,0500000US39083,2012,LPG,0
Knox,0500000US39083,2013,LPG,0
Knox,0500000US39083,2014.0,LPG,0.0
Knox,0500000US39083,2015.0,LPG,0.0
Knox,0500000US39083,2016,LPG,0
Knox,0500000US39083,2017.0,LPG,1.0
Knox,0500000US39083,2018,LPG,0
Knox,0500000US39083,2019,LPG,0
Knox,0500000US39083,2020.0,LPG,0.0
Knox,0500000US39083,2021.0,LPG,0.0
Knox,0500000US39083,2022,LPG,0
Knox,0500000US39083,2023.0,LPG,0.0
Knox,0500000US39083,2024.0,LPG,0.0
Knox,0500000US39083,2025,LPG,0
Licking,0500000US39089,1999,LPG,0
Licking,0500000US39089,2000.0,LPG,1.0
Licking,0500000US39089,2001,LPG,0
Licking,0500000US39089,2002,LPG,0
Licking,0500000US39089,2003,LPG,0
Licking,0500000US39089,2004,LPG,0
Licking,0500000US39089,2005,LPG,0
Licking,0500000US39089,2006,LPG,0
Licking,0500000US39089,2007,LPG,0
Licking,0500000US39089,2008,LPG,0
Licking,0500000US39089,2009,LPG,0
Licking,0500000US39089,2010,LPG,0
Licking,0500000US39089,2011.0,LPG,1.0
Licking,0500000US39089,2012,LPG,0
Licking,0500000US39089,2013.0,LPG,1.0
Licking,0500000US39089,2014,LPG,0
Licking,0500000US39089,2015.0,LPG,1.0
Licking,0500000US39089,2016,LPG,0
Licking,0500000US39089,2017.0,LPG,0.0
Licking,0500000US39089,2018,LPG,0
Licking,0500000US39089,2019.0,LPG,0.0
Licking,0500000US39089,2020.0,LPG,0.0
Licking,0500000US39089,2021.0,LPG,0.0
Licking,0500000US39089,2022.0,LPG,0.0
Licking,0500000US39089,2023.0,LPG,0.0
Licking,0500000US39089,2024.0,LPG,0.0
Licking,0500000US39089,2025,LPG,0
Logan,0500000US39091,1999,LPG,0
Logan,0500000US39091,2000,LPG,0
Logan,0500000US39091,2001,LPG,0
Logan,0500000US39091,2002,LPG,0
Logan,0500000US39091,2003,LPG,0
Logan,0500000US39091,2004,LPG,0
Logan,0500000US39091,2005,LPG,0
Logan,0500000US39091,2006,LPG,0
Logan,0500000US39091,2007,LPG,0
Logan,0500000US39091,2008,LPG,0
Logan,0500000US39091,2009,LPG,0
Logan,0500000US39091,2010,LPG,0
Logan,0500000US39091,2011,LPG,0
Logan,0500000US39091,2012,LPG,0
Logan,0500000US39091,2013,LPG,0
Logan,0500000US39091,2014.0,LPG,0.0
Logan,0500000US39091,2015,LPG,0
Logan,0500000US39091,2016,LPG,0
Logan,0500000US39091,2017,LPG,0
Logan,0500000US39091,2018.0,LPG,0.0
Logan,0500000US39091,2019.0,LPG,0.0
Logan,0500000US39091,2020.0,LPG,0.0
Logan,0500000US39091,2021.0,LPG,0.0
Logan,0500000US39091,2022,LPG,0
Logan,0500000US39091,2023.0,LPG,0.0
Logan,0500000US39091,2024,LPG,0
Logan,0500000US39091,2025,LPG,0
Madison,0500000US39097,1999,LPG,0
Madison,0500000US39097,2000,LPG,0
Madison,0500000US39097,2001,LPG,0
Madison,0500000US39097,2002,LPG,0
Madison,0500000US39097,2003,LPG,0
Madison,0500000US39097,2004,LPG,0
Madison,0500000US39097,2005,LPG,0
Madison,0500000US39097,2006,LPG,0
Madison,0500000US39097,2007,LPG,0
Madison,0500000US39097,2008,LPG,0
Madison,0500000US39097,2009,LPG,0
Madison,0500000US39097,2010,LPG,0
Madison,0500000US39097,2011,LPG,0
Madison,0500000US39097,2012,LPG,0
Madison,0500000US39097,2013,LPG,0
Madison,0500000US39097,2014,LPG,0
Madison,0500000US39097,2015,LPG,0
Madison,0500000US39097,2016.0,LPG,0.0
Madison,0500000US39097,2017,LPG,0
Madison,0500000US39097,2018,LPG,0
Madison,0500000US39097,2019.0,LPG,0.0
Madison,0500000US39097,2020,LPG,0
Madison,0500000US39097,2021.0,LPG,0.0
Madison,0500000US39097,2022.0,LPG,0.0
Madison,0500000US39097,2023.0,LPG,0.0
Madison,0500000US39097,2024.0,LPG,0.0
Madison,0500000US39097,2025,LPG,0
Marion,0500000US39101,1999,LPG,0
Marion,0500000US39101,2000,LPG,0
Marion,0500000US39101,2001,LPG,0
Marion,0500000US39101,2002,LPG,0
Marion,0500000US39101,2003,LPG,0
Marion,0500000US39101,2004,LPG,0
Marion,0500000US39101,2005,LPG,0
Marion,0500000US39101,2006,LPG,0
Marion,0500000US39101,2007.0,LPG,0.0
Marion,0500000US39101,2008,LPG,0
Marion,0500000US39101,2009,LPG,0
Marion,0500000US39101,2010,LPG,0
Marion,0500000US39101,2011.0,LPG,0.0
Marion,0500000US39101,2012,LPG,0
Marion,0500000US39101,2013,LPG,0
Marion,0500000US39101,2014,LPG,0
Marion,0500000US39101,2015,LPG,0
Marion,0500000US39101,2016,LPG,0
Marion,0500000US39101,2017,LPG,0
Marion,0500000US39101,2018,LPG,0
Marion,0500000US39101,2019.0,LPG,0.0
Marion,0500000US39101,2020.0,LPG,0.0
Marion,0500000US39101,2021.0,LPG,0.0
Marion,0500000US39101,2022.0,LPG,0.0
Marion,0500000US39101,2023.0,LPG,0.0
Marion,0500000US39101,2024.0,LPG,0.0
Marion,0500000US39101,2025,LPG,0
Morrow,0500000US39117,1999,LPG,0
Morrow,0500000US39117,2000,LPG,0
Morrow,0500000US39117,2001,LPG,0
Morrow,0500000US39117,2002,LPG,0
Morrow,0500000US39117,2003,LPG,0
Morrow,0500000US39117,2004,LPG,0
Morrow,0500000US39117,2005,LPG,0
Morrow,0500000US39117,2006,LPG,0
Morrow,0500000US39117,2007,LPG,0
Morrow,0500000US39117,2008,LPG,0
Morrow,0500000US39117,2009,LPG,0
Morrow,0500000US39117,2010,LPG,0
Morrow,0500000US39117,2011,LPG,0
Morrow,0500000US39117,2012,LPG,0
Morrow,0500000US39117,2013,LPG,0
Morrow,0500000US39117,2014,LPG,0
Morrow,0500000US39117,2015.0,LPG,0.0
Morrow,0500000US39117,2016.0,LPG,0.0
Morrow,0500000US39117,2017,LPG,0
Morrow,0500000US39117,2018,LPG,0
Morrow,0500000US39117,2019,LPG,0
Morrow,0500000US39117,2020,LPG,0
Morrow,0500000US39117,2021,LPG,0
Morrow,0500000US39117,2022,LPG,0
Morrow,0500000US39117,2023,LPG,0
Morrow,0500000US39117,2024.0,LPG,0.0
Morrow,0500000US39117,2025,LPG,0
Perry,0500000US39127,1999,LPG,0
Perry,0500000US39127,2000,LPG,0
Perry,0500000US39127,2001,LPG,0
Perry,0500000US39127,2002,LPG,0
Perry,0500000US39127,2003,LPG,0
Perry,0500000US39127,2004,LPG,0
Perry,0500000US39127,2005,LPG,0
Perry,0500000US39127,2006,LPG,0
Perry,0500000US39127,2007,LPG,0
Perry,0500000US39127,2008,LPG,0
Perry,0500000US39127,2009,LPG,0
Perry,0500000US39127,2010,LPG,0
Perry,0500000US39127,2011,LPG,0
Perry,0500000US39127,2012,LPG,0
Perry,0500000US39127,2013,LPG,0
Perry,0500000US39127,2014,LPG,0
Perry,0500000US39127,2015,LPG,0
Perry,0500000US39127,2016,LPG,0
Perry,0500000US39127,2017,LPG,0
Perry,0500000US39127,2018,LPG,0
Perry,0500000US39127,2019.0,LPG,0.0
Perry,0500000US39127,2020,LPG,0
Perry,0500000US39127,2021,LPG,0
Perry,0500000US39127,2022,LPG,0
Perry,0500000US39127,2023,LPG,0
Perry,0500000US39127,2024,LPG,0
Perry,0500000US39127,2025,LPG,0
Pickaway,0500000US39129,1999,LPG,0
Pickaway,0500000US39129,2000,LPG,0
Pickaway,0500000US39129,2001,LPG,0
Pickaway,0500000US39129,2002,LPG,0
Pickaway,0500000US39129,2003,LPG,0
Pickaway,0500000US39129,2004,LPG,0
Pickaway,0500000US39129,2005,LPG,0
Pickaway,0500000US39129,2006,LPG,0
Pickaway,0500000US39129,2007,LPG,0
Pickaway,0500000US39129,2008,LPG,0
Pickaway,0500000US39129,2009,LPG,0
Pickaway,0500000US39129,2010,LPG,0
Pickaway,0500000US39129,2011,LPG,0
Pickaway,0500000US39129,2012,LPG,0
Pickaway,0500000US39129,2013,LPG,0
Pickaway,0500000US39129,2014,LPG,0
Pickaway,0500000US39129,2015,LPG,0
Pickaway,0500000US39129,2016,LPG,0
Pickaway,0500000US39129,2017,LPG,0
Pickaway,0500000US39129,2018,LPG,0
Pickaway,0500000US39129,2019,LPG,0
Pickaway,0500000US39129,2020,LPG,0
Pickaway,0500000US39129,2021,LPG,0
Pickaway,0500000US39129,2022.0,LPG,0.0
Pickaway,0500000US39129,2023.0,LPG,0.0
Pickaway,0500000US39129,2024.0,LPG,0.0
Pickaway,0500000US39129,2025,LPG,0
Ross,0500000US39141,1999,LPG,0
Ross,0500000US39141,2000,LPG,0
Ross,0500000US39141,2001,LPG,0
Ross,0500000US39141,2002,LPG,0
Ross,0500000US39141,2003,LPG,0
Ross,0500000US39141,2004,LPG,0
Ross,0500000US39141,2005,LPG,0
Ross,0500000US39141,2006,LPG,0
Ross,0500000US39141,2007,LPG,0
Ross,0500000US39141,2008,LPG,0
Ross,0500000US39141,2009.0,LPG,0.0
Ross,0500000US39141,2010,LPG,0
Ross,0500000US39141,2011,LPG,0
Ross,0500000US39141,2012,LPG,0
Ross,0500000US39141,2013,LPG,0
Ross,0500000US39141,2014,LPG,0
Ross,0500000US39141,2015.0,LPG,0.0
Ross,0500000US39141,2016.0,LPG,0.0
Ross,0500000US39141,2017,LPG,0
Ross,0500000US39141,2018,LPG,0
Ross,0500000US39141,2019.0,LPG,0.0
Ross,0500000US39141,2020.0,LPG,0.0
Ross,0500000US39141,2021.0,LPG,0.0
Ross,0500000US39141,2022.0,LPG,0.0
Ross,0500000US39141,2023,LPG,0
Ross,0500000US39141,2024.0,LPG,0.0
Ross,0500000US39141,2025,LPG,0
Union,0500000US39159,1999,LPG,0
Union,0500000US39159,2000,LPG,0
Union,0500000US39159,2001,LPG,0
Union,0500000US39159,2002,LPG,0
Union,0500000US39159,2003,LPG,0
Union,0500000US39159,2004,LPG,0
Union,0500000US39159,2005,LPG,0
Union,0500000US39159,2006,LPG,0
Union,0500000US39159,2007,LPG,0
Union,0500000US39159,2008,LPG,0
Union,0500000US39159,2009,LPG,0
Union,0500000US39159,2010,LPG,0
Union,0500000US39159,2011,LPG,0
Union,0500000US39159,2012,LPG,0
Union,0500000US39159,2013,LPG,0
Union,0500000US39159,2014,LPG,0
Union,0500000US39159,2015.0,LPG,0.0
Union,0500000US39159,2016,LPG,0
Union,0500000US39159,2017,LPG,0
Union,0500000US39159,2018.0,LPG,0.0
Union,0500000US39159,2019,LPG,0
Union,0500000US39159,2020.0,LPG,0.0
Union,0500000US39159,2021.0,LPG,0.0
Union,0500000US39159,2022.0,LPG,0.0
Union,0500000US39159,2023.0,LPG,0.0
Union,0500000US39159,2024.0,LPG,0.0
Union,0500000US39159,2025.0,LPG,0.0
Allen,M100000US391590133699999,1999,BD,0
Allen,M100000US391590133699999,2000,BD,0
Allen,M100000US391590133699999,2001,BD,0
Allen,M100000US391590133699999,2002,BD,0
Allen,M100000US391590133699999,2003,BD,0
Allen,M100000US391590133699999,2004,BD,0
Allen,M100000US391590133699999,2005,BD,0
Allen,M100000US391590133699999,2006,BD,0
Allen,M100000US391590133699999,2007,BD,0
Allen,M100000US391590133699999,2008,BD,0
Allen,M100000US391590133699999,2009,BD,0
Allen,M100000US391590133699999,2010,BD,0
Allen,M100000US391590133699999,2011,BD,0
Allen,M100000US391590133699999,2012,BD,0
Allen,M100000US391590133699999,2013,BD,0
Allen,M100000US391590133699999,2014,BD,0
Allen,M100000US391590133699999,2015.0,BD,0.0
Allen,M100000US391590133699999,2016,BD,0
Allen,M100000US391590133699999,2017,BD,0
Allen,M100000US391590133699999,2018,BD,0
Allen,M100000US391590133699999,2019,BD,0
Allen,M100000US391590133699999,2020,BD,0
Allen,M100000US391590133699999,2021,BD,0
Allen,M100000US391590133699999,2022,BD,0
Allen,M100000US391590133699999,2023,BD,0
Allen,M100000US391590133699999,2024.0,BD,0.0
Allen,M100000US391590133699999,2025,BD,0
Ashville,M100000US3902680,1999,BD,0
Ashville,M100000US3902680,2000,BD,0
Ashville,M100000US3902680,2001,BD,0
Ashville,M100000US3902680,2002,BD,0
Ashville,M100000US3902680,2003,BD,0
Ashville,M100000US3902680,2004,BD,0
Ashville,M100000US3902680,2005,BD,0
Ashville,M100000US3902680,2006,BD,0
Ashville,M100000US3902680,2007,BD,0
Ashville,M100000US3902680,2008,BD,0
Ashville,M100000US3902680,2009,BD,0
Ashville,M100000US3902680,2010,BD,0
Ashville,M100000US3902680,2011,BD,0
Ashville,M100000US3902680,2012,BD,0
Ashville,M100000US3902680,2013,BD,0
Ashville,M100000US3902680,2014,BD,0
Ashville,M100000US3902680,2015,BD,0
Ashville,M100000US3902680,2016,BD,0
Ashville,M100000US3902680,2017,BD,0
Ashville,M100000US3902680,2018,BD,0
Ashville,M100000US3902680,2019,BD,0
Ashville,M100000US3902680,2020,BD,0
Ashville,M100000US3902680,2021,BD,0
Ashville,M100000US3902680,2022,BD,0
Ashville,M100000US3902680,2023,BD,0
Ashville,M100000US3902680,2024.0,BD,0.0
Ashville,M100000US3902680,2025,BD,0
Bellefontaine,M100000US3905130,1999,BD,0
Bellefontaine,M100000US3905130,2000,BD,0
Bellefontaine,M100000US3905130,2001,BD,0
Bellefontaine,M100000US3905130,2002,BD,0
Bellefontaine,M100000US3905130,2003,BD,0
Bellefontaine,M100000US3905130,2004,BD,0
Bellefontaine,M100000US3905130,2005,BD,0
Bellefontaine,M100000US3905130,2006,BD,0
Bellefontaine,M100000US3905130,2007,BD,0
Bellefontaine,M100000US3905130,2008,BD,0
Bellefontaine,M100000US3905130,2009,BD,0
Bellefontaine,M100000US3905130,2010,BD,0
Bellefontaine,M100000US3905130,2011,BD,0
Bellefontaine,M100000US3905130,2012,BD,0
Bellefontaine,M100000US3905130,2013,BD,0
Bellefontaine,M100000US3905130,2014.0,BD,0.0
Bellefontaine,M100000US3905130,2015,BD,0
Bellefontaine,M100000US3905130,2016,BD,0
Bellefontaine,M100000US3905130,2017,BD,0
Bellefontaine,M100000US3905130,2018,BD,0
Bellefontaine,M100000US3905130,2019,BD,0
Bellefontaine,M100000US3905130,2020.0,BD,0.0
Bellefontaine,M100000US3905130,2021,BD,0
Bellefontaine,M100000US3905130,2022,BD,0
Bellefontaine,M100000US3905130,2023,BD,0
Bellefontaine,M100000US3905130,2024,BD,0
Bellefontaine,M100000US3905130,2025,BD,0
Bennington,M100000US391170550899999,1999,BD,0
Bennington,M100000US391170550899999,2000,BD,0
Bennington,M100000US391170550899999,2001,BD,0
Bennington,M100000US391170550899999,2002,BD,0
Bennington,M100000US391170550899999,2003,BD,0
Bennington,M100000US391170550899999,2004,BD,0
Bennington,M100000US391170550899999,2005,BD,0
Bennington,M100000US391170550899999,2006,BD,0
Bennington,M100000US391170550899999,2007,BD,0
Bennington,M100000US391170550899999,2008,BD,0
Bennington,M100000US391170550899999,2009,BD,0
Bennington,M100000US391170550899999,2010,BD,0
Bennington,M100000US391170550899999,2011,BD,0
Bennington,M100000US391170550899999,2012,BD,0
Bennington,M100000US391170550899999,2013,BD,0
Bennington,M100000US391170550899999,2014,BD,0
Bennington,M100000US391170550899999,2015.0,BD,0.0
Bennington,M100000US391170550899999,2016,BD,0
Bennington,M100000US391170550899999,2017,BD,0
Bennington,M100000US391170550899999,2018,BD,0
Bennington,M100000US391170550899999,2019,BD,0
Bennington,M100000US391170550899999,2020,BD,0
Bennington,M100000US391170550899999,2021,BD,0
Bennington,M100000US391170550899999,2022,BD,0
Bennington,M100000US391170550899999,2023,BD,0
Bennington,M100000US391170550899999,2024.0,BD,0.0
Bennington,M100000US391170550899999,2025,BD,0
Benton,M100000US390730557899999,1999,BD,0
Benton,M100000US390730557899999,2000,BD,0
Benton,M100000US390730557899999,2001,BD,0
Benton,M100000US390730557899999,2002,BD,0
Benton,M100000US390730557899999,2003,BD,0
Benton,M100000US390730557899999,2004,BD,0
Benton,M100000US390730557899999,2005,BD,0
Benton,M100000US390730557899999,2006,BD,0
Benton,M100000US390730557899999,2007,BD,0
Benton,M100000US390730557899999,2008,BD,0
Benton,M100000US390730557899999,2009,BD,0
Benton,M100000US390730557899999,2010,BD,0
Benton,M100000US390730557899999,2011,BD,0
Benton,M100000US390730557899999,2012,BD,0
Benton,M100000US390730557899999,2013,BD,0
Benton,M100000US390730557899999,2014,BD,0
Benton,M100000US390730557899999,2015.0,BD,0.0
Benton,M100000US390730557899999,2016,BD,0
Benton,M100000US390730557899999,2017,BD,0
Benton,M100000US390730557899999,2018,BD,0
Benton,M100000US390730557899999,2019,BD,0
Benton,M100000US390730557899999,2020,BD,0
Benton,M100000US390730557899999,2021.0,BD,0.0
Benton,M100000US390730557899999,2022.0,BD,0.0
Benton,M100000US390730557899999,2023,BD,0
Benton,M100000US390730557899999,2024,BD,0
Benton,M100000US390730557899999,2025,BD,0
Berkshire,M100000US390410577499999,1999,BD,0
Berkshire,M100000US390410577499999,2000,BD,0
Berkshire,M100000US390410577499999,2001,BD,0
Berkshire,M100000US390410577499999,2002,BD,0
Berkshire,M100000US390410577499999,2003,BD,0
Berkshire,M100000US390410577499999,2004,BD,0
Berkshire,M100000US390410577499999,2005,BD,0
Berkshire,M100000US390410577499999,2006,BD,0
Berkshire,M100000US390410577499999,2007,BD,0
Berkshire,M100000US390410577499999,2008,BD,0
Berkshire,M100000US390410577499999,2009,BD,0
Berkshire,M100000US390410577499999,2010,BD,0
Berkshire,M100000US390410577499999,2011,BD,0
Berkshire,M100000US390410577499999,2012,BD,0
Berkshire,M100000US390410577499999,2013,BD,0
Berkshire,M100000US390410577499999,2014,BD,0
Berkshire,M100000US390410577499999,2015,BD,0
Berkshire,M100000US390410577499999,2016.0,BD,0.0
Berkshire,M100000US390410577499999,2017,BD,0
Berkshire,M100000US390410577499999,2018,BD,0
Berkshire,M100000US390410577499999,2019,BD,0
Berkshire,M100000US390410577499999,2020.0,BD,0.0
Berkshire,M100000US390410577499999,2021,BD,0
Berkshire,M100000US390410577499999,2022,BD,0
Berkshire,M100000US390410577499999,2023,BD,0
Berkshire,M100000US390410577499999,2024.0,BD,0.0
Berkshire,M100000US390410577499999,2025,BD,0
Berlin,M100000US390410578899999,1999,BD,0
Berlin,M100000US390410578899999,2000,BD,0
Berlin,M100000US390410578899999,2001,BD,0
Berlin,M100000US390410578899999,2002,BD,0
Berlin,M100000US390410578899999,2003,BD,0
Berlin,M100000US390410578899999,2004,BD,0
Berlin,M100000US390410578899999,2005,BD,0
Berlin,M100000US390410578899999,2006,BD,0
Berlin,M100000US390410578899999,2007,BD,0
Berlin,M100000US390410578899999,2008,BD,0
Berlin,M100000US390410578899999,2009,BD,0
Berlin,M100000US390410578899999,2010,BD,0
Berlin,M100000US390410578899999,2011,BD,0
Berlin,M100000US390410578899999,2012,BD,0
Berlin,M100000US390410578899999,2013,BD,0
Berlin,M100000US390410578899999,2014,BD,0
Berlin,M100000US390410578899999,2015,BD,0
Berlin,M100000US390410578899999,2016,BD,0
Berlin,M100000US390410578899999,2017,BD,0
Berlin,M100000US390410578899999,2018,BD,0
Berlin,M100000US390410578899999,2019,BD,0
Berlin,M100000US390410578899999,2020,BD,0
Berlin,M100000US390410578899999,2021.0,BD,0.0
Berlin,M100000US390410578899999,2022.0,BD,0.0
Berlin,M100000US390410578899999,2023,BD,0
Berlin,M100000US390410578899999,2024,BD,0
Berlin,M100000US390410578899999,2025,BD,0
Berne,M100000US390450595699999,1999,BD,0
Berne,M100000US390450595699999,2000,BD,0
Berne,M100000US390450595699999,2001,BD,0
Berne,M100000US390450595699999,2002,BD,0
Berne,M100000US390450595699999,2003,BD,0
Berne,M100000US390450595699999,2004,BD,0
Berne,M100000US390450595699999,2005,BD,0
Berne,M100000US390450595699999,2006,BD,0
Berne,M100000US390450595699999,2007,BD,0
Berne,M100000US390450595699999,2008,BD,0
Berne,M100000US390450595699999,2009,BD,0
Berne,M100000US390450595699999,2010,BD,0
Berne,M100000US390450595699999,2011,BD,0
Berne,M100000US390450595699999,2012,BD,0
Berne,M100000US390450595699999,2013,BD,0
Berne,M100000US390450595699999,2014,BD,0
Berne,M100000US390450595699999,2015,BD,0
Berne,M100000US390450595699999,2016,BD,0
Berne,M100000US390450595699999,2017,BD,0
Berne,M100000US390450595699999,2018,BD,0
Berne,M100000US390450595699999,2019,BD,0
Berne,M100000US390450595699999,2020,BD,0
Berne,M100000US390450595699999,2021,BD,0
Berne,M100000US390450595699999,2022,BD,0
Berne,M100000US390450595699999,2023.0,BD,0.0
Berne,M100000US390450595699999,2024,BD,0
Berne,M100000US390450595699999,2025,BD,0
Bexley,M100000US3906278,1999,BD,0
Bexley,M100000US3906278,2000,BD,0
Bexley,M100000US3906278,2001,BD,0
Bexley,M100000US3906278,2002,BD,0
Bexley,M100000US3906278,2003,BD,0
Bexley,M100000US3906278,2004,BD,0
Bexley,M100000US3906278,2005,BD,0
Bexley,M100000US3906278,2006,BD,0
Bexley,M100000US3906278,2007,BD,0
Bexley,M100000US3906278,2008,BD,0
Bexley,M100000US3906278,2009,BD,0
Bexley,M100000US3906278,2010,BD,0
Bexley,M100000US3906278,2011,BD,0
Bexley,M100000US3906278,2012,BD,0
Bexley,M100000US3906278,2013,BD,0
Bexley,M100000US3906278,2014,BD,0
Bexley,M100000US3906278,2015.0,BD,0.0
Bexley,M100000US3906278,2016,BD,0
Bexley,M100000US3906278,2017.0,BD,0.0
Bexley,M100000US3906278,2018,BD,0
Bexley,M100000US3906278,2019,BD,0
Bexley,M100000US3906278,2020.0,BD,0.0
Bexley,M100000US3906278,2021,BD,0
Bexley,M100000US3906278,2022,BD,0
Bexley,M100000US3906278,2023,BD,0
Bexley,M100000US3906278,2024.0,BD,0.0
Bexley,M100000US3906278,2025,BD,0
Big Island,M100000US391010634899999,1999,BD,0
Big Island,M100000US391010634899999,2000,BD,0
Big Island,M100000US391010634899999,2001,BD,0
Big Island,M100000US391010634899999,2002,BD,0
Big Island,M100000US391010634899999,2003,BD,0
Big Island,M100000US391010634899999,2004,BD,0
Big Island,M100000US391010634899999,2005,BD,0
Big Island,M100000US391010634899999,2006,BD,0
Big Island,M100000US391010634899999,2007,BD,0
Big Island,M100000US391010634899999,2008,BD,0
Big Island,M100000US391010634899999,2009,BD,0
Big Island,M100000US391010634899999,2010,BD,0
Big Island,M100000US391010634899999,2011,BD,0
Big Island,M100000US391010634899999,2012,BD,0
Big Island,M100000US391010634899999,2013,BD,0
Big Island,M100000US391010634899999,2014,BD,0
Big Island,M100000US391010634899999,2015,BD,0
Big Island,M100000US391010634899999,2016,BD,0
Big Island,M100000US391010634899999,2017,BD,0
Big Island,M100000US391010634899999,2018,BD,0
Big Island,M100000US391010634899999,2019,BD,0
Big Island,M100000US391010634899999,2020,BD,0
Big Island,M100000US391010634899999,2021,BD,0
Big Island,M100000US391010634899999,2022.0,BD,0.0
Big Island,M100000US391010634899999,2023,BD,0
Big Island,M100000US391010634899999,2024,BD,0
Big Island,M100000US391010634899999,2025,BD,0
Blendon,M100000US390490692299999,1999.0,BD,0.0
Blendon,M100000US390490692299999,2000.0,BD,0.0
Blendon,M100000US390490692299999,2001,BD,0
Blendon,M100000US390490692299999,2002,BD,0
Blendon,M100000US390490692299999,2003,BD,0
Blendon,M100000US390490692299999,2004,BD,0
Blendon,M100000US390490692299999,2005,BD,0
Blendon,M100000US390490692299999,2006,BD,0
Blendon,M100000US390490692299999,2007,BD,0
Blendon,M100000US390490692299999,2008,BD,0
Blendon,M100000US390490692299999,2009,BD,0
Blendon,M100000US390490692299999,2010,BD,0
Blendon,M100000US390490692299999,2011,BD,0
Blendon,M100000US390490692299999,2012,BD,0
Blendon,M100000US390490692299999,2013.0,BD,0.0
Blendon,M100000US390490692299999,2014,BD,0
Blendon,M100000US390490692299999,2015,BD,0
Blendon,M100000US390490692299999,2016,BD,0
Blendon,M100000US390490692299999,2017,BD,0
Blendon,M100000US390490692299999,2018,BD,0
Blendon,M100000US390490692299999,2019,BD,0
Blendon,M100000US390490692299999,2020,BD,0
Blendon,M100000US390490692299999,2021,BD,0
Blendon,M100000US390490692299999,2022,BD,0
Blendon,M100000US390490692299999,2023,BD,0
Blendon,M100000US390490692299999,2024,BD,0
Blendon,M100000US390490692299999,2025,BD,0
Brown,M100000US390410942899999,1999,BD,0
Brown,M100000US390490944299999,1999,BD,0
Brown,M100000US390410942899999,2000,BD,0
Brown,M100000US390490944299999,2000,BD,0
Brown,M100000US390410942899999,2001,BD,0
Brown,M100000US390490944299999,2001,BD,0
Brown,M100000US390410942899999,2002,BD,0
Brown,M100000US390490944299999,2002,BD,0
Brown,M100000US390410942899999,2003,BD,0
Brown,M100000US390490944299999,2003,BD,0
Brown,M100000US390410942899999,2004,BD,0
Brown,M100000US390490944299999,2004,BD,0
Brown,M100000US390410942899999,2005,BD,0
Brown,M100000US390490944299999,2005,BD,0
Brown,M100000US390410942899999,2006,BD,0
Brown,M100000US390490944299999,2006,BD,0
Brown,M100000US390410942899999,2007,BD,0
Brown,M100000US390490944299999,2007,BD,0
Brown,M100000US390410942899999,2008,BD,0
Brown,M100000US390490944299999,2008,BD,0
Brown,M100000US390410942899999,2009,BD,0
Brown,M100000US390490944299999,2009,BD,0
Brown,M100000US390410942899999,2010,BD,0
Brown,M100000US390490944299999,2010,BD,0
Brown,M100000US390410942899999,2011.0,BD,0.0
Brown,M100000US390490944299999,2011.0,BD,0.0
Brown,M100000US390410942899999,2012,BD,0
Brown,M100000US390490944299999,2012,BD,0
Brown,M100000US390410942899999,2013,BD,0
Brown,M100000US390490944299999,2013,BD,0
Brown,M100000US390410942899999,2014,BD,0
Brown,M100000US390490944299999,2014,BD,0
Brown,M100000US390410942899999,2015,BD,0
Brown,M100000US390490944299999,2015,BD,0
Brown,M100000US390410942899999,2016,BD,0
Brown,M100000US390490944299999,2016,BD,0
Brown,M100000US390410942899999,2017,BD,0
Brown,M100000US390490944299999,2017,BD,0
Brown,M100000US390410942899999,2018,BD,0
Brown,M100000US390490944299999,2018,BD,0
Brown,M100000US390410942899999,2019,BD,0
Brown,M100000US390490944299999,2019,BD,0
Brown,M100000US390410942899999,2020,BD,0
Brown,M100000US390490944299999,2020,BD,0
Brown,M100000US390410942899999,2021,BD,0
Brown,M100000US390490944299999,2021,BD,0
Brown,M100000US390410942899999,2022.0,BD,0.0
Brown,M100000US390490944299999,2022.0,BD,0.0
Brown,M100000US390410942899999,2023,BD,0
Brown,M100000US390490944299999,2023,BD,0
Brown,M100000US390410942899999,2024,BD,0
Brown,M100000US390490944299999,2024,BD,0
Brown,M100000US390410942899999,2025,BD,0
Brown,M100000US390490944299999,2025,BD,0
Butler,M100000US390831059099999,1999,BD,0
Butler,M100000US390831059099999,2000,BD,0
Butler,M100000US390831059099999,2001,BD,0
Butler,M100000US390831059099999,2002,BD,0
Butler,M100000US390831059099999,2003,BD,0
Butler,M100000US390831059099999,2004,BD,0
Butler,M100000US390831059099999,2005,BD,0
Butler,M100000US390831059099999,2006,BD,0
Butler,M100000US390831059099999,2007,BD,0
Butler,M100000US390831059099999,2008,BD,0
Butler,M100000US390831059099999,2009,BD,0
Butler,M100000US390831059099999,2010,BD,0
Butler,M100000US390831059099999,2011,BD,0
Butler,M100000US390831059099999,2012,BD,0
Butler,M100000US390831059099999,2013,BD,0
Butler,M100000US390831059099999,2014,BD,0
Butler,M100000US390831059099999,2015.0,BD,0.0
Butler,M100000US390831059099999,2016,BD,0
Butler,M100000US390831059099999,2017,BD,0
Butler,M100000US390831059099999,2018,BD,0
Butler,M100000US390831059099999,2019,BD,0
Butler,M100000US390831059099999,2020,BD,0
Butler,M100000US390831059099999,2021,BD,0
Butler,M100000US390831059099999,2022,BD,0
Butler,M100000US390831059099999,2023,BD,0
Butler,M100000US390831059099999,2024,BD,0
Butler,M100000US390831059099999,2025,BD,0
Canaan,M100000US390971123499999,1999,BD,0
Canaan,M100000US390971123499999,2000,BD,0
Canaan,M100000US390971123499999,2001,BD,0
Canaan,M100000US390971123499999,2002,BD,0
Canaan,M100000US390971123499999,2003,BD,0
Canaan,M100000US390971123499999,2004,BD,0
Canaan,M100000US390971123499999,2005,BD,0
Canaan,M100000US390971123499999,2006,BD,0
Canaan,M100000US390971123499999,2007,BD,0
Canaan,M100000US390971123499999,2008,BD,0
Canaan,M100000US390971123499999,2009,BD,0
Canaan,M100000US390971123499999,2010,BD,0
Canaan,M100000US390971123499999,2011,BD,0
Canaan,M100000US390971123499999,2012,BD,0
Canaan,M100000US390971123499999,2013,BD,0
Canaan,M100000US390971123499999,2014,BD,0
Canaan,M100000US390971123499999,2015,BD,0
Canaan,M100000US390971123499999,2016,BD,0
Canaan,M100000US390971123499999,2017,BD,0
Canaan,M100000US390971123499999,2018,BD,0
Canaan,M100000US390971123499999,2019.0,BD,0.0
Canaan,M100000US390971123499999,2020,BD,0
Canaan,M100000US390971123499999,2021.0,BD,0.0
Canaan,M100000US390971123499999,2022,BD,0
Canaan,M100000US390971123499999,2023,BD,0
Canaan,M100000US390971123499999,2024,BD,0
Canaan,M100000US390971123499999,2025,BD,0
Canal Winchester,M100000US3911332,1999,BD,0
Canal Winchester,M100000US3911332,2000,BD,0
Canal Winchester,M100000US3911332,2001,BD,0
Canal Winchester,M100000US3911332,2002,BD,0
Canal Winchester,M100000US3911332,2003,BD,0
Canal Winchester,M100000US3911332,2004,BD,0
Canal Winchester,M100000US3911332,2005,BD,0
Canal Winchester,M100000US3911332,2006,BD,0
Canal Winchester,M100000US3911332,2007,BD,0
Canal Winchester,M100000US3911332,2008.0,BD,0.0
Canal Winchester,M100000US3911332,2009,BD,0
Canal Winchester,M100000US3911332,2010,BD,0
Canal Winchester,M100000US3911332,2011,BD,0
Canal Winchester,M100000US3911332,2012.0,BD,0.0
Canal Winchester,M100000US3911332,2013,BD,0
Canal Winchester,M100000US3911332,2014,BD,0
Canal Winchester,M100000US3911332,2015,BD,0
Canal Winchester,M100000US3911332,2016,BD,0
Canal Winchester,M100000US3911332,2017,BD,0
Canal Winchester,M100000US3911332,2018,BD,0
Canal Winchester,M100000US3911332,2019,BD,0
Canal Winchester,M100000US3911332,2020.0,BD,0.0
Canal Winchester,M100000US3911332,2021.0,BD,0.0
Canal Winchester,M100000US3911332,2022,BD,0
Canal Winchester,M100000US3911332,2023,BD,0
Canal Winchester,M100000US3911332,2024.0,BD,0.0
Canal Winchester,M100000US3911332,2025,BD,0
Chester,M100000US391171403099999,1999,BD,0
Chester,M100000US391171403099999,2000,BD,0
Chester,M100000US391171403099999,2001,BD,0
Chester,M100000US391171403099999,2002,BD,0
Chester,M100000US391171403099999,2003,BD,0
Chester,M100000US391171403099999,2004,BD,0
Chester,M100000US391171403099999,2005,BD,0
Chester,M100000US391171403099999,2006,BD,0
Chester,M100000US391171403099999,2007,BD,0
Chester,M100000US391171403099999,2008,BD,0
Chester,M100000US391171403099999,2009,BD,0
Chester,M100000US391171403099999,2010,BD,0
Chester,M100000US391171403099999,2011,BD,0
Chester,M100000US391171403099999,2012,BD,0
Chester,M100000US391171403099999,2013,BD,0
Chester,M100000US391171403099999,2014,BD,0
Chester,M100000US391171403099999,2015,BD,0
Chester,M100000US391171403099999,2016.0,BD,0.0
Chester,M100000US391171403099999,2017,BD,0
Chester,M100000US391171403099999,2018,BD,0
Chester,M100000US391171403099999,2019,BD,0
Chester,M100000US391171403099999,2020,BD,0
Chester,M100000US391171403099999,2021,BD,0
Chester,M100000US391171403099999,2022,BD,0
Chester,M100000US391171403099999,2023,BD,0
Chester,M100000US391171403099999,2024,BD,0
Chester,M100000US391171403099999,2025,BD,0
Chillicothe,M100000US3914184,1999,BD,0
Chillicothe,M100000US3914184,2000,BD,0
Chillicothe,M100000US3914184,2001,BD,0
Chillicothe,M100000US3914184,2002,BD,0
Chillicothe,M100000US3914184,2003,BD,0
Chillicothe,M100000US3914184,2004,BD,0
Chillicothe,M100000US3914184,2005,BD,0
Chillicothe,M100000US3914184,2006,BD,0
Chillicothe,M100000US3914184,2007,BD,0
Chillicothe,M100000US3914184,2008,BD,0
Chillicothe,M100000US3914184,2009,BD,0
Chillicothe,M100000US3914184,2010,BD,0
Chillicothe,M100000US3914184,2011,BD,0
Chillicothe,M100000US3914184,2012,BD,0
Chillicothe,M100000US3914184,2013,BD,0
Chillicothe,M100000US3914184,2014,BD,0
Chillicothe,M100000US3914184,2015,BD,0
Chillicothe,M100000US3914184,2016.0,BD,0.0
Chillicothe,M100000US3914184,2017,BD,0
Chillicothe,M100000US3914184,2018,BD,0
Chillicothe,M100000US3914184,2019,BD,0
Chillicothe,M100000US3914184,2020.0,BD,0.0
Chillicothe,M100000US3914184,2021,BD,0
Chillicothe,M100000US3914184,2022.0,BD,0.0
Chillicothe,M100000US3914184,2023,BD,0
Chillicothe,M100000US3914184,2024.0,BD,0.0
Chillicothe,M100000US3914184,2025,BD,0
Circleville,M100000US3915070,1999,BD,0
Circleville,M100000US3915070,2000,BD,0
Circleville,M100000US3915070,2001,BD,0
Circleville,M100000US3915070,2002,BD,0
Circleville,M100000US3915070,2003,BD,0
Circleville,M100000US3915070,2004,BD,0
Circleville,M100000US3915070,2005,BD,0
Circleville,M100000US3915070,2006,BD,0
Circleville,M100000US3915070,2007,BD,0
Circleville,M100000US3915070,2008,BD,0
Circleville,M100000US3915070,2009,BD,0
Circleville,M100000US3915070,2010,BD,0
Circleville,M100000US3915070,2011,BD,0
Circleville,M100000US3915070,2012,BD,0
Circleville,M100000US3915070,2013,BD,0
Circleville,M100000US3915070,2014,BD,0
Circleville,M100000US3915070,2015,BD,0
Circleville,M100000US3915070,2016,BD,0
Circleville,M100000US3915070,2017,BD,0
Circleville,M100000US3915070,2018,BD,0
Circleville,M100000US3915070,2019,BD,0
Circleville,M100000US3915070,2020,BD,0
Circleville,M100000US3915070,2021,BD,0
Circleville,M100000US3915070,2022.0,BD,0.0
Circleville,M100000US3915070,2023.0,BD,0.0
Circleville,M100000US3915070,2024,BD,0
Circleville,M100000US3915070,2025,BD,0
Claridon,M100000US391011519699999,1999,BD,0
Claridon,M100000US391011519699999,2000,BD,0
Claridon,M100000US391011519699999,2001,BD,0
Claridon,M100000US391011519699999,2002,BD,0
Claridon,M100000US391011519699999,2003,BD,0
Claridon,M100000US391011519699999,2004,BD,0
Claridon,M100000US391011519699999,2005,BD,0
Claridon,M100000US391011519699999,2006,BD,0
Claridon,M100000US391011519699999,2007.0,BD,0.0
Claridon,M100000US391011519699999,2008,BD,0
Claridon,M100000US391011519699999,2009,BD,0
Claridon,M100000US391011519699999,2010,BD,0
Claridon,M100000US391011519699999,2011,BD,0
Claridon,M100000US391011519699999,2012,BD,0
Claridon,M100000US391011519699999,2013,BD,0
Claridon,M100000US391011519699999,2014,BD,0
Claridon,M100000US391011519699999,2015,BD,0
Claridon,M100000US391011519699999,2016,BD,0
Claridon,M100000US391011519699999,2017,BD,0
Claridon,M100000US391011519699999,2018,BD,0
Claridon,M100000US391011519699999,2019,BD,0
Claridon,M100000US391011519699999,2020,BD,0
Claridon,M100000US391011519699999,2021,BD,0
Claridon,M100000US391011519699999,2022,BD,0
Claridon,M100000US391011519699999,2023,BD,0
Claridon,M100000US391011519699999,2024,BD,0
Claridon,M100000US391011519699999,2025,BD,0
Clay,M100000US390831550499999,1999,BD,0
Clay,M100000US390831550499999,2000,BD,0
Clay,M100000US390831550499999,2001,BD,0
Clay,M100000US390831550499999,2002,BD,0
Clay,M100000US390831550499999,2003,BD,0
Clay,M100000US390831550499999,2004,BD,0
Clay,M100000US390831550499999,2005,BD,0
Clay,M100000US390831550499999,2006,BD,0
Clay,M100000US390831550499999,2007,BD,0
Clay,M100000US390831550499999,2008,BD,0
Clay,M100000US390831550499999,2009,BD,0
Clay,M100000US390831550499999,2010,BD,0
Clay,M100000US390831550499999,2011,BD,0
Clay,M100000US390831550499999,2012,BD,0
Clay,M100000US390831550499999,2013,BD,0
Clay,M100000US390831550499999,2014,BD,0
Clay,M100000US390831550499999,2015,BD,0
Clay,M100000US390831550499999,2016,BD,0
Clay,M100000US390831550499999,2017,BD,0
Clay,M100000US390831550499999,2018,BD,0
Clay,M100000US390831550499999,2019,BD,0
Clay,M100000US390831550499999,2020,BD,0
Clay,M100000US390831550499999,2021,BD,0
Clay,M100000US390831550499999,2022,BD,0
Clay,M100000US390831550499999,2023.0,BD,0.0
Clay,M100000US390831550499999,2024,BD,0
Clay,M100000US390831550499999,2025,BD,0
Clinton,M100000US390491611299999,1999,BD,0
Clinton,M100000US390491611299999,2000,BD,0
Clinton,M100000US390491611299999,2001,BD,0
Clinton,M100000US390491611299999,2002,BD,0
Clinton,M100000US390491611299999,2003,BD,0
Clinton,M100000US390491611299999,2004,BD,0
Clinton,M100000US390491611299999,2005,BD,0
Clinton,M100000US390491611299999,2006,BD,0
Clinton,M100000US390491611299999,2007,BD,0
Clinton,M100000US390491611299999,2008,BD,0
Clinton,M100000US390491611299999,2009,BD,0
Clinton,M100000US390491611299999,2010,BD,0
Clinton,M100000US390491611299999,2011,BD,0
Clinton,M100000US390491611299999,2012,BD,0
Clinton,M100000US390491611299999,2013,BD,0
Clinton,M100000US390491611299999,2014,BD,0
Clinton,M100000US390491611299999,2015,BD,0
Clinton,M100000US390491611299999,2016,BD,0
Clinton,M100000US390491611299999,2017,BD,0
Clinton,M100000US390491611299999,2018,BD,0
Clinton,M100000US390491611299999,2019,BD,0
Clinton,M100000US390491611299999,2020.0,BD,0.0
Clinton,M100000US390491611299999,2021.0,BD,0.0
Clinton,M100000US390491611299999,2022,BD,0
Clinton,M100000US390491611299999,2023,BD,0
Clinton,M100000US390491611299999,2024,BD,0
Clinton,M100000US390491611299999,2025,BD,0
Columbus,M100000US3918000,1999,BD,0
Columbus,M100000US3918000,2000.0,BD,0.0
Columbus,M100000US3918000,2001,BD,0
Columbus,M100000US3918000,2002,BD,0
Columbus,M100000US3918000,2003,BD,0
Columbus,M100000US3918000,2004.0,BD,0.0
Columbus,M100000US3918000,2005,BD,0
Columbus,M100000US3918000,2006.0,BD,0.0
Columbus,M100000US3918000,2007,BD,0
Columbus,M100000US3918000,2008.0,BD,0.0
Columbus,M100000US3918000,2009,BD,0
Columbus,M100000US3918000,2010,BD,0
Columbus,M100000US3918000,2011.0,BD,0.0
Columbus,M100000US3918000,2012.0,BD,0.0
Columbus,M100000US3918000,2013.0,BD,0.0
Columbus,M100000US3918000,2014.0,BD,0.0
Columbus,M100000US3918000,2015.0,BD,0.0
Columbus,M100000US3918000,2016.0,BD,0.0
Columbus,M100000US3918000,2017.0,BD,0.0
Columbus,M100000US3918000,2018.0,BD,0.0
Columbus,M100000US3918000,2019.0,BD,0.0
Columbus,M100000US3918000,2020.0,BD,0.0
Columbus,M100000US3918000,2021.0,BD,0.0
Columbus,M100000US3918000,2022.0,BD,0.0
Columbus,M100000US3918000,2023.0,BD,0.0
Columbus,M100000US3918000,2024.0,BD,0.0
Columbus,M100000US3918000,2025.0,BD,0.0
Delaware,M100000US3921434,1999,BD,0
Delaware,M100000US390412144899999,1999,BD,0
Delaware,M100000US3921434,2000,BD,0
Delaware,M100000US390412144899999,2000,BD,0
Delaware,M100000US3921434,2001,BD,0
Delaware,M100000US390412144899999,2001,BD,0
Delaware,M100000US3921434,2002,BD,0
Delaware,M100000US390412144899999,2002,BD,0
Delaware,M100000US3921434,2003,BD,0
Delaware,M100000US390412144899999,2003,BD,0
Delaware,M100000US3921434,2004,BD,0
Delaware,M100000US390412144899999,2004,BD,0
Delaware,M100000US3921434,2005,BD,0
Delaware,M100000US390412144899999,2005,BD,0
Delaware,M100000US3921434,2006,BD,0
Delaware,M100000US390412144899999,2006,BD,0
Delaware,M100000US3921434,2007,BD,0
Delaware,M100000US390412144899999,2007,BD,0
Delaware,M100000US3921434,2008,BD,0
Delaware,M100000US390412144899999,2008,BD,0
Delaware,M100000US3921434,2009,BD,0
Delaware,M100000US390412144899999,2009,BD,0
Delaware,M100000US3921434,2010,BD,0
Delaware,M100000US390412144899999,2010,BD,0
Delaware,M100000US3921434,2011.0,BD,0.0
Delaware,M100000US390412144899999,2011.0,BD,0.0
Delaware,M100000US3921434,2012,BD,0
Delaware,M100000US390412144899999,2012,BD,0
Delaware,M100000US3921434,2013.0,BD,0.0
Delaware,M100000US390412144899999,2013.0,BD,0.0
Delaware,M100000US3921434,2014,BD,0
Delaware,M100000US390412144899999,2014,BD,0
Delaware,M100000US3921434,2015,BD,0
Delaware,M100000US390412144899999,2015,BD,0
Delaware,M100000US3921434,2016,BD,0
Delaware,M100000US390412144899999,2016,BD,0
Delaware,M100000US3921434,2017.0,BD,0.0
Delaware,M100000US390412144899999,2017.0,BD,0.0
Delaware,M100000US3921434,2018,BD,0
Delaware,M100000US390412144899999,2018,BD,0
Delaware,M100000US3921434,2019.0,BD,0.0
Delaware,M100000US390412144899999,2019.0,BD,0.0
Delaware,M100000US3921434,2020,BD,0
Delaware,M100000US390412144899999,2020,BD,0
Delaware,M100000US3921434,2021.0,BD,0.0
Delaware,M100000US390412144899999,2021.0,BD,0.0
Delaware,M100000US3921434,2022.0,BD,0.0
Delaware,M100000US390412144899999,2022.0,BD,0.0
Delaware,M100000US3921434,2023.0,BD,0.0
Delaware,M100000US390412144899999,2023.0,BD,0.0
Delaware,M100000US3921434,2024.0,BD,0.0
Delaware,M100000US390412144899999,2024.0,BD,0.0
Delaware,M100000US3921434,2025.0,BD,0.0
Delaware,M100000US390412144899999,2025.0,BD,0.0
Dublin,M100000US3922694,1999,BD,0
Dublin,M100000US3922694,2000,BD,0
Dublin,M100000US3922694,2001,BD,0
Dublin,M100000US3922694,2002,BD,0
Dublin,M100000US3922694,2003,BD,0
Dublin,M100000US3922694,2004,BD,0
Dublin,M100000US3922694,2005,BD,0
Dublin,M100000US3922694,2006,BD,0
Dublin,M100000US3922694,2007,BD,0
Dublin,M100000US3922694,2008,BD,0
Dublin,M100000US3922694,2009,BD,0
Dublin,M100000US3922694,2010,BD,0
Dublin,M100000US3922694,2011,BD,0
Dublin,M100000US3922694,2012.0,BD,0.0
Dublin,M100000US3922694,2013,BD,0
Dublin,M100000US3922694,2014,BD,0
Dublin,M100000US3922694,2015,BD,0
Dublin,M100000US3922694,2016,BD,0
Dublin,M100000US3922694,2017,BD,0
Dublin,M100000US3922694,2018.0,BD,0.0
Dublin,M100000US3922694,2019.0,BD,0.0
Dublin,M100000US3922694,2020.0,BD,0.0
Dublin,M100000US3922694,2021.0,BD,0.0
Dublin,M100000US3922694,2022.0,BD,0.0
Dublin,M100000US3922694,2023.0,BD,0.0
Dublin,M100000US3922694,2024.0,BD,0.0
Dublin,M100000US3922694,2025,BD,0
Franklin,M100000US390492828099999,1999,BD,0
Franklin,M100000US390492828099999,2000,BD,0
Franklin,M100000US390492828099999,2001,BD,0
Franklin,M100000US390492828099999,2002,BD,0
Franklin,M100000US390492828099999,2003,BD,0
Franklin,M100000US390492828099999,2004,BD,0
Franklin,M100000US390492828099999,2005,BD,0
Franklin,M100000US390492828099999,2006,BD,0
Franklin,M100000US390492828099999,2007,BD,0
Franklin,M100000US390492828099999,2008,BD,0
Franklin,M100000US390492828099999,2009.0,BD,1.0
Franklin,M100000US390492828099999,2010,BD,0
Franklin,M100000US390492828099999,2011,BD,0
Franklin,M100000US390492828099999,2012,BD,0
Franklin,M100000US390492828099999,2013,BD,0
Franklin,M100000US390492828099999,2014,BD,0
Franklin,M100000US390492828099999,2015,BD,0
Franklin,M100000US390492828099999,2016,BD,0
Franklin,M100000US390492828099999,2017,BD,0
Franklin,M100000US390492828099999,2018,BD,0
Franklin,M100000US390492828099999,2019,BD,0
Franklin,M100000US390492828099999,2020,BD,0
Franklin,M100000US390492828099999,2021,BD,0
Franklin,M100000US390492828099999,2022.0,BD,0.0
Franklin,M100000US390492828099999,2023,BD,0
Franklin,M100000US390492828099999,2024,BD,0
Franklin,M100000US390492828099999,2025,BD,0
Fredericktown,M100000US3928658,1999,BD,0
Fredericktown,M100000US3928658,2000,BD,0
Fredericktown,M100000US3928658,2001,BD,0
Fredericktown,M100000US3928658,2002,BD,0
Fredericktown,M100000US3928658,2003,BD,0
Fredericktown,M100000US3928658,2004,BD,0
Fredericktown,M100000US3928658,2005,BD,0
Fredericktown,M100000US3928658,2006,BD,0
Fredericktown,M100000US3928658,2007,BD,0
Fredericktown,M100000US3928658,2008,BD,0
Fredericktown,M100000US3928658,2009,BD,0
Fredericktown,M100000US3928658,2010,BD,0
Fredericktown,M100000US3928658,2011,BD,0
Fredericktown,M100000US3928658,2012,BD,0
Fredericktown,M100000US3928658,2013,BD,0
Fredericktown,M100000US3928658,2014,BD,0
Fredericktown,M100000US3928658,2015,BD,0
Fredericktown,M100000US3928658,2016,BD,0
Fredericktown,M100000US3928658,2017,BD,0
Fredericktown,M100000US3928658,2018,BD,0
Fredericktown,M100000US3928658,2019,BD,0
Fredericktown,M100000US3928658,2020,BD,0
Fredericktown,M100000US3928658,2021,BD,0
Fredericktown,M100000US3928658,2022,BD,0
Fredericktown,M100000US3928658,2023.0,BD,0.0
Fredericktown,M100000US3928658,2024,BD,0
Fredericktown,M100000US3928658,2025,BD,0
Gahanna,M100000US3929106,1999,BD,0
Gahanna,M100000US3929106,2000,BD,0
Gahanna,M100000US3929106,2001,BD,0
Gahanna,M100000US3929106,2002,BD,0
Gahanna,M100000US3929106,2003,BD,0
Gahanna,M100000US3929106,2004,BD,0
Gahanna,M100000US3929106,2005,BD,0
Gahanna,M100000US3929106,2006,BD,0
Gahanna,M100000US3929106,2007,BD,0
Gahanna,M100000US3929106,2008,BD,0
Gahanna,M100000US3929106,2009,BD,0
Gahanna,M100000US3929106,2010,BD,0
Gahanna,M100000US3929106,2011,BD,0
Gahanna,M100000US3929106,2012,BD,0
Gahanna,M100000US3929106,2013,BD,0
Gahanna,M100000US3929106,2014,BD,0
Gahanna,M100000US3929106,2015.0,BD,0.0
Gahanna,M100000US3929106,2016,BD,0
Gahanna,M100000US3929106,2017,BD,0
Gahanna,M100000US3929106,2018,BD,0
Gahanna,M100000US3929106,2019.0,BD,0.0
Gahanna,M100000US3929106,2020.0,BD,0.0
Gahanna,M100000US3929106,2021.0,BD,0.0
Gahanna,M100000US3929106,2022.0,BD,0.0
Gahanna,M100000US3929106,2023,BD,0
Gahanna,M100000US3929106,2024,BD,0
Gahanna,M100000US3929106,2025,BD,0
Gambier,M100000US3929246,1999,BD,0
Gambier,M100000US3929246,2000,BD,0
Gambier,M100000US3929246,2001,BD,0
Gambier,M100000US3929246,2002,BD,0
Gambier,M100000US3929246,2003,BD,0
Gambier,M100000US3929246,2004,BD,0
Gambier,M100000US3929246,2005,BD,0
Gambier,M100000US3929246,2006,BD,0
Gambier,M100000US3929246,2007,BD,0
Gambier,M100000US3929246,2008,BD,0
Gambier,M100000US3929246,2009,BD,0
Gambier,M100000US3929246,2010,BD,0
Gambier,M100000US3929246,2011,BD,0
Gambier,M100000US3929246,2012,BD,0
Gambier,M100000US3929246,2013,BD,0
Gambier,M100000US3929246,2014,BD,0
Gambier,M100000US3929246,2015,BD,0
Gambier,M100000US3929246,2016,BD,0
Gambier,M100000US3929246,2017.0,BD,0.0
Gambier,M100000US3929246,2018,BD,0
Gambier,M100000US3929246,2019,BD,0
Gambier,M100000US3929246,2020.0,BD,0.0
Gambier,M100000US3929246,2021.0,BD,0.0
Gambier,M100000US3929246,2022,BD,0
Gambier,M100000US3929246,2023.0,BD,0.0
Gambier,M100000US3929246,2024,BD,0
Gambier,M100000US3929246,2025,BD,0
Grand Prairie,M100000US391013119299999,1999,BD,0
Grand Prairie,M100000US391013119299999,2000,BD,0
Grand Prairie,M100000US391013119299999,2001,BD,0
Grand Prairie,M100000US391013119299999,2002,BD,0
Grand Prairie,M100000US391013119299999,2003,BD,0
Grand Prairie,M100000US391013119299999,2004,BD,0
Grand Prairie,M100000US391013119299999,2005,BD,0
Grand Prairie,M100000US391013119299999,2006,BD,0
Grand Prairie,M100000US391013119299999,2007,BD,0
Grand Prairie,M100000US391013119299999,2008,BD,0
Grand Prairie,M100000US391013119299999,2009,BD,0
Grand Prairie,M100000US391013119299999,2010,BD,0
Grand Prairie,M100000US391013119299999,2011,BD,0
Grand Prairie,M100000US391013119299999,2012,BD,0
Grand Prairie,M100000US391013119299999,2013,BD,0
Grand Prairie,M100000US391013119299999,2014,BD,0
Grand Prairie,M100000US391013119299999,2015,BD,0
Grand Prairie,M100000US391013119299999,2016,BD,0
Grand Prairie,M100000US391013119299999,2017,BD,0
Grand Prairie,M100000US391013119299999,2018,BD,0
Grand Prairie,M100000US391013119299999,2019,BD,0
Grand Prairie,M100000US391013119299999,2020,BD,0
Grand Prairie,M100000US391013119299999,2021,BD,0
Grand Prairie,M100000US391013119299999,2022,BD,0
Grand Prairie,M100000US391013119299999,2023.0,BD,0.0
Grand Prairie,M100000US391013119299999,2024,BD,0
Grand Prairie,M100000US391013119299999,2025,BD,0
Grandview Heights,M100000US3931304,1999,BD,0
Grandview Heights,M100000US3931304,2000,BD,0
Grandview Heights,M100000US3931304,2001,BD,0
Grandview Heights,M100000US3931304,2002,BD,0
Grandview Heights,M100000US3931304,2003,BD,0
Grandview Heights,M100000US3931304,2004,BD,0
Grandview Heights,M100000US3931304,2005,BD,0
Grandview Heights,M100000US3931304,2006,BD,0
Grandview Heights,M100000US3931304,2007,BD,0
Grandview Heights,M100000US3931304,2008,BD,0
Grandview Heights,M100000US3931304,2009,BD,0
Grandview Heights,M100000US3931304,2010,BD,0
Grandview Heights,M100000US3931304,2011,BD,0
Grandview Heights,M100000US3931304,2012,BD,0
Grandview Heights,M100000US3931304,2013,BD,0
Grandview Heights,M100000US3931304,2014,BD,0
Grandview Heights,M100000US3931304,2015,BD,0
Grandview Heights,M100000US3931304,2016,BD,0
Grandview Heights,M100000US3931304,2017,BD,0
Grandview Heights,M100000US3931304,2018,BD,0
Grandview Heights,M100000US3931304,2019.0,BD,0.0
Grandview Heights,M100000US3931304,2020.0,BD,0.0
Grandview Heights,M100000US3931304,2021.0,BD,0.0
Grandview Heights,M100000US3931304,2022.0,BD,0.0
Grandview Heights,M100000US3931304,2023.0,BD,0.0
Grandview Heights,M100000US3931304,2024,BD,0
Grandview Heights,M100000US3931304,2025,BD,0
Granville,M100000US3931402,1999,BD,0
Granville,M100000US3931402,2000,BD,0
Granville,M100000US3931402,2001,BD,0
Granville,M100000US3931402,2002,BD,0
Granville,M100000US3931402,2003,BD,0
Granville,M100000US3931402,2004,BD,0
Granville,M100000US3931402,2005,BD,0
Granville,M100000US3931402,2006,BD,0
Granville,M100000US3931402,2007,BD,0
Granville,M100000US3931402,2008,BD,0
Granville,M100000US3931402,2009,BD,0
Granville,M100000US3931402,2010,BD,0
Granville,M100000US3931402,2011,BD,0
Granville,M100000US3931402,2012,BD,0
Granville,M100000US3931402,2013,BD,0
Granville,M100000US3931402,2014,BD,0
Granville,M100000US3931402,2015,BD,0
Granville,M100000US3931402,2016,BD,0
Granville,M100000US3931402,2017,BD,0
Granville,M100000US3931402,2018,BD,0
Granville,M100000US3931402,2019.0,BD,0.0
Granville,M100000US3931402,2020,BD,0
Granville,M100000US3931402,2021,BD,0
Granville,M100000US3931402,2022.0,BD,0.0
Granville,M100000US3931402,2023.0,BD,0.0
Granville,M100000US3931402,2024,BD,0
Granville,M100000US3931402,2025,BD,0
Green,M100000US391413182299999,1999,BD,0
Green,M100000US391413182299999,2000,BD,0
Green,M100000US391413182299999,2001,BD,0
Green,M100000US391413182299999,2002,BD,0
Green,M100000US391413182299999,2003,BD,0
Green,M100000US391413182299999,2004,BD,0
Green,M100000US391413182299999,2005,BD,0
Green,M100000US391413182299999,2006,BD,0
Green,M100000US391413182299999,2007,BD,0
Green,M100000US391413182299999,2008,BD,0
Green,M100000US391413182299999,2009,BD,0
Green,M100000US391413182299999,2010,BD,0
Green,M100000US391413182299999,2011,BD,0
Green,M100000US391413182299999,2012,BD,0
Green,M100000US391413182299999,2013,BD,0
Green,M100000US391413182299999,2014,BD,0
Green,M100000US391413182299999,2015.0,BD,0.0
Green,M100000US391413182299999,2016,BD,0
Green,M100000US391413182299999,2017,BD,0
Green,M100000US391413182299999,2018,BD,0
Green,M100000US391413182299999,2019.0,BD,0.0
Green,M100000US391413182299999,2020,BD,0
Green,M100000US391413182299999,2021.0,BD,0.0
Green,M100000US391413182299999,2022,BD,0
Green,M100000US391413182299999,2023,BD,0
Green,M100000US391413182299999,2024,BD,0
Green,M100000US391413182299999,2025,BD,0
Greenfield,M100000US390453206099999,1999,BD,0
Greenfield,M100000US390453206099999,2000,BD,0
Greenfield,M100000US390453206099999,2001,BD,0
Greenfield,M100000US390453206099999,2002,BD,0
Greenfield,M100000US390453206099999,2003,BD,0
Greenfield,M100000US390453206099999,2004,BD,0
Greenfield,M100000US390453206099999,2005,BD,0
Greenfield,M100000US390453206099999,2006,BD,0
Greenfield,M100000US390453206099999,2007,BD,0
Greenfield,M100000US390453206099999,2008,BD,0
Greenfield,M100000US390453206099999,2009,BD,0
Greenfield,M100000US390453206099999,2010,BD,0
Greenfield,M100000US390453206099999,2011,BD,0
Greenfield,M100000US390453206099999,2012,BD,0
Greenfield,M100000US390453206099999,2013,BD,0
Greenfield,M100000US390453206099999,2014,BD,0
Greenfield,M100000US390453206099999,2015,BD,0
Greenfield,M100000US390453206099999,2016.0,BD,0.0
Greenfield,M100000US390453206099999,2017,BD,0
Greenfield,M100000US390453206099999,2018,BD,0
Greenfield,M100000US390453206099999,2019,BD,0
Greenfield,M100000US390453206099999,2020,BD,0
Greenfield,M100000US390453206099999,2021,BD,0
Greenfield,M100000US390453206099999,2022.0,BD,0.0
Greenfield,M100000US390453206099999,2023,BD,0
Greenfield,M100000US390453206099999,2024.0,BD,0.0
Greenfield,M100000US390453206099999,2025,BD,0
Grove City,M100000US3932592,1999,BD,0
Grove City,M100000US3932592,2000,BD,0
Grove City,M100000US3932592,2001,BD,0
Grove City,M100000US3932592,2002,BD,0
Grove City,M100000US3932592,2003,BD,0
Grove City,M100000US3932592,2004,BD,0
Grove City,M100000US3932592,2005,BD,0
Grove City,M100000US3932592,2006,BD,0
Grove City,M100000US3932592,2007,BD,0
Grove City,M100000US3932592,2008.0,BD,0.0
Grove City,M100000US3932592,2009,BD,0
Grove City,M100000US3932592,2010,BD,0
Grove City,M100000US3932592,2011,BD,0
Grove City,M100000US3932592,2012,BD,0
Grove City,M100000US3932592,2013,BD,0
Grove City,M100000US3932592,2014,BD,0
Grove City,M100000US3932592,2015.0,BD,0.0
Grove City,M100000US3932592,2016,BD,0
Grove City,M100000US3932592,2017,BD,0
Grove City,M100000US3932592,2018,BD,0
Grove City,M100000US3932592,2019.0,BD,0.0
Grove City,M100000US3932592,2020.0,BD,0.0
Grove City,M100000US3932592,2021.0,BD,0.0
Grove City,M100000US3932592,2022.0,BD,0.0
Grove City,M100000US3932592,2023.0,BD,0.0
Grove City,M100000US3932592,2024,BD,0
Grove City,M100000US3932592,2025,BD,0
Groveport,M100000US3932606,1999,BD,0
Groveport,M100000US3932606,2000,BD,0
Groveport,M100000US3932606,2001,BD,0
Groveport,M100000US3932606,2002,BD,0
Groveport,M100000US3932606,2003,BD,0
Groveport,M100000US3932606,2004,BD,0
Groveport,M100000US3932606,2005,BD,0
Groveport,M100000US3932606,2006,BD,0
Groveport,M100000US3932606,2007,BD,0
Groveport,M100000US3932606,2008,BD,0
Groveport,M100000US3932606,2009,BD,0
Groveport,M100000US3932606,2010,BD,0
Groveport,M100000US3932606,2011,BD,0
Groveport,M100000US3932606,2012,BD,0
Groveport,M100000US3932606,2013,BD,0
Groveport,M100000US3932606,2014,BD,0
Groveport,M100000US3932606,2015,BD,0
Groveport,M100000US3932606,2016,BD,0
Groveport,M100000US3932606,2017,BD,0
Groveport,M100000US3932606,2018,BD,0
Groveport,M100000US3932606,2019,BD,0
Groveport,M100000US3932606,2020,BD,0
Groveport,M100000US3932606,2021,BD,0
Groveport,M100000US3932606,2022.0,BD,0.0
Groveport,M100000US3932606,2023,BD,0
Groveport,M100000US3932606,2024,BD,0
Groveport,M100000US3932606,2025,BD,0
Hamilton,M100000US390493302699999,1999,BD,0
Hamilton,M100000US390493302699999,2000,BD,0
Hamilton,M100000US390493302699999,2001,BD,0
Hamilton,M100000US390493302699999,2002,BD,0
Hamilton,M100000US390493302699999,2003,BD,0
Hamilton,M100000US390493302699999,2004,BD,0
Hamilton,M100000US390493302699999,2005,BD,0
Hamilton,M100000US390493302699999,2006,BD,0
Hamilton,M100000US390493302699999,2007,BD,0
Hamilton,M100000US390493302699999,2008,BD,0
Hamilton,M100000US390493302699999,2009,BD,0
Hamilton,M100000US390493302699999,2010,BD,0
Hamilton,M100000US390493302699999,2011,BD,0
Hamilton,M100000US390493302699999,2012,BD,0
Hamilton,M100000US390493302699999,2013,BD,0
Hamilton,M100000US390493302699999,2014,BD,0
Hamilton,M100000US390493302699999,2015,BD,0
Hamilton,M100000US390493302699999,2016,BD,0
Hamilton,M100000US390493302699999,2017,BD,0
Hamilton,M100000US390493302699999,2018,BD,0
Hamilton,M100000US390493302699999,2019,BD,0
Hamilton,M100000US390493302699999,2020,BD,0
Hamilton,M100000US390493302699999,2021,BD,0
Hamilton,M100000US390493302699999,2022.0,BD,0.0
Hamilton,M100000US390493302699999,2023,BD,0
Hamilton,M100000US390493302699999,2024,BD,0
Hamilton,M100000US390493302699999,2025,BD,0
Harrison,M100000US390913390899999,1999,BD,0
Harrison,M100000US390913390899999,2000,BD,0
Harrison,M100000US390913390899999,2001,BD,0
Harrison,M100000US390913390899999,2002,BD,0
Harrison,M100000US390913390899999,2003,BD,0
Harrison,M100000US390913390899999,2004,BD,0
Harrison,M100000US390913390899999,2005,BD,0
Harrison,M100000US390913390899999,2006,BD,0
Harrison,M100000US390913390899999,2007,BD,0
Harrison,M100000US390913390899999,2008,BD,0
Harrison,M100000US390913390899999,2009,BD,0
Harrison,M100000US390913390899999,2010,BD,0
Harrison,M100000US390913390899999,2011,BD,0
Harrison,M100000US390913390899999,2012,BD,0
Harrison,M100000US390913390899999,2013,BD,0
Harrison,M100000US390913390899999,2014,BD,0
Harrison,M100000US390913390899999,2015,BD,0
Harrison,M100000US390913390899999,2016,BD,0
Harrison,M100000US390913390899999,2017,BD,0
Harrison,M100000US390913390899999,2018,BD,0
Harrison,M100000US390913390899999,2019,BD,0
Harrison,M100000US390913390899999,2020,BD,0
Harrison,M100000US390913390899999,2021.0,BD,0.0
Harrison,M100000US390913390899999,2022,BD,0
Harrison,M100000US390913390899999,2023,BD,0
Harrison,M100000US390913390899999,2024,BD,0
Harrison,M100000US390913390899999,2025,BD,0
Heath,M100000US3934748,1999,BD,0
Heath,M100000US3934748,2000,BD,0
Heath,M100000US3934748,2001,BD,0
Heath,M100000US3934748,2002,BD,0
Heath,M100000US3934748,2003,BD,0
Heath,M100000US3934748,2004,BD,0
Heath,M100000US3934748,2005,BD,0
Heath,M100000US3934748,2006,BD,0
Heath,M100000US3934748,2007,BD,0
Heath,M100000US3934748,2008,BD,0
Heath,M100000US3934748,2009,BD,0
Heath,M100000US3934748,2010,BD,0
Heath,M100000US3934748,2011.0,BD,0.0
Heath,M100000US3934748,2012,BD,0
Heath,M100000US3934748,2013,BD,0
Heath,M100000US3934748,2014,BD,0
Heath,M100000US3934748,2015,BD,0
Heath,M100000US3934748,2016,BD,0
Heath,M100000US3934748,2017.0,BD,0.0
Heath,M100000US3934748,2018,BD,0
Heath,M100000US3934748,2019,BD,0
Heath,M100000US3934748,2020,BD,0
Heath,M100000US3934748,2021.0,BD,0.0
Heath,M100000US3934748,2022,BD,0
Heath,M100000US3934748,2023.0,BD,0.0
Heath,M100000US3934748,2024.0,BD,0.0
Heath,M100000US3934748,2025,BD,0
Hebron,M100000US3934790,1999,BD,0
Hebron,M100000US3934790,2000,BD,0
Hebron,M100000US3934790,2001,BD,0
Hebron,M100000US3934790,2002,BD,0
Hebron,M100000US3934790,2003,BD,0
Hebron,M100000US3934790,2004,BD,0
Hebron,M100000US3934790,2005,BD,0
Hebron,M100000US3934790,2006,BD,0
Hebron,M100000US3934790,2007,BD,0
Hebron,M100000US3934790,2008,BD,0
Hebron,M100000US3934790,2009,BD,0
Hebron,M100000US3934790,2010,BD,0
Hebron,M100000US3934790,2011,BD,0
Hebron,M100000US3934790,2012,BD,0
Hebron,M100000US3934790,2013,BD,0
Hebron,M100000US3934790,2014,BD,0
Hebron,M100000US3934790,2015,BD,0
Hebron,M100000US3934790,2016,BD,0
Hebron,M100000US3934790,2017,BD,0
Hebron,M100000US3934790,2018,BD,0
Hebron,M100000US3934790,2019,BD,0
Hebron,M100000US3934790,2020,BD,0
Hebron,M100000US3934790,2021,BD,0
Hebron,M100000US3934790,2022.0,BD,0.0
Hebron,M100000US3934790,2023,BD,0
Hebron,M100000US3934790,2024,BD,0
Hebron,M100000US3934790,2025,BD,0
Hilliard,M100000US3935476,1999,BD,0
Hilliard,M100000US3935476,2000,BD,0
Hilliard,M100000US3935476,2001,BD,0
Hilliard,M100000US3935476,2002,BD,0
Hilliard,M100000US3935476,2003,BD,0
Hilliard,M100000US3935476,2004,BD,0
Hilliard,M100000US3935476,2005,BD,0
Hilliard,M100000US3935476,2006,BD,0
Hilliard,M100000US3935476,2007,BD,0
Hilliard,M100000US3935476,2008,BD,0
Hilliard,M100000US3935476,2009,BD,0
Hilliard,M100000US3935476,2010,BD,0
Hilliard,M100000US3935476,2011.0,BD,0.0
Hilliard,M100000US3935476,2012.0,BD,0.0
Hilliard,M100000US3935476,2013,BD,0
Hilliard,M100000US3935476,2014.0,BD,0.0
Hilliard,M100000US3935476,2015,BD,0
Hilliard,M100000US3935476,2016,BD,0
Hilliard,M100000US3935476,2017.0,BD,0.0
Hilliard,M100000US3935476,2018,BD,0
Hilliard,M100000US3935476,2019.0,BD,0.0
Hilliard,M100000US3935476,2020.0,BD,0.0
Hilliard,M100000US3935476,2021,BD,0
Hilliard,M100000US3935476,2022.0,BD,0.0
Hilliard,M100000US3935476,2023,BD,0
Hilliard,M100000US3935476,2024.0,BD,0.0
Hilliard,M100000US3935476,2025,BD,0
Jefferson,M100000US390473859899999,1999,BD,0
Jefferson,M100000US390973869699999,1999,BD,0
Jefferson,M100000US390473859899999,2000,BD,0
Jefferson,M100000US390973869699999,2000,BD,0
Jefferson,M100000US390473859899999,2001,BD,0
Jefferson,M100000US390973869699999,2001,BD,0
Jefferson,M100000US390473859899999,2002,BD,0
Jefferson,M100000US390973869699999,2002,BD,0
Jefferson,M100000US390473859899999,2003,BD,0
Jefferson,M100000US390973869699999,2003,BD,0
Jefferson,M100000US390473859899999,2004,BD,0
Jefferson,M100000US390973869699999,2004,BD,0
Jefferson,M100000US390473859899999,2005,BD,0
Jefferson,M100000US390973869699999,2005,BD,0
Jefferson,M100000US390473859899999,2006,BD,0
Jefferson,M100000US390973869699999,2006,BD,0
Jefferson,M100000US390473859899999,2007,BD,0
Jefferson,M100000US390973869699999,2007,BD,0
Jefferson,M100000US390473859899999,2008,BD,0
Jefferson,M100000US390973869699999,2008,BD,0
Jefferson,M100000US390473859899999,2009,BD,0
Jefferson,M100000US390973869699999,2009,BD,0
Jefferson,M100000US390473859899999,2010,BD,0
Jefferson,M100000US390973869699999,2010,BD,0
Jefferson,M100000US390473859899999,2011,BD,0
Jefferson,M100000US390973869699999,2011,BD,0
Jefferson,M100000US390473859899999,2012,BD,0
Jefferson,M100000US390973869699999,2012,BD,0
Jefferson,M100000US390473859899999,2013,BD,0
Jefferson,M100000US390973869699999,2013,BD,0
Jefferson,M100000US390473859899999,2014,BD,0
Jefferson,M100000US390973869699999,2014,BD,0
Jefferson,M100000US390473859899999,2015,BD,0
Jefferson,M100000US390973869699999,2015,BD,0
Jefferson,M100000US390473859899999,2016,BD,0
Jefferson,M100000US390973869699999,2016,BD,0
Jefferson,M100000US390473859899999,2017,BD,0
Jefferson,M100000US390973869699999,2017,BD,0
Jefferson,M100000US390473859899999,2018,BD,0
Jefferson,M100000US390973869699999,2018,BD,0
Jefferson,M100000US390473859899999,2019,BD,0
Jefferson,M100000US390973869699999,2019,BD,0
Jefferson,M100000US390473859899999,2020,BD,0
Jefferson,M100000US390973869699999,2020,BD,0
Jefferson,M100000US390473859899999,2021,BD,0
Jefferson,M100000US390973869699999,2021,BD,0
Jefferson,M100000US390473859899999,2022.0,BD,0.0
Jefferson,M100000US390973869699999,2022.0,BD,0.0
Jefferson,M100000US390473859899999,2023.0,BD,0.0
Jefferson,M100000US390973869699999,2023.0,BD,0.0
Jefferson,M100000US390473859899999,2024,BD,0
Jefferson,M100000US390973869699999,2024,BD,0
Jefferson,M100000US390473859899999,2025,BD,0
Jefferson,M100000US390973869699999,2025,BD,0
Jeffersonville,M100000US3938920,1999,BD,0
Jeffersonville,M100000US3938920,2000,BD,0
Jeffersonville,M100000US3938920,2001,BD,0
Jeffersonville,M100000US3938920,2002,BD,0
Jeffersonville,M100000US3938920,2003,BD,0
Jeffersonville,M100000US3938920,2004,BD,0
Jeffersonville,M100000US3938920,2005,BD,0
Jeffersonville,M100000US3938920,2006,BD,0
Jeffersonville,M100000US3938920,2007,BD,0
Jeffersonville,M100000US3938920,2008,BD,0
Jeffersonville,M100000US3938920,2009,BD,0
Jeffersonville,M100000US3938920,2010,BD,0
Jeffersonville,M100000US3938920,2011,BD,0
Jeffersonville,M100000US3938920,2012,BD,0
Jeffersonville,M100000US3938920,2013,BD,0
Jeffersonville,M100000US3938920,2014,BD,0
Jeffersonville,M100000US3938920,2015.0,BD,0.0
Jeffersonville,M100000US3938920,2016,BD,0
Jeffersonville,M100000US3938920,2017,BD,0
Jeffersonville,M100000US3938920,2018,BD,0
Jeffersonville,M100000US3938920,2019,BD,0
Jeffersonville,M100000US3938920,2020,BD,0
Jeffersonville,M100000US3938920,2021,BD,0
Jeffersonville,M100000US3938920,2022,BD,0
Jeffersonville,M100000US3938920,2023,BD,0
Jeffersonville,M100000US3938920,2024.0,BD,0.0
Jeffersonville,M100000US3938920,2025,BD,0
Jerome,M100000US391593904699999,1999,BD,0
Jerome,M100000US391593904699999,2000,BD,0
Jerome,M100000US391593904699999,2001,BD,0
Jerome,M100000US391593904699999,2002,BD,0
Jerome,M100000US391593904699999,2003,BD,0
Jerome,M100000US391593904699999,2004,BD,0
Jerome,M100000US391593904699999,2005,BD,0
Jerome,M100000US391593904699999,2006,BD,0
Jerome,M100000US391593904699999,2007,BD,0
Jerome,M100000US391593904699999,2008,BD,0
Jerome,M100000US391593904699999,2009,BD,0
Jerome,M100000US391593904699999,2010,BD,0
Jerome,M100000US391593904699999,2011,BD,0
Jerome,M100000US391593904699999,2012,BD,0
Jerome,M100000US391593904699999,2013,BD,0
Jerome,M100000US391593904699999,2014,BD,0
Jerome,M100000US391593904699999,2015,BD,0
Jerome,M100000US391593904699999,2016,BD,0
Jerome,M100000US391593904699999,2017,BD,0
Jerome,M100000US391593904699999,2018,BD,0
Jerome,M100000US391593904699999,2019,BD,0
Jerome,M100000US391593904699999,2020,BD,0
Jerome,M100000US391593904699999,2021,BD,0
Jerome,M100000US391593904699999,2022,BD,0
Jerome,M100000US391593904699999,2023,BD,0
Jerome,M100000US391593904699999,2024.0,BD,0.0
Jerome,M100000US391593904699999,2025,BD,0
Jersey,M100000US390893910299999,1999,BD,0
Jersey,M100000US390893910299999,2000,BD,0
Jersey,M100000US390893910299999,2001,BD,0
Jersey,M100000US390893910299999,2002,BD,0
Jersey,M100000US390893910299999,2003,BD,0
Jersey,M100000US390893910299999,2004,BD,0
Jersey,M100000US390893910299999,2005,BD,0
Jersey,M100000US390893910299999,2006,BD,0
Jersey,M100000US390893910299999,2007,BD,0
Jersey,M100000US390893910299999,2008,BD,0
Jersey,M100000US390893910299999,2009,BD,0
Jersey,M100000US390893910299999,2010,BD,0
Jersey,M100000US390893910299999,2011,BD,0
Jersey,M100000US390893910299999,2012,BD,0
Jersey,M100000US390893910299999,2013,BD,0
Jersey,M100000US390893910299999,2014,BD,0
Jersey,M100000US390893910299999,2015,BD,0
Jersey,M100000US390893910299999,2016,BD,0
Jersey,M100000US390893910299999,2017,BD,0
Jersey,M100000US390893910299999,2018,BD,0
Jersey,M100000US390893910299999,2019,BD,0
Jersey,M100000US390893910299999,2020,BD,0
Jersey,M100000US390893910299999,2021,BD,0
Jersey,M100000US390893910299999,2022,BD,0
Jersey,M100000US390893910299999,2023,BD,0
Jersey,M100000US390893910299999,2024.0,BD,0.0
Jersey,M100000US390893910299999,2025,BD,0
Johnstown,M100000US3939340,1999,BD,0
Johnstown,M100000US3939340,2000,BD,0
Johnstown,M100000US3939340,2001,BD,0
Johnstown,M100000US3939340,2002,BD,0
Johnstown,M100000US3939340,2003,BD,0
Johnstown,M100000US3939340,2004,BD,0
Johnstown,M100000US3939340,2005,BD,0
Johnstown,M100000US3939340,2006,BD,0
Johnstown,M100000US3939340,2007,BD,0
Johnstown,M100000US3939340,2008,BD,0
Johnstown,M100000US3939340,2009,BD,0
Johnstown,M100000US3939340,2010,BD,0
Johnstown,M100000US3939340,2011,BD,0
Johnstown,M100000US3939340,2012,BD,0
Johnstown,M100000US3939340,2013,BD,0
Johnstown,M100000US3939340,2014,BD,0
Johnstown,M100000US3939340,2015,BD,0
Johnstown,M100000US3939340,2016,BD,0
Johnstown,M100000US3939340,2017,BD,0
Johnstown,M100000US3939340,2018,BD,0
Johnstown,M100000US3939340,2019,BD,0
Johnstown,M100000US3939340,2020,BD,0
Johnstown,M100000US3939340,2021,BD,0
Johnstown,M100000US3939340,2022.0,BD,0.0
Johnstown,M100000US3939340,2023,BD,0
Johnstown,M100000US3939340,2024,BD,0
Johnstown,M100000US3939340,2025,BD,0
Kirkersville,M100000US3940572,1999,BD,0
Kirkersville,M100000US3940572,2000,BD,0
Kirkersville,M100000US3940572,2001,BD,0
Kirkersville,M100000US3940572,2002,BD,0
Kirkersville,M100000US3940572,2003,BD,0
Kirkersville,M100000US3940572,2004,BD,0
Kirkersville,M100000US3940572,2005,BD,0
Kirkersville,M100000US3940572,2006,BD,0
Kirkersville,M100000US3940572,2007,BD,0
Kirkersville,M100000US3940572,2008,BD,0
Kirkersville,M100000US3940572,2009,BD,0
Kirkersville,M100000US3940572,2010,BD,0
Kirkersville,M100000US3940572,2011,BD,0
Kirkersville,M100000US3940572,2012,BD,0
Kirkersville,M100000US3940572,2013,BD,0
Kirkersville,M100000US3940572,2014,BD,0
Kirkersville,M100000US3940572,2015.0,BD,0.0
Kirkersville,M100000US3940572,2016,BD,0
Kirkersville,M100000US3940572,2017,BD,0
Kirkersville,M100000US3940572,2018,BD,0
Kirkersville,M100000US3940572,2019,BD,0
Kirkersville,M100000US3940572,2020,BD,0
Kirkersville,M100000US3940572,2021,BD,0
Kirkersville,M100000US3940572,2022,BD,0
Kirkersville,M100000US3940572,2023,BD,0
Kirkersville,M100000US3940572,2024.0,BD,0.0
Kirkersville,M100000US3940572,2025,BD,0
Lancaster,M100000US3941720,1999,BD,0
Lancaster,M100000US3941720,2000,BD,0
Lancaster,M100000US3941720,2001,BD,0
Lancaster,M100000US3941720,2002,BD,0
Lancaster,M100000US3941720,2003,BD,0
Lancaster,M100000US3941720,2004,BD,0
Lancaster,M100000US3941720,2005,BD,0
Lancaster,M100000US3941720,2006,BD,0
Lancaster,M100000US3941720,2007,BD,0
Lancaster,M100000US3941720,2008,BD,0
Lancaster,M100000US3941720,2009,BD,0
Lancaster,M100000US3941720,2010,BD,0
Lancaster,M100000US3941720,2011,BD,0
Lancaster,M100000US3941720,2012.0,BD,0.0
Lancaster,M100000US3941720,2013,BD,0
Lancaster,M100000US3941720,2014.0,BD,0.0
Lancaster,M100000US3941720,2015,BD,0
Lancaster,M100000US3941720,2016,BD,0
Lancaster,M100000US3941720,2017,BD,0
Lancaster,M100000US3941720,2018,BD,0
Lancaster,M100000US3941720,2019.0,BD,0.0
Lancaster,M100000US3941720,2020,BD,0
Lancaster,M100000US3941720,2021.0,BD,0.0
Lancaster,M100000US3941720,2022.0,BD,0.0
Lancaster,M100000US3941720,2023.0,BD,0.0
Lancaster,M100000US3941720,2024,BD,0
Lancaster,M100000US3941720,2025,BD,0
Laurel,M100000US390734205699999,1999,BD,0
Laurel,M100000US390734205699999,2000,BD,0
Laurel,M100000US390734205699999,2001,BD,0
Laurel,M100000US390734205699999,2002,BD,0
Laurel,M100000US390734205699999,2003,BD,0
Laurel,M100000US390734205699999,2004,BD,0
Laurel,M100000US390734205699999,2005,BD,0
Laurel,M100000US390734205699999,2006,BD,0
Laurel,M100000US390734205699999,2007,BD,0
Laurel,M100000US390734205699999,2008,BD,0
Laurel,M100000US390734205699999,2009,BD,0
Laurel,M100000US390734205699999,2010,BD,0
Laurel,M100000US390734205699999,2011,BD,0
Laurel,M100000US390734205699999,2012,BD,0
Laurel,M100000US390734205699999,2013,BD,0
Laurel,M100000US390734205699999,2014,BD,0
Laurel,M100000US390734205699999,2015.0,BD,0.0
Laurel,M100000US390734205699999,2016,BD,0
Laurel,M100000US390734205699999,2017,BD,0
Laurel,M100000US390734205699999,2018,BD,0
Laurel,M100000US390734205699999,2019,BD,0
Laurel,M100000US390734205699999,2020,BD,0
Laurel,M100000US390734205699999,2021,BD,0
Laurel,M100000US390734205699999,2022,BD,0
Laurel,M100000US390734205699999,2023,BD,0
Laurel,M100000US390734205699999,2024,BD,0
Laurel,M100000US390734205699999,2025,BD,0
Liberty,M100000US391594335899999,1999,BD,0
Liberty,M100000US390414310699999,1999,BD,0
Liberty,M100000US391594335899999,2000,BD,0
Liberty,M100000US390414310699999,2000,BD,0
Liberty,M100000US391594335899999,2001,BD,0
Liberty,M100000US390414310699999,2001,BD,0
Liberty,M100000US391594335899999,2002,BD,0
Liberty,M100000US390414310699999,2002,BD,0
Liberty,M100000US391594335899999,2003,BD,0
Liberty,M100000US390414310699999,2003,BD,0
Liberty,M100000US391594335899999,2004,BD,0
Liberty,M100000US390414310699999,2004,BD,0
Liberty,M100000US391594335899999,2005,BD,0
Liberty,M100000US390414310699999,2005,BD,0
Liberty,M100000US391594335899999,2006,BD,0
Liberty,M100000US390414310699999,2006,BD,0
Liberty,M100000US391594335899999,2007,BD,0
Liberty,M100000US390414310699999,2007,BD,0
Liberty,M100000US391594335899999,2008,BD,0
Liberty,M100000US390414310699999,2008,BD,0
Liberty,M100000US391594335899999,2009,BD,0
Liberty,M100000US390414310699999,2009,BD,0
Liberty,M100000US391594335899999,2010,BD,0
Liberty,M100000US390414310699999,2010,BD,0
Liberty,M100000US391594335899999,2011,BD,0
Liberty,M100000US390414310699999,2011,BD,0
Liberty,M100000US391594335899999,2012,BD,0
Liberty,M100000US390414310699999,2012,BD,0
Liberty,M100000US391594335899999,2013,BD,0
Liberty,M100000US390414310699999,2013,BD,0
Liberty,M100000US391594335899999,2014,BD,0
Liberty,M100000US390414310699999,2014,BD,0
Liberty,M100000US391594335899999,2015,BD,0
Liberty,M100000US390414310699999,2015,BD,0
Liberty,M100000US391594335899999,2016,BD,0
Liberty,M100000US390414310699999,2016,BD,0
Liberty,M100000US391594335899999,2017,BD,0
Liberty,M100000US390414310699999,2017,BD,0
Liberty,M100000US391594335899999,2018.0,BD,0.0
Liberty,M100000US390414310699999,2018.0,BD,0.0
Liberty,M100000US391594335899999,2019,BD,0
Liberty,M100000US390414310699999,2019,BD,0
Liberty,M100000US391594335899999,2020,BD,0
Liberty,M100000US390414310699999,2020,BD,0
Liberty,M100000US391594335899999,2021.0,BD,0.0
Liberty,M100000US390414310699999,2021.0,BD,0.0
Liberty,M100000US391594335899999,2022,BD,0
Liberty,M100000US390414310699999,2022,BD,0
Liberty,M100000US391594335899999,2023,BD,0
Liberty,M100000US390414310699999,2023,BD,0
Liberty,M100000US391594335899999,2024.0,BD,0.0
Liberty,M100000US390414310699999,2024.0,BD,0.0
Liberty,M100000US391594335899999,2025,BD,0
Liberty,M100000US390414310699999,2025,BD,0
Logan,M100000US3944632,1999,BD,0
Logan,M100000US3944632,2000,BD,0
Logan,M100000US3944632,2001,BD,0
Logan,M100000US3944632,2002,BD,0
Logan,M100000US3944632,2003,BD,0
Logan,M100000US3944632,2004,BD,0
Logan,M100000US3944632,2005,BD,0
Logan,M100000US3944632,2006,BD,0
Logan,M100000US3944632,2007,BD,0
Logan,M100000US3944632,2008,BD,0
Logan,M100000US3944632,2009,BD,0
Logan,M100000US3944632,2010,BD,0
Logan,M100000US3944632,2011,BD,0
Logan,M100000US3944632,2012,BD,0
Logan,M100000US3944632,2013,BD,0
Logan,M100000US3944632,2014,BD,0
Logan,M100000US3944632,2015,BD,0
Logan,M100000US3944632,2016,BD,0
Logan,M100000US3944632,2017,BD,0
Logan,M100000US3944632,2018,BD,0
Logan,M100000US3944632,2019,BD,0
Logan,M100000US3944632,2020,BD,0
Logan,M100000US3944632,2021.0,BD,0.0
Logan,M100000US3944632,2022,BD,0
Logan,M100000US3944632,2023.0,BD,0.0
Logan,M100000US3944632,2024,BD,0
Logan,M100000US3944632,2025,BD,0
London,M100000US3944674,1999,BD,0
London,M100000US3944674,2000,BD,0
London,M100000US3944674,2001,BD,0
London,M100000US3944674,2002,BD,0
London,M100000US3944674,2003,BD,0
London,M100000US3944674,2004,BD,0
London,M100000US3944674,2005,BD,0
London,M100000US3944674,2006,BD,0
London,M100000US3944674,2007,BD,0
London,M100000US3944674,2008,BD,0
London,M100000US3944674,2009,BD,0
London,M100000US3944674,2010,BD,0
London,M100000US3944674,2011,BD,0
London,M100000US3944674,2012,BD,0
London,M100000US3944674,2013,BD,0
London,M100000US3944674,2014,BD,0
London,M100000US3944674,2015,BD,0
London,M100000US3944674,2016,BD,0
London,M100000US3944674,2017,BD,0
London,M100000US3944674,2018,BD,0
London,M100000US3944674,2019,BD,0
London,M100000US3944674,2020,BD,0
London,M100000US3944674,2021.0,BD,0.0
London,M100000US3944674,2022.0,BD,0.0
London,M100000US3944674,2023.0,BD,0.0
London,M100000US3944674,2024.0,BD,0.0
London,M100000US3944674,2025,BD,0
Marble Cliff,M100000US3947474,1999,BD,0
Marble Cliff,M100000US3947474,2000,BD,0
Marble Cliff,M100000US3947474,2001,BD,0
Marble Cliff,M100000US3947474,2002,BD,0
Marble Cliff,M100000US3947474,2003,BD,0
Marble Cliff,M100000US3947474,2004,BD,0
Marble Cliff,M100000US3947474,2005,BD,0
Marble Cliff,M100000US3947474,2006,BD,0
Marble Cliff,M100000US3947474,2007,BD,0
Marble Cliff,M100000US3947474,2008,BD,0
Marble Cliff,M100000US3947474,2009,BD,0
Marble Cliff,M100000US3947474,2010,BD,0
Marble Cliff,M100000US3947474,2011,BD,0
Marble Cliff,M100000US3947474,2012,BD,0
Marble Cliff,M100000US3947474,2013,BD,0
Marble Cliff,M100000US3947474,2014,BD,0
Marble Cliff,M100000US3947474,2015,BD,0
Marble Cliff,M100000US3947474,2016,BD,0
Marble Cliff,M100000US3947474,2017,BD,0
Marble Cliff,M100000US3947474,2018,BD,0
Marble Cliff,M100000US3947474,2019,BD,0
Marble Cliff,M100000US3947474,2020.0,BD,0.0
Marble Cliff,M100000US3947474,2021.0,BD,0.0
Marble Cliff,M100000US3947474,2022,BD,0
Marble Cliff,M100000US3947474,2023,BD,0
Marble Cliff,M100000US3947474,2024,BD,0
Marble Cliff,M100000US3947474,2025,BD,0
Marion,M100000US391014776899999,1999,BD,0
Marion,M100000US3947754,1999,BD,0
Marion,M100000US391014776899999,2000,BD,0
Marion,M100000US3947754,2000,BD,0
Marion,M100000US391014776899999,2001,BD,0
Marion,M100000US3947754,2001,BD,0
Marion,M100000US391014776899999,2002,BD,0
Marion,M100000US3947754,2002,BD,0
Marion,M100000US391014776899999,2003,BD,0
Marion,M100000US3947754,2003,BD,0
Marion,M100000US391014776899999,2004,BD,0
Marion,M100000US3947754,2004,BD,0
Marion,M100000US391014776899999,2005,BD,0
Marion,M100000US3947754,2005,BD,0
Marion,M100000US391014776899999,2006,BD,0
Marion,M100000US3947754,2006,BD,0
Marion,M100000US391014776899999,2007,BD,0
Marion,M100000US3947754,2007,BD,0
Marion,M100000US391014776899999,2008,BD,0
Marion,M100000US3947754,2008,BD,0
Marion,M100000US391014776899999,2009,BD,0
Marion,M100000US3947754,2009,BD,0
Marion,M100000US391014776899999,2010,BD,0
Marion,M100000US3947754,2010,BD,0
Marion,M100000US391014776899999,2011.0,BD,0.0
Marion,M100000US3947754,2011.0,BD,0.0
Marion,M100000US391014776899999,2012,BD,0
Marion,M100000US3947754,2012,BD,0
Marion,M100000US391014776899999,2013,BD,0
Marion,M100000US3947754,2013,BD,0
Marion,M100000US391014776899999,2014,BD,0
Marion,M100000US3947754,2014,BD,0
Marion,M100000US391014776899999,2015,BD,0
Marion,M100000US3947754,2015,BD,0
Marion,M100000US391014776899999,2016,BD,0
Marion,M100000US3947754,2016,BD,0
Marion,M100000US391014776899999,2017,BD,0
Marion,M100000US3947754,2017,BD,0
Marion,M100000US391014776899999,2018,BD,0
Marion,M100000US3947754,2018,BD,0
Marion,M100000US391014776899999,2019.0,BD,0.0
Marion,M100000US3947754,2019.0,BD,0.0
Marion,M100000US391014776899999,2020.0,BD,0.0
Marion,M100000US3947754,2020.0,BD,0.0
Marion,M100000US391014776899999,2021.0,BD,0.0
Marion,M100000US3947754,2021.0,BD,0.0
Marion,M100000US391014776899999,2022,BD,0
Marion,M100000US3947754,2022,BD,0
Marion,M100000US391014776899999,2023.0,BD,0.0
Marion,M100000US3947754,2023.0,BD,0.0
Marion,M100000US391014776899999,2024.0,BD,0.0
Marion,M100000US3947754,2024.0,BD,0.0
Marion,M100000US391014776899999,2025,BD,0
Marion,M100000US3947754,2025,BD,0
Marysville,M100000US3948160,1999,BD,0
Marysville,M100000US3948160,2000,BD,0
Marysville,M100000US3948160,2001,BD,0
Marysville,M100000US3948160,2002,BD,0
Marysville,M100000US3948160,2003,BD,0
Marysville,M100000US3948160,2004,BD,0
Marysville,M100000US3948160,2005,BD,0
Marysville,M100000US3948160,2006,BD,0
Marysville,M100000US3948160,2007,BD,0
Marysville,M100000US3948160,2008,BD,0
Marysville,M100000US3948160,2009,BD,0
Marysville,M100000US3948160,2010,BD,0
Marysville,M100000US3948160,2011,BD,0
Marysville,M100000US3948160,2012,BD,0
Marysville,M100000US3948160,2013,BD,0
Marysville,M100000US3948160,2014,BD,0
Marysville,M100000US3948160,2015,BD,0
Marysville,M100000US3948160,2016,BD,0
Marysville,M100000US3948160,2017,BD,0
Marysville,M100000US3948160,2018,BD,0
Marysville,M100000US3948160,2019,BD,0
Marysville,M100000US3948160,2020.0,BD,0.0
Marysville,M100000US3948160,2021,BD,0
Marysville,M100000US3948160,2022.0,BD,0.0
Marysville,M100000US3948160,2023.0,BD,0.0
Marysville,M100000US3948160,2024.0,BD,0.0
Marysville,M100000US3948160,2025.0,BD,0.0
Mount Vernon,M100000US3953102,1999,BD,0
Mount Vernon,M100000US3953102,2000,BD,0
Mount Vernon,M100000US3953102,2001,BD,0
Mount Vernon,M100000US3953102,2002,BD,0
Mount Vernon,M100000US3953102,2003,BD,0
Mount Vernon,M100000US3953102,2004,BD,0
Mount Vernon,M100000US3953102,2005,BD,0
Mount Vernon,M100000US3953102,2006,BD,0
Mount Vernon,M100000US3953102,2007,BD,0
Mount Vernon,M100000US3953102,2008,BD,0
Mount Vernon,M100000US3953102,2009,BD,0
Mount Vernon,M100000US3953102,2010,BD,0
Mount Vernon,M100000US3953102,2011,BD,0
Mount Vernon,M100000US3953102,2012,BD,0
Mount Vernon,M100000US3953102,2013,BD,0
Mount Vernon,M100000US3953102,2014.0,BD,0.0
Mount Vernon,M100000US3953102,2015,BD,0
Mount Vernon,M100000US3953102,2016,BD,0
Mount Vernon,M100000US3953102,2017,BD,0
Mount Vernon,M100000US3953102,2018,BD,0
Mount Vernon,M100000US3953102,2019,BD,0
Mount Vernon,M100000US3953102,2020,BD,0
Mount Vernon,M100000US3953102,2021.0,BD,0.0
Mount Vernon,M100000US3953102,2022,BD,0
Mount Vernon,M100000US3953102,2023,BD,0
Mount Vernon,M100000US3953102,2024.0,BD,0.0
Mount Vernon,M100000US3953102,2025,BD,0
New Albany,M100000US3953970,1999,BD,0
New Albany,M100000US3953970,2000,BD,0
New Albany,M100000US3953970,2001,BD,0
New Albany,M100000US3953970,2002,BD,0
New Albany,M100000US3953970,2003,BD,0
New Albany,M100000US3953970,2004,BD,0
New Albany,M100000US3953970,2005,BD,0
New Albany,M100000US3953970,2006,BD,0
New Albany,M100000US3953970,2007,BD,0
New Albany,M100000US3953970,2008,BD,0
New Albany,M100000US3953970,2009,BD,0
New Albany,M100000US3953970,2010,BD,0
New Albany,M100000US3953970,2011,BD,0
New Albany,M100000US3953970,2012,BD,0
New Albany,M100000US3953970,2013,BD,0
New Albany,M100000US3953970,2014,BD,0
New Albany,M100000US3953970,2015,BD,0
New Albany,M100000US3953970,2016,BD,0
New Albany,M100000US3953970,2017,BD,0
New Albany,M100000US3953970,2018,BD,0
New Albany,M100000US3953970,2019,BD,0
New Albany,M100000US3953970,2020.0,BD,0.0
New Albany,M100000US3953970,2021.0,BD,0.0
New Albany,M100000US3953970,2022.0,BD,0.0
New Albany,M100000US3953970,2023.0,BD,0.0
New Albany,M100000US3953970,2024.0,BD,0.0
New Albany,M100000US3953970,2025,BD,0
New Holland,M100000US3954726,1999,BD,0
New Holland,M100000US3954726,2000,BD,0
New Holland,M100000US3954726,2001,BD,0
New Holland,M100000US3954726,2002,BD,0
New Holland,M100000US3954726,2003,BD,0
New Holland,M100000US3954726,2004,BD,0
New Holland,M100000US3954726,2005,BD,0
New Holland,M100000US3954726,2006,BD,0
New Holland,M100000US3954726,2007,BD,0
New Holland,M100000US3954726,2008,BD,0
New Holland,M100000US3954726,2009,BD,0
New Holland,M100000US3954726,2010,BD,0
New Holland,M100000US3954726,2011,BD,0
New Holland,M100000US3954726,2012,BD,0
New Holland,M100000US3954726,2013,BD,0
New Holland,M100000US3954726,2014,BD,0
New Holland,M100000US3954726,2015,BD,0
New Holland,M100000US3954726,2016,BD,0
New Holland,M100000US3954726,2017,BD,0
New Holland,M100000US3954726,2018,BD,0
New Holland,M100000US3954726,2019,BD,0
New Holland,M100000US3954726,2020,BD,0
New Holland,M100000US3954726,2021,BD,0
New Holland,M100000US3954726,2022,BD,0
New Holland,M100000US3954726,2023.0,BD,0.0
New Holland,M100000US3954726,2024,BD,0
New Holland,M100000US3954726,2025,BD,0
Newark,M100000US3954040,1999,BD,0
Newark,M100000US390895405499999,1999,BD,0
Newark,M100000US3954040,2000.0,BD,0.0
Newark,M100000US390895405499999,2000.0,BD,0.0
Newark,M100000US3954040,2001,BD,0
Newark,M100000US390895405499999,2001,BD,0
Newark,M100000US3954040,2002,BD,0
Newark,M100000US390895405499999,2002,BD,0
Newark,M100000US3954040,2003,BD,0
Newark,M100000US390895405499999,2003,BD,0
Newark,M100000US3954040,2004,BD,0
Newark,M100000US390895405499999,2004,BD,0
Newark,M100000US3954040,2005,BD,0
Newark,M100000US390895405499999,2005,BD,0
Newark,M100000US3954040,2006,BD,0
Newark,M100000US390895405499999,2006,BD,0
Newark,M100000US3954040,2007,BD,0
Newark,M100000US390895405499999,2007,BD,0
Newark,M100000US3954040,2008,BD,0
Newark,M100000US390895405499999,2008,BD,0
Newark,M100000US3954040,2009,BD,0
Newark,M100000US390895405499999,2009,BD,0
Newark,M100000US3954040,2010,BD,0
Newark,M100000US390895405499999,2010,BD,0
Newark,M100000US3954040,2011.0,BD,0.0
Newark,M100000US390895405499999,2011.0,BD,0.0
Newark,M100000US3954040,2012,BD,0
Newark,M100000US390895405499999,2012,BD,0
Newark,M100000US3954040,2013.0,BD,0.0
Newark,M100000US390895405499999,2013.0,BD,0.0
Newark,M100000US3954040,2014,BD,0
Newark,M100000US390895405499999,2014,BD,0
Newark,M100000US3954040,2015,BD,0
Newark,M100000US390895405499999,2015,BD,0
Newark,M100000US3954040,2016,BD,0
Newark,M100000US390895405499999,2016,BD,0
Newark,M100000US3954040,2017,BD,0
Newark,M100000US390895405499999,2017,BD,0
Newark,M100000US3954040,2018,BD,0
Newark,M100000US390895405499999,2018,BD,0
Newark,M100000US3954040,2019,BD,0
Newark,M100000US390895405499999,2019,BD,0
Newark,M100000US3954040,2020.0,BD,0.0
Newark,M100000US390895405499999,2020.0,BD,0.0
Newark,M100000US3954040,2021.0,BD,0.0
Newark,M100000US390895405499999,2021.0,BD,0.0
Newark,M100000US3954040,2022.0,BD,0.0
Newark,M100000US390895405499999,2022.0,BD,0.0
Newark,M100000US3954040,2023.0,BD,0.0
Newark,M100000US390895405499999,2023.0,BD,0.0
Newark,M100000US3954040,2024,BD,0
Newark,M100000US390895405499999,2024,BD,0
Newark,M100000US3954040,2025,BD,0
Newark,M100000US390895405499999,2025,BD,0
Obetz,M100000US3957862,1999,BD,0
Obetz,M100000US3957862,2000,BD,0
Obetz,M100000US3957862,2001,BD,0
Obetz,M100000US3957862,2002,BD,0
Obetz,M100000US3957862,2003,BD,0
Obetz,M100000US3957862,2004,BD,0
Obetz,M100000US3957862,2005,BD,0
Obetz,M100000US3957862,2006,BD,0
Obetz,M100000US3957862,2007,BD,0
Obetz,M100000US3957862,2008,BD,0
Obetz,M100000US3957862,2009,BD,0
Obetz,M100000US3957862,2010,BD,0
Obetz,M100000US3957862,2011,BD,0
Obetz,M100000US3957862,2012,BD,0
Obetz,M100000US3957862,2013,BD,0
Obetz,M100000US3957862,2014,BD,0
Obetz,M100000US3957862,2015.0,BD,0.0
Obetz,M100000US3957862,2016,BD,0
Obetz,M100000US3957862,2017,BD,0
Obetz,M100000US3957862,2018,BD,0
Obetz,M100000US3957862,2019,BD,0
Obetz,M100000US3957862,2020,BD,0
Obetz,M100000US3957862,2021,BD,0
Obetz,M100000US3957862,2022,BD,0
Obetz,M100000US3957862,2023,BD,0
Obetz,M100000US3957862,2024,BD,0
Obetz,M100000US3957862,2025,BD,0
Octa,M100000US3957918,1999,BD,0
Octa,M100000US3957918,2000,BD,0
Octa,M100000US3957918,2001,BD,0
Octa,M100000US3957918,2002,BD,0
Octa,M100000US3957918,2003,BD,0
Octa,M100000US3957918,2004,BD,0
Octa,M100000US3957918,2005,BD,0
Octa,M100000US3957918,2006,BD,0
Octa,M100000US3957918,2007,BD,0
Octa,M100000US3957918,2008,BD,0
Octa,M100000US3957918,2009,BD,0
Octa,M100000US3957918,2010,BD,0
Octa,M100000US3957918,2011,BD,0
Octa,M100000US3957918,2012,BD,0
Octa,M100000US3957918,2013,BD,0
Octa,M100000US3957918,2014.0,BD,0.0
Octa,M100000US3957918,2015,BD,0
Octa,M100000US3957918,2016,BD,0
Octa,M100000US3957918,2017,BD,0
Octa,M100000US3957918,2018,BD,0
Octa,M100000US3957918,2019,BD,0
Octa,M100000US3957918,2020,BD,0
Octa,M100000US3957918,2021,BD,0
Octa,M100000US3957918,2022,BD,0
Octa,M100000US3957918,2023,BD,0
Octa,M100000US3957918,2024,BD,0
Octa,M100000US3957918,2025,BD,0
Orange,M100000US390415861899999,1999,BD,0
Orange,M100000US390415861899999,2000,BD,0
Orange,M100000US390415861899999,2001,BD,0
Orange,M100000US390415861899999,2002,BD,0
Orange,M100000US390415861899999,2003,BD,0
Orange,M100000US390415861899999,2004,BD,0
Orange,M100000US390415861899999,2005,BD,0
Orange,M100000US390415861899999,2006,BD,0
Orange,M100000US390415861899999,2007,BD,0
Orange,M100000US390415861899999,2008.0,BD,0.0
Orange,M100000US390415861899999,2009,BD,0
Orange,M100000US390415861899999,2010,BD,0
Orange,M100000US390415861899999,2011,BD,0
Orange,M100000US390415861899999,2012,BD,0
Orange,M100000US390415861899999,2013,BD,0
Orange,M100000US390415861899999,2014,BD,0
Orange,M100000US390415861899999,2015,BD,0
Orange,M100000US390415861899999,2016,BD,0
Orange,M100000US390415861899999,2017.0,BD,0.0
Orange,M100000US390415861899999,2018,BD,0
Orange,M100000US390415861899999,2019,BD,0
Orange,M100000US390415861899999,2020.0,BD,0.0
Orange,M100000US390415861899999,2021,BD,0
Orange,M100000US390415861899999,2022.0,BD,0.0
Orange,M100000US390415861899999,2023.0,BD,0.0
Orange,M100000US390415861899999,2024.0,BD,0.0
Orange,M100000US390415861899999,2025,BD,0
Pataskala,M100000US3961112,1999,BD,0
Pataskala,M100000US3961112,2000,BD,0
Pataskala,M100000US3961112,2001,BD,0
Pataskala,M100000US3961112,2002,BD,0
Pataskala,M100000US3961112,2003,BD,0
Pataskala,M100000US3961112,2004,BD,0
Pataskala,M100000US3961112,2005,BD,0
Pataskala,M100000US3961112,2006,BD,0
Pataskala,M100000US3961112,2007,BD,0
Pataskala,M100000US3961112,2008,BD,0
Pataskala,M100000US3961112,2009,BD,0
Pataskala,M100000US3961112,2010,BD,0
Pataskala,M100000US3961112,2011,BD,0
Pataskala,M100000US3961112,2012,BD,0
Pataskala,M100000US3961112,2013,BD,0
Pataskala,M100000US3961112,2014,BD,0
Pataskala,M100000US3961112,2015,BD,0
Pataskala,M100000US3961112,2016,BD,0
Pataskala,M100000US3961112,2017,BD,0
Pataskala,M100000US3961112,2018,BD,0
Pataskala,M100000US3961112,2019,BD,0
Pataskala,M100000US3961112,2020,BD,0
Pataskala,M100000US3961112,2021,BD,0
Pataskala,M100000US3961112,2022,BD,0
Pataskala,M100000US3961112,2023,BD,0
Pataskala,M100000US3961112,2024.0,BD,0.0
Pataskala,M100000US3961112,2025,BD,0
Perry,M100000US390916193899999,1999,BD,0
Perry,M100000US390916193899999,2000,BD,0
Perry,M100000US390916193899999,2001,BD,0
Perry,M100000US390916193899999,2002,BD,0
Perry,M100000US390916193899999,2003,BD,0
Perry,M100000US390916193899999,2004,BD,0
Perry,M100000US390916193899999,2005,BD,0
Perry,M100000US390916193899999,2006,BD,0
Perry,M100000US390916193899999,2007,BD,0
Perry,M100000US390916193899999,2008,BD,0
Perry,M100000US390916193899999,2009,BD,0
Perry,M100000US390916193899999,2010,BD,0
Perry,M100000US390916193899999,2011,BD,0
Perry,M100000US390916193899999,2012,BD,0
Perry,M100000US390916193899999,2013,BD,0
Perry,M100000US390916193899999,2014,BD,0
Perry,M100000US390916193899999,2015,BD,0
Perry,M100000US390916193899999,2016,BD,0
Perry,M100000US390916193899999,2017,BD,0
Perry,M100000US390916193899999,2018,BD,0
Perry,M100000US390916193899999,2019.0,BD,0.0
Perry,M100000US390916193899999,2020,BD,0
Perry,M100000US390916193899999,2021.0,BD,0.0
Perry,M100000US390916193899999,2022,BD,0
Perry,M100000US390916193899999,2023,BD,0
Perry,M100000US390916193899999,2024,BD,0
Perry,M100000US390916193899999,2025,BD,0
Pickerington,M100000US3962498,1999,BD,0
Pickerington,M100000US3962498,2000,BD,0
Pickerington,M100000US3962498,2001,BD,0
Pickerington,M100000US3962498,2002,BD,0
Pickerington,M100000US3962498,2003,BD,0
Pickerington,M100000US3962498,2004,BD,0
Pickerington,M100000US3962498,2005,BD,0
Pickerington,M100000US3962498,2006,BD,0
Pickerington,M100000US3962498,2007,BD,0
Pickerington,M100000US3962498,2008,BD,0
Pickerington,M100000US3962498,2009,BD,0
Pickerington,M100000US3962498,2010,BD,0
Pickerington,M100000US3962498,2011,BD,0
Pickerington,M100000US3962498,2012,BD,0
Pickerington,M100000US3962498,2013,BD,0
Pickerington,M100000US3962498,2014,BD,0
Pickerington,M100000US3962498,2015,BD,0
Pickerington,M100000US3962498,2016,BD,0
Pickerington,M100000US3962498,2017,BD,0
Pickerington,M100000US3962498,2018,BD,0
Pickerington,M100000US3962498,2019,BD,0
Pickerington,M100000US3962498,2020,BD,0
Pickerington,M100000US3962498,2021.0,BD,0.0
Pickerington,M100000US3962498,2022.0,BD,0.0
Pickerington,M100000US3962498,2023,BD,0
Pickerington,M100000US3962498,2024.0,BD,0.0
Pickerington,M100000US3962498,2025,BD,0
Powell,M100000US3964486,1999,BD,0
Powell,M100000US3964486,2000,BD,0
Powell,M100000US3964486,2001,BD,0
Powell,M100000US3964486,2002,BD,0
Powell,M100000US3964486,2003,BD,0
Powell,M100000US3964486,2004,BD,0
Powell,M100000US3964486,2005,BD,0
Powell,M100000US3964486,2006,BD,0
Powell,M100000US3964486,2007,BD,0
Powell,M100000US3964486,2008,BD,0
Powell,M100000US3964486,2009,BD,0
Powell,M100000US3964486,2010,BD,0
Powell,M100000US3964486,2011,BD,0
Powell,M100000US3964486,2012,BD,0
Powell,M100000US3964486,2013,BD,0
Powell,M100000US3964486,2014,BD,0
Powell,M100000US3964486,2015,BD,0
Powell,M100000US3964486,2016,BD,0
Powell,M100000US3964486,2017,BD,0
Powell,M100000US3964486,2018.0,BD,0.0
Powell,M100000US3964486,2019.0,BD,0.0
Powell,M100000US3964486,2020,BD,0
Powell,M100000US3964486,2021.0,BD,0.0
Powell,M100000US3964486,2022,BD,0
Powell,M100000US3964486,2023.0,BD,0.0
Powell,M100000US3964486,2024.0,BD,0.0
Powell,M100000US3964486,2025,BD,0
Reynoldsburg,M100000US3966390,1999,BD,0
Reynoldsburg,M100000US3966390,2000,BD,0
Reynoldsburg,M100000US3966390,2001,BD,0
Reynoldsburg,M100000US3966390,2002,BD,0
Reynoldsburg,M100000US3966390,2003,BD,0
Reynoldsburg,M100000US3966390,2004,BD,0
Reynoldsburg,M100000US3966390,2005,BD,0
Reynoldsburg,M100000US3966390,2006,BD,0
Reynoldsburg,M100000US3966390,2007,BD,0
Reynoldsburg,M100000US3966390,2008,BD,0
Reynoldsburg,M100000US3966390,2009,BD,0
Reynoldsburg,M100000US3966390,2010,BD,0
Reynoldsburg,M100000US3966390,2011,BD,0
Reynoldsburg,M100000US3966390,2012,BD,0
Reynoldsburg,M100000US3966390,2013,BD,0
Reynoldsburg,M100000US3966390,2014,BD,0
Reynoldsburg,M100000US3966390,2015,BD,0
Reynoldsburg,M100000US3966390,2016,BD,0
Reynoldsburg,M100000US3966390,2017.0,BD,0.0
Reynoldsburg,M100000US3966390,2018,BD,0
Reynoldsburg,M100000US3966390,2019,BD,0
Reynoldsburg,M100000US3966390,2020.0,BD,0.0
Reynoldsburg,M100000US3966390,2021.0,BD,0.0
Reynoldsburg,M100000US3966390,2022,BD,0
Reynoldsburg,M100000US3966390,2023,BD,0
Reynoldsburg,M100000US3966390,2024.0,BD,0.0
Reynoldsburg,M100000US3966390,2025,BD,0
Somerset,M100000US3972977,1999,BD,0
Somerset,M100000US3972977,2000,BD,0
Somerset,M100000US3972977,2001,BD,0
Somerset,M100000US3972977,2002,BD,0
Somerset,M100000US3972977,2003,BD,0
Somerset,M100000US3972977,2004,BD,0
Somerset,M100000US3972977,2005,BD,0
Somerset,M100000US3972977,2006,BD,0
Somerset,M100000US3972977,2007,BD,0
Somerset,M100000US3972977,2008,BD,0
Somerset,M100000US3972977,2009,BD,0
Somerset,M100000US3972977,2010,BD,0
Somerset,M100000US3972977,2011,BD,0
Somerset,M100000US3972977,2012,BD,0
Somerset,M100000US3972977,2013,BD,0
Somerset,M100000US3972977,2014,BD,0
Somerset,M100000US3972977,2015,BD,0
Somerset,M100000US3972977,2016,BD,0
Somerset,M100000US3972977,2017,BD,0
Somerset,M100000US3972977,2018,BD,0
Somerset,M100000US3972977,2019.0,BD,0.0
Somerset,M100000US3972977,2020,BD,0
Somerset,M100000US3972977,2021,BD,0
Somerset,M100000US3972977,2022,BD,0
Somerset,M100000US3972977,2023,BD,0
Somerset,M100000US3972977,2024,BD,0
Somerset,M100000US3972977,2025,BD,0
Sunbury,M100000US3975602,1999,BD,0
Sunbury,M100000US3975602,2000,BD,0
Sunbury,M100000US3975602,2001,BD,0
Sunbury,M100000US3975602,2002,BD,0
Sunbury,M100000US3975602,2003,BD,0
Sunbury,M100000US3975602,2004,BD,0
Sunbury,M100000US3975602,2005,BD,0
Sunbury,M100000US3975602,2006,BD,0
Sunbury,M100000US3975602,2007,BD,0
Sunbury,M100000US3975602,2008,BD,0
Sunbury,M100000US3975602,2009,BD,0
Sunbury,M100000US3975602,2010,BD,0
Sunbury,M100000US3975602,2011,BD,0
Sunbury,M100000US3975602,2012,BD,0
Sunbury,M100000US3975602,2013,BD,0
Sunbury,M100000US3975602,2014,BD,0
Sunbury,M100000US3975602,2015,BD,0
Sunbury,M100000US3975602,2016,BD,0
Sunbury,M100000US3975602,2017,BD,0
Sunbury,M100000US3975602,2018,BD,0
Sunbury,M100000US3975602,2019,BD,0
Sunbury,M100000US3975602,2020.0,BD,0.0
Sunbury,M100000US3975602,2021,BD,0
Sunbury,M100000US3975602,2022,BD,0
Sunbury,M100000US3975602,2023,BD,0
Sunbury,M100000US3975602,2024,BD,0
Sunbury,M100000US3975602,2025,BD,0
Union,M100000US391417854099999,1999,BD,0
Union,M100000US390897840099999,1999,BD,0
Union,M100000US391417854099999,2000,BD,0
Union,M100000US390897840099999,2000,BD,0
Union,M100000US391417854099999,2001,BD,0
Union,M100000US390897840099999,2001,BD,0
Union,M100000US391417854099999,2002,BD,0
Union,M100000US390897840099999,2002,BD,0
Union,M100000US391417854099999,2003,BD,0
Union,M100000US390897840099999,2003,BD,0
Union,M100000US391417854099999,2004,BD,0
Union,M100000US390897840099999,2004,BD,0
Union,M100000US391417854099999,2005,BD,0
Union,M100000US390897840099999,2005,BD,0
Union,M100000US391417854099999,2006,BD,0
Union,M100000US390897840099999,2006,BD,0
Union,M100000US391417854099999,2007,BD,0
Union,M100000US390897840099999,2007,BD,0
Union,M100000US391417854099999,2008,BD,0
Union,M100000US390897840099999,2008,BD,0
Union,M100000US391417854099999,2009.0,BD,0.0
Union,M100000US390897840099999,2009.0,BD,0.0
Union,M100000US391417854099999,2010,BD,0
Union,M100000US390897840099999,2010,BD,0
Union,M100000US391417854099999,2011,BD,0
Union,M100000US390897840099999,2011,BD,0
Union,M100000US391417854099999,2012,BD,0
Union,M100000US390897840099999,2012,BD,0
Union,M100000US391417854099999,2013,BD,0
Union,M100000US390897840099999,2013,BD,0
Union,M100000US391417854099999,2014,BD,0
Union,M100000US390897840099999,2014,BD,0
Union,M100000US391417854099999,2015.0,BD,0.0
Union,M100000US390897840099999,2015.0,BD,0.0
Union,M100000US391417854099999,2016,BD,0
Union,M100000US390897840099999,2016,BD,0
Union,M100000US391417854099999,2017,BD,0
Union,M100000US390897840099999,2017,BD,0
Union,M100000US391417854099999,2018,BD,0
Union,M100000US390897840099999,2018,BD,0
Union,M100000US391417854099999,2019,BD,0
Union,M100000US390897840099999,2019,BD,0
Union,M100000US391417854099999,2020,BD,0
Union,M100000US390897840099999,2020,BD,0
Union,M100000US391417854099999,2021,BD,0
Union,M100000US390897840099999,2021,BD,0
Union,M100000US391417854099999,2022,BD,0
Union,M100000US390897840099999,2022,BD,0
Union,M100000US391417854099999,2023,BD,0
Union,M100000US390897840099999,2023,BD,0
Union,M100000US391417854099999,2024,BD,0
Union,M100000US390897840099999,2024,BD,0
Union,M100000US391417854099999,2025,BD,0
Union,M100000US390897840099999,2025,BD,0
Upper Arlington,M100000US3979002,1999,BD,0
Upper Arlington,M100000US3979002,2000,BD,0
Upper Arlington,M100000US3979002,2001,BD,0
Upper Arlington,M100000US3979002,2002,BD,0
Upper Arlington,M100000US3979002,2003,BD,0
Upper Arlington,M100000US3979002,2004,BD,0
Upper Arlington,M100000US3979002,2005,BD,0
Upper Arlington,M100000US3979002,2006,BD,0
Upper Arlington,M100000US3979002,2007,BD,0
Upper Arlington,M100000US3979002,2008,BD,0
Upper Arlington,M100000US3979002,2009,BD,0
Upper Arlington,M100000US3979002,2010,BD,0
Upper Arlington,M100000US3979002,2011,BD,0
Upper Arlington,M100000US3979002,2012,BD,0
Upper Arlington,M100000US3979002,2013,BD,0
Upper Arlington,M100000US3979002,2014,BD,0
Upper Arlington,M100000US3979002,2015,BD,0
Upper Arlington,M100000US3979002,2016,BD,0
Upper Arlington,M100000US3979002,2017,BD,0
Upper Arlington,M100000US3979002,2018,BD,0
Upper Arlington,M100000US3979002,2019.0,BD,0.0
Upper Arlington,M100000US3979002,2020.0,BD,0.0
Upper Arlington,M100000US3979002,2021.0,BD,0.0
Upper Arlington,M100000US3979002,2022,BD,0
Upper Arlington,M100000US3979002,2023,BD,0
Upper Arlington,M100000US3979002,2024.0,BD,0.0
Upper Arlington,M100000US3979002,2025,BD,0
Washington,M100000US390918142499999,1999,BD,0
Washington,M100000US390738135499999,1999,BD,0
Washington,M100000US390918142499999,2000,BD,0
Washington,M100000US390738135499999,2000,BD,0
Washington,M100000US390918142499999,2001,BD,0
Washington,M100000US390738135499999,2001,BD,0
Washington,M100000US390918142499999,2002,BD,0
Washington,M100000US390738135499999,2002,BD,0
Washington,M100000US390918142499999,2003,BD,0
Washington,M100000US390738135499999,2003,BD,0
Washington,M100000US390918142499999,2004,BD,0
Washington,M100000US390738135499999,2004,BD,0
Washington,M100000US390918142499999,2005,BD,0
Washington,M100000US390738135499999,2005,BD,0
Washington,M100000US390918142499999,2006,BD,0
Washington,M100000US390738135499999,2006,BD,0
Washington,M100000US390918142499999,2007,BD,0
Washington,M100000US390738135499999,2007,BD,0
Washington,M100000US390918142499999,2008,BD,0
Washington,M100000US390738135499999,2008,BD,0
Washington,M100000US390918142499999,2009,BD,0
Washington,M100000US390738135499999,2009,BD,0
Washington,M100000US390918142499999,2010,BD,0
Washington,M100000US390738135499999,2010,BD,0
Washington,M100000US390918142499999,2011,BD,0
Washington,M100000US390738135499999,2011,BD,0
Washington,M100000US390918142499999,2012,BD,0
Washington,M100000US390738135499999,2012,BD,0
Washington,M100000US390918142499999,2013,BD,0
Washington,M100000US390738135499999,2013,BD,0
Washington,M100000US390918142499999,2014,BD,0
Washington,M100000US390738135499999,2014,BD,0
Washington,M100000US390918142499999,2015,BD,0
Washington,M100000US390738135499999,2015,BD,0
Washington,M100000US390918142499999,2016,BD,0
Washington,M100000US390738135499999,2016,BD,0
Washington,M100000US390918142499999,2017,BD,0
Washington,M100000US390738135499999,2017,BD,0
Washington,M100000US390918142499999,2018.0,BD,0.0
Washington,M100000US390738135499999,2018.0,BD,0.0
Washington,M100000US390918142499999,2019,BD,0
Washington,M100000US390738135499999,2019,BD,0
Washington,M100000US390918142499999,2020.0,BD,0.0
Washington,M100000US390738135499999,2020.0,BD,0.0
Washington,M100000US390918142499999,2021.0,BD,0.0
Washington,M100000US390738135499999,2021.0,BD,0.0
Washington,M100000US390918142499999,2022,BD,0
Washington,M100000US390738135499999,2022,BD,0
Washington,M100000US390918142499999,2023.0,BD,0.0
Washington,M100000US390738135499999,2023.0,BD,0.0
Washington,M100000US390918142499999,2024.0,BD,0.0
Washington,M100000US390738135499999,2024.0,BD,0.0
Washington,M100000US390918142499999,2025,BD,0
Washington,M100000US390738135499999,2025,BD,0
Washington Court House,M100000US3981718,1999,BD,0
Washington Court House,M100000US3981718,2000,BD,0
Washington Court House,M100000US3981718,2001,BD,0
Washington Court House,M100000US3981718,2002,BD,0
Washington Court House,M100000US3981718,2003,BD,0
Washington Court House,M100000US3981718,2004,BD,0
Washington Court House,M100000US3981718,2005,BD,0
Washington Court House,M100000US3981718,2006,BD,0
Washington Court House,M100000US3981718,2007,BD,0
Washington Court House,M100000US3981718,2008,BD,0
Washington Court House,M100000US3981718,2009,BD,0
Washington Court House,M100000US3981718,2010,BD,0
Washington Court House,M100000US3981718,2011,BD,0
Washington Court House,M100000US3981718,2012,BD,0
Washington Court House,M100000US3981718,2013,BD,0
Washington Court House,M100000US3981718,2014,BD,0
Washington Court House,M100000US3981718,2015,BD,0
Washington Court House,M100000US3981718,2016,BD,0
Washington Court House,M100000US3981718,2017,BD,0
Washington Court House,M100000US3981718,2018,BD,0
Washington Court House,M100000US3981718,2019,BD,0
Washington Court House,M100000US3981718,2020,BD,0
Washington Court House,M100000US3981718,2021,BD,0
Washington Court House,M100000US3981718,2022.0,BD,0.0
Washington Court House,M100000US3981718,2023,BD,0
Washington Court House,M100000US3981718,2024,BD,0
Washington Court House,M100000US3981718,2025,BD,0
Wayne,M100000US390838219499999,1999,BD,0
Wayne,M100000US390838219499999,2000,BD,0
Wayne,M100000US390838219499999,2001,BD,0
Wayne,M100000US390838219499999,2002,BD,0
Wayne,M100000US390838219499999,2003,BD,0
Wayne,M100000US390838219499999,2004,BD,0
Wayne,M100000US390838219499999,2005,BD,0
Wayne,M100000US390838219499999,2006,BD,0
Wayne,M100000US390838219499999,2007,BD,0
Wayne,M100000US390838219499999,2008,BD,0
Wayne,M100000US390838219499999,2009,BD,0
Wayne,M100000US390838219499999,2010,BD,0
Wayne,M100000US390838219499999,2011,BD,0
Wayne,M100000US390838219499999,2012,BD,0
Wayne,M100000US390838219499999,2013,BD,0
Wayne,M100000US390838219499999,2014,BD,0
Wayne,M100000US390838219499999,2015,BD,0
Wayne,M100000US390838219499999,2016,BD,0
Wayne,M100000US390838219499999,2017.0,BD,0.0
Wayne,M100000US390838219499999,2018,BD,0
Wayne,M100000US390838219499999,2019,BD,0
Wayne,M100000US390838219499999,2020,BD,0
Wayne,M100000US390838219499999,2021,BD,0
Wayne,M100000US390838219499999,2022,BD,0
Wayne,M100000US390838219499999,2023,BD,0
Wayne,M100000US390838219499999,2024,BD,0
Wayne,M100000US390838219499999,2025,BD,0
West Jefferson,M100000US3983580,1999,BD,0
West Jefferson,M100000US3983580,2000,BD,0
West Jefferson,M100000US3983580,2001,BD,0
West Jefferson,M100000US3983580,2002,BD,0
West Jefferson,M100000US3983580,2003,BD,0
West Jefferson,M100000US3983580,2004,BD,0
West Jefferson,M100000US3983580,2005,BD,0
West Jefferson,M100000US3983580,2006,BD,0
West Jefferson,M100000US3983580,2007,BD,0
West Jefferson,M100000US3983580,2008,BD,0
West Jefferson,M100000US3983580,2009,BD,0
West Jefferson,M100000US3983580,2010,BD,0
West Jefferson,M100000US3983580,2011,BD,0
West Jefferson,M100000US3983580,2012,BD,0
West Jefferson,M100000US3983580,2013,BD,0
West Jefferson,M100000US3983580,2014,BD,0
West Jefferson,M100000US3983580,2015,BD,0
West Jefferson,M100000US3983580,2016.0,BD,0.0
West Jefferson,M100000US3983580,2017,BD,0
West Jefferson,M100000US3983580,2018,BD,0
West Jefferson,M100000US3983580,2019,BD,0
West Jefferson,M100000US3983580,2020,BD,0
West Jefferson,M100000US3983580,2021,BD,0
West Jefferson,M100000US3983580,2022,BD,0
West Jefferson,M100000US3983580,2023,BD,0
West Jefferson,M100000US3983580,2024,BD,0
West Jefferson,M100000US3983580,2025,BD,0
Westerville,M100000US3983342,1999,BD,0
Westerville,M100000US3983342,2000,BD,0
Westerville,M100000US3983342,2001,BD,0
Westerville,M100000US3983342,2002,BD,0
Westerville,M100000US3983342,2003,BD,0
Westerville,M100000US3983342,2004,BD,0
Westerville,M100000US3983342,2005,BD,0
Westerville,M100000US3983342,2006,BD,0
Westerville,M100000US3983342,2007,BD,0
Westerville,M100000US3983342,2008,BD,0
Westerville,M100000US3983342,2009,BD,0
Westerville,M100000US3983342,2010,BD,0
Westerville,M100000US3983342,2011,BD,0
Westerville,M100000US3983342,2012,BD,0
Westerville,M100000US3983342,2013,BD,0
Westerville,M100000US3983342,2014,BD,0
Westerville,M100000US3983342,2015,BD,0
Westerville,M100000US3983342,2016,BD,0
Westerville,M100000US3983342,2017,BD,0
Westerville,M100000US3983342,2018,BD,0
Westerville,M100000US3983342,2019.0,BD,0.0
Westerville,M100000US3983342,2020.0,BD,0.0
Westerville,M100000US3983342,2021.0,BD,0.0
Westerville,M100000US3983342,2022.0,BD,0.0
Westerville,M100000US3983342,2023,BD,0
Westerville,M100000US3983342,2024.0,BD,0.0
Westerville,M100000US3983342,2025,BD,0
Whitehall,M100000US3984742,1999,BD,0
Whitehall,M100000US3984742,2000,BD,0
Whitehall,M100000US3984742,2001,BD,0
Whitehall,M100000US3984742,2002,BD,0
Whitehall,M100000US3984742,2003,BD,0
Whitehall,M100000US3984742,2004,BD,0
Whitehall,M100000US3984742,2005,BD,0
Whitehall,M100000US3984742,2006,BD,0
Whitehall,M100000US3984742,2007,BD,0
Whitehall,M100000US3984742,2008,BD,0
Whitehall,M100000US3984742,2009,BD,0
Whitehall,M100000US3984742,2010,BD,0
Whitehall,M100000US3984742,2011,BD,0
Whitehall,M100000US3984742,2012,BD,0
Whitehall,M100000US3984742,2013,BD,0
Whitehall,M100000US3984742,2014,BD,0
Whitehall,M100000US3984742,2015.0,BD,0.0
Whitehall,M100000US3984742,2016,BD,0
Whitehall,M100000US3984742,2017,BD,0
Whitehall,M100000US3984742,2018,BD,0
Whitehall,M100000US3984742,2019.0,BD,0.0
Whitehall,M100000US3984742,2020,BD,0
Whitehall,M100000US3984742,2021.0,BD,0.0
Whitehall,M100000US3984742,2022,BD,0
Whitehall,M100000US3984742,2023,BD,0
Whitehall,M100000US3984742,2024.0,BD,0.0
Whitehall,M100000US3984742,2025.0,BD,0.0
Worthington,M100000US3986604,1999,BD,0
Worthington,M100000US3986604,2000,BD,0
Worthington,M100000US3986604,2001,BD,0
Worthington,M100000US3986604,2002,BD,0
Worthington,M100000US3986604,2003,BD,0
Worthington,M100000US3986604,2004,BD,0
Worthington,M100000US3986604,2005,BD,0
Worthington,M100000US3986604,2006,BD,0
Worthington,M100000US3986604,2007,BD,0
Worthington,M100000US3986604,2008,BD,0
Worthington,M100000US3986604,2009,BD,0
Worthington,M100000US3986604,2010,BD,0
Worthington,M100000US3986604,2011,BD,0
Worthington,M100000US3986604,2012,BD,0
Worthington,M100000US3986604,2013,BD,0
Worthington,M100000US3986604,2014,BD,0
Worthington,M100000US3986604,2015,BD,0
Worthington,M100000US3986604,2016,BD,0
Worthington,M100000US3986604,2017,BD,0
Worthington,M100000US3986604,2018,BD,0
Worthington,M100000US3986604,2019,BD,0
Worthington,M100000US3986604,2020.0,BD,0.0
Worthington,M100000US3986604,2021.0,BD,0.0
Worthington,M100000US3986604,2022.0,BD,0.0
Worthington,M100000US3986604,2023.0,BD,0.0
Worthington,M100000US3986604,2024.0,BD,0.0
Worthington,M100000US3986604,2025,BD,0
Allen,M100000US391590133699999,1999,CNG,0
Allen,M100000US391590133699999,2000,CNG,0
Allen,M100000US391590133699999,2001,CNG,0
Allen,M100000US391590133699999,2002,CNG,0
Allen,M100000US391590133699999,2003,CNG,0
Allen,M100000US391590133699999,2004,CNG,0
Allen,M100000US391590133699999,2005,CNG,0
Allen,M100000US391590133699999,2006,CNG,0
Allen,M100000US391590133699999,2007,CNG,0
Allen,M100000US391590133699999,2008,CNG,0
Allen,M100000US391590133699999,2009,CNG,0
Allen,M100000US391590133699999,2010,CNG,0
Allen,M100000US391590133699999,2011,CNG,0
Allen,M100000US391590133699999,2012,CNG,0
Allen,M100000US391590133699999,2013,CNG,0
Allen,M100000US391590133699999,2014,CNG,0
Allen,M100000US391590133699999,2015.0,CNG,1.0
Allen,M100000US391590133699999,2016,CNG,0
Allen,M100000US391590133699999,2017,CNG,0
Allen,M100000US391590133699999,2018,CNG,0
Allen,M100000US391590133699999,2019,CNG,0
Allen,M100000US391590133699999,2020,CNG,0
Allen,M100000US391590133699999,2021,CNG,0
Allen,M100000US391590133699999,2022,CNG,0
Allen,M100000US391590133699999,2023,CNG,0
Allen,M100000US391590133699999,2024.0,CNG,0.0
Allen,M100000US391590133699999,2025,CNG,0
Ashville,M100000US3902680,1999,CNG,0
Ashville,M100000US3902680,2000,CNG,0
Ashville,M100000US3902680,2001,CNG,0
Ashville,M100000US3902680,2002,CNG,0
Ashville,M100000US3902680,2003,CNG,0
Ashville,M100000US3902680,2004,CNG,0
Ashville,M100000US3902680,2005,CNG,0
Ashville,M100000US3902680,2006,CNG,0
Ashville,M100000US3902680,2007,CNG,0
Ashville,M100000US3902680,2008,CNG,0
Ashville,M100000US3902680,2009,CNG,0
Ashville,M100000US3902680,2010,CNG,0
Ashville,M100000US3902680,2011,CNG,0
Ashville,M100000US3902680,2012,CNG,0
Ashville,M100000US3902680,2013,CNG,0
Ashville,M100000US3902680,2014,CNG,0
Ashville,M100000US3902680,2015,CNG,0
Ashville,M100000US3902680,2016,CNG,0
Ashville,M100000US3902680,2017,CNG,0
Ashville,M100000US3902680,2018,CNG,0
Ashville,M100000US3902680,2019,CNG,0
Ashville,M100000US3902680,2020,CNG,0
Ashville,M100000US3902680,2021,CNG,0
Ashville,M100000US3902680,2022,CNG,0
Ashville,M100000US3902680,2023,CNG,0
Ashville,M100000US3902680,2024.0,CNG,0.0
Ashville,M100000US3902680,2025,CNG,0
Bellefontaine,M100000US3905130,1999,CNG,0
Bellefontaine,M100000US3905130,2000,CNG,0
Bellefontaine,M100000US3905130,2001,CNG,0
Bellefontaine,M100000US3905130,2002,CNG,0
Bellefontaine,M100000US3905130,2003,CNG,0
Bellefontaine,M100000US3905130,2004,CNG,0
Bellefontaine,M100000US3905130,2005,CNG,0
Bellefontaine,M100000US3905130,2006,CNG,0
Bellefontaine,M100000US3905130,2007,CNG,0
Bellefontaine,M100000US3905130,2008,CNG,0
Bellefontaine,M100000US3905130,2009,CNG,0
Bellefontaine,M100000US3905130,2010,CNG,0
Bellefontaine,M100000US3905130,2011,CNG,0
Bellefontaine,M100000US3905130,2012,CNG,0
Bellefontaine,M100000US3905130,2013,CNG,0
Bellefontaine,M100000US3905130,2014.0,CNG,0.0
Bellefontaine,M100000US3905130,2015,CNG,0
Bellefontaine,M100000US3905130,2016,CNG,0
Bellefontaine,M100000US3905130,2017,CNG,0
Bellefontaine,M100000US3905130,2018,CNG,0
Bellefontaine,M100000US3905130,2019,CNG,0
Bellefontaine,M100000US3905130,2020.0,CNG,0.0
Bellefontaine,M100000US3905130,2021,CNG,0
Bellefontaine,M100000US3905130,2022,CNG,0
Bellefontaine,M100000US3905130,2023,CNG,0
Bellefontaine,M100000US3905130,2024,CNG,0
Bellefontaine,M100000US3905130,2025,CNG,0
Bennington,M100000US391170550899999,1999,CNG,0
Bennington,M100000US391170550899999,2000,CNG,0
Bennington,M100000US391170550899999,2001,CNG,0
Bennington,M100000US391170550899999,2002,CNG,0
Bennington,M100000US391170550899999,2003,CNG,0
Bennington,M100000US391170550899999,2004,CNG,0
Bennington,M100000US391170550899999,2005,CNG,0
Bennington,M100000US391170550899999,2006,CNG,0
Bennington,M100000US391170550899999,2007,CNG,0
Bennington,M100000US391170550899999,2008,CNG,0
Bennington,M100000US391170550899999,2009,CNG,0
Bennington,M100000US391170550899999,2010,CNG,0
Bennington,M100000US391170550899999,2011,CNG,0
Bennington,M100000US391170550899999,2012,CNG,0
Bennington,M100000US391170550899999,2013,CNG,0
Bennington,M100000US391170550899999,2014,CNG,0
Bennington,M100000US391170550899999,2015.0,CNG,1.0
Bennington,M100000US391170550899999,2016,CNG,0
Bennington,M100000US391170550899999,2017,CNG,0
Bennington,M100000US391170550899999,2018,CNG,0
Bennington,M100000US391170550899999,2019,CNG,0
Bennington,M100000US391170550899999,2020,CNG,0
Bennington,M100000US391170550899999,2021,CNG,0
Bennington,M100000US391170550899999,2022,CNG,0
Bennington,M100000US391170550899999,2023,CNG,0
Bennington,M100000US391170550899999,2024.0,CNG,0.0
Bennington,M100000US391170550899999,2025,CNG,0
Benton,M100000US390730557899999,1999,CNG,0
Benton,M100000US390730557899999,2000,CNG,0
Benton,M100000US390730557899999,2001,CNG,0
Benton,M100000US390730557899999,2002,CNG,0
Benton,M100000US390730557899999,2003,CNG,0
Benton,M100000US390730557899999,2004,CNG,0
Benton,M100000US390730557899999,2005,CNG,0
Benton,M100000US390730557899999,2006,CNG,0
Benton,M100000US390730557899999,2007,CNG,0
Benton,M100000US390730557899999,2008,CNG,0
Benton,M100000US390730557899999,2009,CNG,0
Benton,M100000US390730557899999,2010,CNG,0
Benton,M100000US390730557899999,2011,CNG,0
Benton,M100000US390730557899999,2012,CNG,0
Benton,M100000US390730557899999,2013,CNG,0
Benton,M100000US390730557899999,2014,CNG,0
Benton,M100000US390730557899999,2015.0,CNG,0.0
Benton,M100000US390730557899999,2016,CNG,0
Benton,M100000US390730557899999,2017,CNG,0
Benton,M100000US390730557899999,2018,CNG,0
Benton,M100000US390730557899999,2019,CNG,0
Benton,M100000US390730557899999,2020,CNG,0
Benton,M100000US390730557899999,2021.0,CNG,0.0
Benton,M100000US390730557899999,2022.0,CNG,0.0
Benton,M100000US390730557899999,2023,CNG,0
Benton,M100000US390730557899999,2024,CNG,0
Benton,M100000US390730557899999,2025,CNG,0
Berkshire,M100000US390410577499999,1999,CNG,0
Berkshire,M100000US390410577499999,2000,CNG,0
Berkshire,M100000US390410577499999,2001,CNG,0
Berkshire,M100000US390410577499999,2002,CNG,0
Berkshire,M100000US390410577499999,2003,CNG,0
Berkshire,M100000US390410577499999,2004,CNG,0
Berkshire,M100000US390410577499999,2005,CNG,0
Berkshire,M100000US390410577499999,2006,CNG,0
Berkshire,M100000US390410577499999,2007,CNG,0
Berkshire,M100000US390410577499999,2008,CNG,0
Berkshire,M100000US390410577499999,2009,CNG,0
Berkshire,M100000US390410577499999,2010,CNG,0
Berkshire,M100000US390410577499999,2011,CNG,0
Berkshire,M100000US390410577499999,2012,CNG,0
Berkshire,M100000US390410577499999,2013,CNG,0
Berkshire,M100000US390410577499999,2014,CNG,0
Berkshire,M100000US390410577499999,2015,CNG,0
Berkshire,M100000US390410577499999,2016.0,CNG,0.0
Berkshire,M100000US390410577499999,2017,CNG,0
Berkshire,M100000US390410577499999,2018,CNG,0
Berkshire,M100000US390410577499999,2019,CNG,0
Berkshire,M100000US390410577499999,2020.0,CNG,0.0
Berkshire,M100000US390410577499999,2021,CNG,0
Berkshire,M100000US390410577499999,2022,CNG,0
Berkshire,M100000US390410577499999,2023,CNG,0
Berkshire,M100000US390410577499999,2024.0,CNG,0.0
Berkshire,M100000US390410577499999,2025,CNG,0
Berlin,M100000US390410578899999,1999,CNG,0
Berlin,M100000US390410578899999,2000,CNG,0
Berlin,M100000US390410578899999,2001,CNG,0
Berlin,M100000US390410578899999,2002,CNG,0
Berlin,M100000US390410578899999,2003,CNG,0
Berlin,M100000US390410578899999,2004,CNG,0
Berlin,M100000US390410578899999,2005,CNG,0
Berlin,M100000US390410578899999,2006,CNG,0
Berlin,M100000US390410578899999,2007,CNG,0
Berlin,M100000US390410578899999,2008,CNG,0
Berlin,M100000US390410578899999,2009,CNG,0
Berlin,M100000US390410578899999,2010,CNG,0
Berlin,M100000US390410578899999,2011,CNG,0
Berlin,M100000US390410578899999,2012,CNG,0
Berlin,M100000US390410578899999,2013,CNG,0
Berlin,M100000US390410578899999,2014,CNG,0
Berlin,M100000US390410578899999,2015,CNG,0
Berlin,M100000US390410578899999,2016,CNG,0
Berlin,M100000US390410578899999,2017,CNG,0
Berlin,M100000US390410578899999,2018,CNG,0
Berlin,M100000US390410578899999,2019,CNG,0
Berlin,M100000US390410578899999,2020,CNG,0
Berlin,M100000US390410578899999,2021.0,CNG,0.0
Berlin,M100000US390410578899999,2022.0,CNG,0.0
Berlin,M100000US390410578899999,2023,CNG,0
Berlin,M100000US390410578899999,2024,CNG,0
Berlin,M100000US390410578899999,2025,CNG,0
Berne,M100000US390450595699999,1999,CNG,0
Berne,M100000US390450595699999,2000,CNG,0
Berne,M100000US390450595699999,2001,CNG,0
Berne,M100000US390450595699999,2002,CNG,0
Berne,M100000US390450595699999,2003,CNG,0
Berne,M100000US390450595699999,2004,CNG,0
Berne,M100000US390450595699999,2005,CNG,0
Berne,M100000US390450595699999,2006,CNG,0
Berne,M100000US390450595699999,2007,CNG,0
Berne,M100000US390450595699999,2008,CNG,0
Berne,M100000US390450595699999,2009,CNG,0
Berne,M100000US390450595699999,2010,CNG,0
Berne,M100000US390450595699999,2011,CNG,0
Berne,M100000US390450595699999,2012,CNG,0
Berne,M100000US390450595699999,2013,CNG,0
Berne,M100000US390450595699999,2014,CNG,0
Berne,M100000US390450595699999,2015,CNG,0
Berne,M100000US390450595699999,2016,CNG,0
Berne,M100000US390450595699999,2017,CNG,0
Berne,M100000US390450595699999,2018,CNG,0
Berne,M100000US390450595699999,2019,CNG,0
Berne,M100000US390450595699999,2020,CNG,0
Berne,M100000US390450595699999,2021,CNG,0
Berne,M100000US390450595699999,2022,CNG,0
Berne,M100000US390450595699999,2023.0,CNG,0.0
Berne,M100000US390450595699999,2024,CNG,0
Berne,M100000US390450595699999,2025,CNG,0
Bexley,M100000US3906278,1999,CNG,0
Bexley,M100000US3906278,2000,CNG,0
Bexley,M100000US3906278,2001,CNG,0
Bexley,M100000US3906278,2002,CNG,0
Bexley,M100000US3906278,2003,CNG,0
Bexley,M100000US3906278,2004,CNG,0
Bexley,M100000US3906278,2005,CNG,0
Bexley,M100000US3906278,2006,CNG,0
Bexley,M100000US3906278,2007,CNG,0
Bexley,M100000US3906278,2008,CNG,0
Bexley,M100000US3906278,2009,CNG,0
Bexley,M100000US3906278,2010,CNG,0
Bexley,M100000US3906278,2011,CNG,0
Bexley,M100000US3906278,2012,CNG,0
Bexley,M100000US3906278,2013,CNG,0
Bexley,M100000US3906278,2014,CNG,0
Bexley,M100000US3906278,2015.0,CNG,0.0
Bexley,M100000US3906278,2016,CNG,0
Bexley,M100000US3906278,2017.0,CNG,0.0
Bexley,M100000US3906278,2018,CNG,0
Bexley,M100000US3906278,2019,CNG,0
Bexley,M100000US3906278,2020.0,CNG,0.0
Bexley,M100000US3906278,2021,CNG,0
Bexley,M100000US3906278,2022,CNG,0
Bexley,M100000US3906278,2023,CNG,0
Bexley,M100000US3906278,2024.0,CNG,0.0
Bexley,M100000US3906278,2025,CNG,0
Big Island,M100000US391010634899999,1999,CNG,0
Big Island,M100000US391010634899999,2000,CNG,0
Big Island,M100000US391010634899999,2001,CNG,0
Big Island,M100000US391010634899999,2002,CNG,0
Big Island,M100000US391010634899999,2003,CNG,0
Big Island,M100000US391010634899999,2004,CNG,0
Big Island,M100000US391010634899999,2005,CNG,0
Big Island,M100000US391010634899999,2006,CNG,0
Big Island,M100000US391010634899999,2007,CNG,0
Big Island,M100000US391010634899999,2008,CNG,0
Big Island,M100000US391010634899999,2009,CNG,0
Big Island,M100000US391010634899999,2010,CNG,0
Big Island,M100000US391010634899999,2011,CNG,0
Big Island,M100000US391010634899999,2012,CNG,0
Big Island,M100000US391010634899999,2013,CNG,0
Big Island,M100000US391010634899999,2014,CNG,0
Big Island,M100000US391010634899999,2015,CNG,0
Big Island,M100000US391010634899999,2016,CNG,0
Big Island,M100000US391010634899999,2017,CNG,0
Big Island,M100000US391010634899999,2018,CNG,0
Big Island,M100000US391010634899999,2019,CNG,0
Big Island,M100000US391010634899999,2020,CNG,0
Big Island,M100000US391010634899999,2021,CNG,0
Big Island,M100000US391010634899999,2022.0,CNG,0.0
Big Island,M100000US391010634899999,2023,CNG,0
Big Island,M100000US391010634899999,2024,CNG,0
Big Island,M100000US391010634899999,2025,CNG,0
Blendon,M100000US390490692299999,1999.0,CNG,0.0
Blendon,M100000US390490692299999,2000.0,CNG,0.0
Blendon,M100000US390490692299999,2001,CNG,0
Blendon,M100000US390490692299999,2002,CNG,0
Blendon,M100000US390490692299999,2003,CNG,0
Blendon,M100000US390490692299999,2004,CNG,0
Blendon,M100000US390490692299999,2005,CNG,0
Blendon,M100000US390490692299999,2006,CNG,0
Blendon,M100000US390490692299999,2007,CNG,0
Blendon,M100000US390490692299999,2008,CNG,0
Blendon,M100000US390490692299999,2009,CNG,0
Blendon,M100000US390490692299999,2010,CNG,0
Blendon,M100000US390490692299999,2011,CNG,0
Blendon,M100000US390490692299999,2012,CNG,0
Blendon,M100000US390490692299999,2013.0,CNG,0.0
Blendon,M100000US390490692299999,2014,CNG,0
Blendon,M100000US390490692299999,2015,CNG,0
Blendon,M100000US390490692299999,2016,CNG,0
Blendon,M100000US390490692299999,2017,CNG,0
Blendon,M100000US390490692299999,2018,CNG,0
Blendon,M100000US390490692299999,2019,CNG,0
Blendon,M100000US390490692299999,2020,CNG,0
Blendon,M100000US390490692299999,2021,CNG,0
Blendon,M100000US390490692299999,2022,CNG,0
Blendon,M100000US390490692299999,2023,CNG,0
Blendon,M100000US390490692299999,2024,CNG,0
Blendon,M100000US390490692299999,2025,CNG,0
Brown,M100000US390410942899999,1999,CNG,0
Brown,M100000US390490944299999,1999,CNG,0
Brown,M100000US390410942899999,2000,CNG,0
Brown,M100000US390490944299999,2000,CNG,0
Brown,M100000US390410942899999,2001,CNG,0
Brown,M100000US390490944299999,2001,CNG,0
Brown,M100000US390410942899999,2002,CNG,0
Brown,M100000US390490944299999,2002,CNG,0
Brown,M100000US390410942899999,2003,CNG,0
Brown,M100000US390490944299999,2003,CNG,0
Brown,M100000US390410942899999,2004,CNG,0
Brown,M100000US390490944299999,2004,CNG,0
Brown,M100000US390410942899999,2005,CNG,0
Brown,M100000US390490944299999,2005,CNG,0
Brown,M100000US390410942899999,2006,CNG,0
Brown,M100000US390490944299999,2006,CNG,0
Brown,M100000US390410942899999,2007,CNG,0
Brown,M100000US390490944299999,2007,CNG,0
Brown,M100000US390410942899999,2008,CNG,0
Brown,M100000US390490944299999,2008,CNG,0
Brown,M100000US390410942899999,2009,CNG,0
Brown,M100000US390490944299999,2009,CNG,0
Brown,M100000US390410942899999,2010,CNG,0
Brown,M100000US390490944299999,2010,CNG,0
Brown,M100000US390410942899999,2011.0,CNG,0.0
Brown,M100000US390490944299999,2011.0,CNG,0.0
Brown,M100000US390410942899999,2012,CNG,0
Brown,M100000US390490944299999,2012,CNG,0
Brown,M100000US390410942899999,2013,CNG,0
Brown,M100000US390490944299999,2013,CNG,0
Brown,M100000US390410942899999,2014,CNG,0
Brown,M100000US390490944299999,2014,CNG,0
Brown,M100000US390410942899999,2015,CNG,0
Brown,M100000US390490944299999,2015,CNG,0
Brown,M100000US390410942899999,2016,CNG,0
Brown,M100000US390490944299999,2016,CNG,0
Brown,M100000US390410942899999,2017,CNG,0
Brown,M100000US390490944299999,2017,CNG,0
Brown,M100000US390410942899999,2018,CNG,0
Brown,M100000US390490944299999,2018,CNG,0
Brown,M100000US390410942899999,2019,CNG,0
Brown,M100000US390490944299999,2019,CNG,0
Brown,M100000US390410942899999,2020,CNG,0
Brown,M100000US390490944299999,2020,CNG,0
Brown,M100000US390410942899999,2021,CNG,0
Brown,M100000US390490944299999,2021,CNG,0
Brown,M100000US390410942899999,2022.0,CNG,0.0
Brown,M100000US390490944299999,2022.0,CNG,0.0
Brown,M100000US390410942899999,2023,CNG,0
Brown,M100000US390490944299999,2023,CNG,0
Brown,M100000US390410942899999,2024,CNG,0
Brown,M100000US390490944299999,2024,CNG,0
Brown,M100000US390410942899999,2025,CNG,0
Brown,M100000US390490944299999,2025,CNG,0
Butler,M100000US390831059099999,1999,CNG,0
Butler,M100000US390831059099999,2000,CNG,0
Butler,M100000US390831059099999,2001,CNG,0
Butler,M100000US390831059099999,2002,CNG,0
Butler,M100000US390831059099999,2003,CNG,0
Butler,M100000US390831059099999,2004,CNG,0
Butler,M100000US390831059099999,2005,CNG,0
Butler,M100000US390831059099999,2006,CNG,0
Butler,M100000US390831059099999,2007,CNG,0
Butler,M100000US390831059099999,2008,CNG,0
Butler,M100000US390831059099999,2009,CNG,0
Butler,M100000US390831059099999,2010,CNG,0
Butler,M100000US390831059099999,2011,CNG,0
Butler,M100000US390831059099999,2012,CNG,0
Butler,M100000US390831059099999,2013,CNG,0
Butler,M100000US390831059099999,2014,CNG,0
Butler,M100000US390831059099999,2015.0,CNG,0.0
Butler,M100000US390831059099999,2016,CNG,0
Butler,M100000US390831059099999,2017,CNG,0
Butler,M100000US390831059099999,2018,CNG,0
Butler,M100000US390831059099999,2019,CNG,0
Butler,M100000US390831059099999,2020,CNG,0
Butler,M100000US390831059099999,2021,CNG,0
Butler,M100000US390831059099999,2022,CNG,0
Butler,M100000US390831059099999,2023,CNG,0
Butler,M100000US390831059099999,2024,CNG,0
Butler,M100000US390831059099999,2025,CNG,0
Canaan,M100000US390971123499999,1999,CNG,0
Canaan,M100000US390971123499999,2000,CNG,0
Canaan,M100000US390971123499999,2001,CNG,0
Canaan,M100000US390971123499999,2002,CNG,0
Canaan,M100000US390971123499999,2003,CNG,0
Canaan,M100000US390971123499999,2004,CNG,0
Canaan,M100000US390971123499999,2005,CNG,0
Canaan,M100000US390971123499999,2006,CNG,0
Canaan,M100000US390971123499999,2007,CNG,0
Canaan,M100000US390971123499999,2008,CNG,0
Canaan,M100000US390971123499999,2009,CNG,0
Canaan,M100000US390971123499999,2010,CNG,0
Canaan,M100000US390971123499999,2011,CNG,0
Canaan,M100000US390971123499999,2012,CNG,0
Canaan,M100000US390971123499999,2013,CNG,0
Canaan,M100000US390971123499999,2014,CNG,0
Canaan,M100000US390971123499999,2015,CNG,0
Canaan,M100000US390971123499999,2016,CNG,0
Canaan,M100000US390971123499999,2017,CNG,0
Canaan,M100000US390971123499999,2018,CNG,0
Canaan,M100000US390971123499999,2019.0,CNG,0.0
Canaan,M100000US390971123499999,2020,CNG,0
Canaan,M100000US390971123499999,2021.0,CNG,0.0
Canaan,M100000US390971123499999,2022,CNG,0
Canaan,M100000US390971123499999,2023,CNG,0
Canaan,M100000US390971123499999,2024,CNG,0
Canaan,M100000US390971123499999,2025,CNG,0
Canal Winchester,M100000US3911332,1999,CNG,0
Canal Winchester,M100000US3911332,2000,CNG,0
Canal Winchester,M100000US3911332,2001,CNG,0
Canal Winchester,M100000US3911332,2002,CNG,0
Canal Winchester,M100000US3911332,2003,CNG,0
Canal Winchester,M100000US3911332,2004,CNG,0
Canal Winchester,M100000US3911332,2005,CNG,0
Canal Winchester,M100000US3911332,2006,CNG,0
Canal Winchester,M100000US3911332,2007,CNG,0
Canal Winchester,M100000US3911332,2008.0,CNG,0.0
Canal Winchester,M100000US3911332,2009,CNG,0
Canal Winchester,M100000US3911332,2010,CNG,0
Canal Winchester,M100000US3911332,2011,CNG,0
Canal Winchester,M100000US3911332,2012.0,CNG,1.0
Canal Winchester,M100000US3911332,2013,CNG,0
Canal Winchester,M100000US3911332,2014,CNG,0
Canal Winchester,M100000US3911332,2015,CNG,0
Canal Winchester,M100000US3911332,2016,CNG,0
Canal Winchester,M100000US3911332,2017,CNG,0
Canal Winchester,M100000US3911332,2018,CNG,0
Canal Winchester,M100000US3911332,2019,CNG,0
Canal Winchester,M100000US3911332,2020.0,CNG,0.0
Canal Winchester,M100000US3911332,2021.0,CNG,0.0
Canal Winchester,M100000US3911332,2022,CNG,0
Canal Winchester,M100000US3911332,2023,CNG,0
Canal Winchester,M100000US3911332,2024.0,CNG,0.0
Canal Winchester,M100000US3911332,2025,CNG,0
Chester,M100000US391171403099999,1999,CNG,0
Chester,M100000US391171403099999,2000,CNG,0
Chester,M100000US391171403099999,2001,CNG,0
Chester,M100000US391171403099999,2002,CNG,0
Chester,M100000US391171403099999,2003,CNG,0
Chester,M100000US391171403099999,2004,CNG,0
Chester,M100000US391171403099999,2005,CNG,0
Chester,M100000US391171403099999,2006,CNG,0
Chester,M100000US391171403099999,2007,CNG,0
Chester,M100000US391171403099999,2008,CNG,0
Chester,M100000US391171403099999,2009,CNG,0
Chester,M100000US391171403099999,2010,CNG,0
Chester,M100000US391171403099999,2011,CNG,0
Chester,M100000US391171403099999,2012,CNG,0
Chester,M100000US391171403099999,2013,CNG,0
Chester,M100000US391171403099999,2014,CNG,0
Chester,M100000US391171403099999,2015,CNG,0
Chester,M100000US391171403099999,2016.0,CNG,0.0
Chester,M100000US391171403099999,2017,CNG,0
Chester,M100000US391171403099999,2018,CNG,0
Chester,M100000US391171403099999,2019,CNG,0
Chester,M100000US391171403099999,2020,CNG,0
Chester,M100000US391171403099999,2021,CNG,0
Chester,M100000US391171403099999,2022,CNG,0
Chester,M100000US391171403099999,2023,CNG,0
Chester,M100000US391171403099999,2024,CNG,0
Chester,M100000US391171403099999,2025,CNG,0
Chillicothe,M100000US3914184,1999,CNG,0
Chillicothe,M100000US3914184,2000,CNG,0
Chillicothe,M100000US3914184,2001,CNG,0
Chillicothe,M100000US3914184,2002,CNG,0
Chillicothe,M100000US3914184,2003,CNG,0
Chillicothe,M100000US3914184,2004,CNG,0
Chillicothe,M100000US3914184,2005,CNG,0
Chillicothe,M100000US3914184,2006,CNG,0
Chillicothe,M100000US3914184,2007,CNG,0
Chillicothe,M100000US3914184,2008,CNG,0
Chillicothe,M100000US3914184,2009,CNG,0
Chillicothe,M100000US3914184,2010,CNG,0
Chillicothe,M100000US3914184,2011,CNG,0
Chillicothe,M100000US3914184,2012,CNG,0
Chillicothe,M100000US3914184,2013,CNG,0
Chillicothe,M100000US3914184,2014,CNG,0
Chillicothe,M100000US3914184,2015,CNG,0
Chillicothe,M100000US3914184,2016.0,CNG,0.0
Chillicothe,M100000US3914184,2017,CNG,0
Chillicothe,M100000US3914184,2018,CNG,0
Chillicothe,M100000US3914184,2019,CNG,0
Chillicothe,M100000US3914184,2020.0,CNG,0.0
Chillicothe,M100000US3914184,2021,CNG,0
Chillicothe,M100000US3914184,2022.0,CNG,0.0
Chillicothe,M100000US3914184,2023,CNG,0
Chillicothe,M100000US3914184,2024.0,CNG,0.0
Chillicothe,M100000US3914184,2025,CNG,0
Circleville,M100000US3915070,1999,CNG,0
Circleville,M100000US3915070,2000,CNG,0
Circleville,M100000US3915070,2001,CNG,0
Circleville,M100000US3915070,2002,CNG,0
Circleville,M100000US3915070,2003,CNG,0
Circleville,M100000US3915070,2004,CNG,0
Circleville,M100000US3915070,2005,CNG,0
Circleville,M100000US3915070,2006,CNG,0
Circleville,M100000US3915070,2007,CNG,0
Circleville,M100000US3915070,2008,CNG,0
Circleville,M100000US3915070,2009,CNG,0
Circleville,M100000US3915070,2010,CNG,0
Circleville,M100000US3915070,2011,CNG,0
Circleville,M100000US3915070,2012,CNG,0
Circleville,M100000US3915070,2013,CNG,0
Circleville,M100000US3915070,2014,CNG,0
Circleville,M100000US3915070,2015,CNG,0
Circleville,M100000US3915070,2016,CNG,0
Circleville,M100000US3915070,2017,CNG,0
Circleville,M100000US3915070,2018,CNG,0
Circleville,M100000US3915070,2019,CNG,0
Circleville,M100000US3915070,2020,CNG,0
Circleville,M100000US3915070,2021,CNG,0
Circleville,M100000US3915070,2022.0,CNG,0.0
Circleville,M100000US3915070,2023.0,CNG,0.0
Circleville,M100000US3915070,2024,CNG,0
Circleville,M100000US3915070,2025,CNG,0
Claridon,M100000US391011519699999,1999,CNG,0
Claridon,M100000US391011519699999,2000,CNG,0
Claridon,M100000US391011519699999,2001,CNG,0
Claridon,M100000US391011519699999,2002,CNG,0
Claridon,M100000US391011519699999,2003,CNG,0
Claridon,M100000US391011519699999,2004,CNG,0
Claridon,M100000US391011519699999,2005,CNG,0
Claridon,M100000US391011519699999,2006,CNG,0
Claridon,M100000US391011519699999,2007.0,CNG,0.0
Claridon,M100000US391011519699999,2008,CNG,0
Claridon,M100000US391011519699999,2009,CNG,0
Claridon,M100000US391011519699999,2010,CNG,0
Claridon,M100000US391011519699999,2011,CNG,0
Claridon,M100000US391011519699999,2012,CNG,0
Claridon,M100000US391011519699999,2013,CNG,0
Claridon,M100000US391011519699999,2014,CNG,0
Claridon,M100000US391011519699999,2015,CNG,0
Claridon,M100000US391011519699999,2016,CNG,0
Claridon,M100000US391011519699999,2017,CNG,0
Claridon,M100000US391011519699999,2018,CNG,0
Claridon,M100000US391011519699999,2019,CNG,0
Claridon,M100000US391011519699999,2020,CNG,0
Claridon,M100000US391011519699999,2021,CNG,0
Claridon,M100000US391011519699999,2022,CNG,0
Claridon,M100000US391011519699999,2023,CNG,0
Claridon,M100000US391011519699999,2024,CNG,0
Claridon,M100000US391011519699999,2025,CNG,0
Clay,M100000US390831550499999,1999,CNG,0
Clay,M100000US390831550499999,2000,CNG,0
Clay,M100000US390831550499999,2001,CNG,0
Clay,M100000US390831550499999,2002,CNG,0
Clay,M100000US390831550499999,2003,CNG,0
Clay,M100000US390831550499999,2004,CNG,0
Clay,M100000US390831550499999,2005,CNG,0
Clay,M100000US390831550499999,2006,CNG,0
Clay,M100000US390831550499999,2007,CNG,0
Clay,M100000US390831550499999,2008,CNG,0
Clay,M100000US390831550499999,2009,CNG,0
Clay,M100000US390831550499999,2010,CNG,0
Clay,M100000US390831550499999,2011,CNG,0
Clay,M100000US390831550499999,2012,CNG,0
Clay,M100000US390831550499999,2013,CNG,0
Clay,M100000US390831550499999,2014,CNG,0
Clay,M100000US390831550499999,2015,CNG,0
Clay,M100000US390831550499999,2016,CNG,0
Clay,M100000US390831550499999,2017,CNG,0
Clay,M100000US390831550499999,2018,CNG,0
Clay,M100000US390831550499999,2019,CNG,0
Clay,M100000US390831550499999,2020,CNG,0
Clay,M100000US390831550499999,2021,CNG,0
Clay,M100000US390831550499999,2022,CNG,0
Clay,M100000US390831550499999,2023.0,CNG,0.0
Clay,M100000US390831550499999,2024,CNG,0
Clay,M100000US390831550499999,2025,CNG,0
Clinton,M100000US390491611299999,1999,CNG,0
Clinton,M100000US390491611299999,2000,CNG,0
Clinton,M100000US390491611299999,2001,CNG,0
Clinton,M100000US390491611299999,2002,CNG,0
Clinton,M100000US390491611299999,2003,CNG,0
Clinton,M100000US390491611299999,2004,CNG,0
Clinton,M100000US390491611299999,2005,CNG,0
Clinton,M100000US390491611299999,2006,CNG,0
Clinton,M100000US390491611299999,2007,CNG,0
Clinton,M100000US390491611299999,2008,CNG,0
Clinton,M100000US390491611299999,2009,CNG,0
Clinton,M100000US390491611299999,2010,CNG,0
Clinton,M100000US390491611299999,2011,CNG,0
Clinton,M100000US390491611299999,2012,CNG,0
Clinton,M100000US390491611299999,2013,CNG,0
Clinton,M100000US390491611299999,2014,CNG,0
Clinton,M100000US390491611299999,2015,CNG,0
Clinton,M100000US390491611299999,2016,CNG,0
Clinton,M100000US390491611299999,2017,CNG,0
Clinton,M100000US390491611299999,2018,CNG,0
Clinton,M100000US390491611299999,2019,CNG,0
Clinton,M100000US390491611299999,2020.0,CNG,0.0
Clinton,M100000US390491611299999,2021.0,CNG,0.0
Clinton,M100000US390491611299999,2022,CNG,0
Clinton,M100000US390491611299999,2023,CNG,0
Clinton,M100000US390491611299999,2024,CNG,0
Clinton,M100000US390491611299999,2025,CNG,0
Columbus,M100000US3918000,1999,CNG,0
Columbus,M100000US3918000,2000.0,CNG,0.0
Columbus,M100000US3918000,2001,CNG,0
Columbus,M100000US3918000,2002,CNG,0
Columbus,M100000US3918000,2003,CNG,0
Columbus,M100000US3918000,2004.0,CNG,0.0
Columbus,M100000US3918000,2005,CNG,0
Columbus,M100000US3918000,2006.0,CNG,0.0
Columbus,M100000US3918000,2007,CNG,0
Columbus,M100000US3918000,2008.0,CNG,0.0
Columbus,M100000US3918000,2009,CNG,0
Columbus,M100000US3918000,2010,CNG,0
Columbus,M100000US3918000,2011.0,CNG,0.0
Columbus,M100000US3918000,2012.0,CNG,1.0
Columbus,M100000US3918000,2013.0,CNG,0.0
Columbus,M100000US3918000,2014.0,CNG,1.0
Columbus,M100000US3918000,2015.0,CNG,0.0
Columbus,M100000US3918000,2016.0,CNG,0.0
Columbus,M100000US3918000,2017.0,CNG,0.0
Columbus,M100000US3918000,2018.0,CNG,1.0
Columbus,M100000US3918000,2019.0,CNG,0.0
Columbus,M100000US3918000,2020.0,CNG,0.0
Columbus,M100000US3918000,2021.0,CNG,0.0
Columbus,M100000US3918000,2022.0,CNG,0.0
Columbus,M100000US3918000,2023.0,CNG,0.0
Columbus,M100000US3918000,2024.0,CNG,0.0
Columbus,M100000US3918000,2025.0,CNG,0.0
Delaware,M100000US3921434,1999,CNG,0
Delaware,M100000US390412144899999,1999,CNG,0
Delaware,M100000US3921434,2000,CNG,0
Delaware,M100000US390412144899999,2000,CNG,0
Delaware,M100000US3921434,2001,CNG,0
Delaware,M100000US390412144899999,2001,CNG,0
Delaware,M100000US3921434,2002,CNG,0
Delaware,M100000US390412144899999,2002,CNG,0
Delaware,M100000US3921434,2003,CNG,0
Delaware,M100000US390412144899999,2003,CNG,0
Delaware,M100000US3921434,2004,CNG,0
Delaware,M100000US390412144899999,2004,CNG,0
Delaware,M100000US3921434,2005,CNG,0
Delaware,M100000US390412144899999,2005,CNG,0
Delaware,M100000US3921434,2006,CNG,0
Delaware,M100000US390412144899999,2006,CNG,0
Delaware,M100000US3921434,2007,CNG,0
Delaware,M100000US390412144899999,2007,CNG,0
Delaware,M100000US3921434,2008,CNG,0
Delaware,M100000US390412144899999,2008,CNG,0
Delaware,M100000US3921434,2009,CNG,0
Delaware,M100000US390412144899999,2009,CNG,0
Delaware,M100000US3921434,2010,CNG,0
Delaware,M100000US390412144899999,2010,CNG,0
Delaware,M100000US3921434,2011.0,CNG,0.0
Delaware,M100000US390412144899999,2011.0,CNG,0.0
Delaware,M100000US3921434,2012,CNG,0
Delaware,M100000US390412144899999,2012,CNG,0
Delaware,M100000US3921434,2013.0,CNG,0.0
Delaware,M100000US390412144899999,2013.0,CNG,0.0
Delaware,M100000US3921434,2014,CNG,0
Delaware,M100000US390412144899999,2014,CNG,0
Delaware,M100000US3921434,2015,CNG,0
Delaware,M100000US390412144899999,2015,CNG,0
Delaware,M100000US3921434,2016,CNG,0
Delaware,M100000US390412144899999,2016,CNG,0
Delaware,M100000US3921434,2017.0,CNG,0.0
Delaware,M100000US390412144899999,2017.0,CNG,0.0
Delaware,M100000US3921434,2018,CNG,0
Delaware,M100000US390412144899999,2018,CNG,0
Delaware,M100000US3921434,2019.0,CNG,0.0
Delaware,M100000US390412144899999,2019.0,CNG,0.0
Delaware,M100000US3921434,2020,CNG,0
Delaware,M100000US390412144899999,2020,CNG,0
Delaware,M100000US3921434,2021.0,CNG,0.0
Delaware,M100000US390412144899999,2021.0,CNG,0.0
Delaware,M100000US3921434,2022.0,CNG,0.0
Delaware,M100000US390412144899999,2022.0,CNG,0.0
Delaware,M100000US3921434,2023.0,CNG,0.0
Delaware,M100000US390412144899999,2023.0,CNG,0.0
Delaware,M100000US3921434,2024.0,CNG,0.0
Delaware,M100000US390412144899999,2024.0,CNG,0.0
Delaware,M100000US3921434,2025.0,CNG,0.0
Delaware,M100000US390412144899999,2025.0,CNG,0.0
Dublin,M100000US3922694,1999,CNG,0
Dublin,M100000US3922694,2000,CNG,0
Dublin,M100000US3922694,2001,CNG,0
Dublin,M100000US3922694,2002,CNG,0
Dublin,M100000US3922694,2003,CNG,0
Dublin,M100000US3922694,2004,CNG,0
Dublin,M100000US3922694,2005,CNG,0
Dublin,M100000US3922694,2006,CNG,0
Dublin,M100000US3922694,2007,CNG,0
Dublin,M100000US3922694,2008,CNG,0
Dublin,M100000US3922694,2009,CNG,0
Dublin,M100000US3922694,2010,CNG,0
Dublin,M100000US3922694,2011,CNG,0
Dublin,M100000US3922694,2012.0,CNG,1.0
Dublin,M100000US3922694,2013,CNG,0
Dublin,M100000US3922694,2014,CNG,0
Dublin,M100000US3922694,2015,CNG,0
Dublin,M100000US3922694,2016,CNG,0
Dublin,M100000US3922694,2017,CNG,0
Dublin,M100000US3922694,2018.0,CNG,0.0
Dublin,M100000US3922694,2019.0,CNG,0.0
Dublin,M100000US3922694,2020.0,CNG,0.0
Dublin,M100000US3922694,2021.0,CNG,0.0
Dublin,M100000US3922694,2022.0,CNG,0.0
Dublin,M100000US3922694,2023.0,CNG,0.0
Dublin,M100000US3922694,2024.0,CNG,0.0
Dublin,M100000US3922694,2025,CNG,0
Franklin,M100000US390492828099999,1999,CNG,0
Franklin,M100000US390492828099999,2000,CNG,0
Franklin,M100000US390492828099999,2001,CNG,0
Franklin,M100000US390492828099999,2002,CNG,0
Franklin,M100000US390492828099999,2003,CNG,0
Franklin,M100000US390492828099999,2004,CNG,0
Franklin,M100000US390492828099999,2005,CNG,0
Franklin,M100000US390492828099999,2006,CNG,0
Franklin,M100000US390492828099999,2007,CNG,0
Franklin,M100000US390492828099999,2008,CNG,0
Franklin,M100000US390492828099999,2009.0,CNG,0.0
Franklin,M100000US390492828099999,2010,CNG,0
Franklin,M100000US390492828099999,2011,CNG,0
Franklin,M100000US390492828099999,2012,CNG,0
Franklin,M100000US390492828099999,2013,CNG,0
Franklin,M100000US390492828099999,2014,CNG,0
Franklin,M100000US390492828099999,2015,CNG,0
Franklin,M100000US390492828099999,2016,CNG,0
Franklin,M100000US390492828099999,2017,CNG,0
Franklin,M100000US390492828099999,2018,CNG,0
Franklin,M100000US390492828099999,2019,CNG,0
Franklin,M100000US390492828099999,2020,CNG,0
Franklin,M100000US390492828099999,2021,CNG,0
Franklin,M100000US390492828099999,2022.0,CNG,0.0
Franklin,M100000US390492828099999,2023,CNG,0
Franklin,M100000US390492828099999,2024,CNG,0
Franklin,M100000US390492828099999,2025,CNG,0
Fredericktown,M100000US3928658,1999,CNG,0
Fredericktown,M100000US3928658,2000,CNG,0
Fredericktown,M100000US3928658,2001,CNG,0
Fredericktown,M100000US3928658,2002,CNG,0
Fredericktown,M100000US3928658,2003,CNG,0
Fredericktown,M100000US3928658,2004,CNG,0
Fredericktown,M100000US3928658,2005,CNG,0
Fredericktown,M100000US3928658,2006,CNG,0
Fredericktown,M100000US3928658,2007,CNG,0
Fredericktown,M100000US3928658,2008,CNG,0
Fredericktown,M100000US3928658,2009,CNG,0
Fredericktown,M100000US3928658,2010,CNG,0
Fredericktown,M100000US3928658,2011,CNG,0
Fredericktown,M100000US3928658,2012,CNG,0
Fredericktown,M100000US3928658,2013,CNG,0
Fredericktown,M100000US3928658,2014,CNG,0
Fredericktown,M100000US3928658,2015,CNG,0
Fredericktown,M100000US3928658,2016,CNG,0
Fredericktown,M100000US3928658,2017,CNG,0
Fredericktown,M100000US3928658,2018,CNG,0
Fredericktown,M100000US3928658,2019,CNG,0
Fredericktown,M100000US3928658,2020,CNG,0
Fredericktown,M100000US3928658,2021,CNG,0
Fredericktown,M100000US3928658,2022,CNG,0
Fredericktown,M100000US3928658,2023.0,CNG,0.0
Fredericktown,M100000US3928658,2024,CNG,0
Fredericktown,M100000US3928658,2025,CNG,0
Gahanna,M100000US3929106,1999,CNG,0
Gahanna,M100000US3929106,2000,CNG,0
Gahanna,M100000US3929106,2001,CNG,0
Gahanna,M100000US3929106,2002,CNG,0
Gahanna,M100000US3929106,2003,CNG,0
Gahanna,M100000US3929106,2004,CNG,0
Gahanna,M100000US3929106,2005,CNG,0
Gahanna,M100000US3929106,2006,CNG,0
Gahanna,M100000US3929106,2007,CNG,0
Gahanna,M100000US3929106,2008,CNG,0
Gahanna,M100000US3929106,2009,CNG,0
Gahanna,M100000US3929106,2010,CNG,0
Gahanna,M100000US3929106,2011,CNG,0
Gahanna,M100000US3929106,2012,CNG,0
Gahanna,M100000US3929106,2013,CNG,0
Gahanna,M100000US3929106,2014,CNG,0
Gahanna,M100000US3929106,2015.0,CNG,0.0
Gahanna,M100000US3929106,2016,CNG,0
Gahanna,M100000US3929106,2017,CNG,0
Gahanna,M100000US3929106,2018,CNG,0
Gahanna,M100000US3929106,2019.0,CNG,0.0
Gahanna,M100000US3929106,2020.0,CNG,0.0
Gahanna,M100000US3929106,2021.0,CNG,0.0
Gahanna,M100000US3929106,2022.0,CNG,0.0
Gahanna,M100000US3929106,2023,CNG,0
Gahanna,M100000US3929106,2024,CNG,0
Gahanna,M100000US3929106,2025,CNG,0
Gambier,M100000US3929246,1999,CNG,0
Gambier,M100000US3929246,2000,CNG,0
Gambier,M100000US3929246,2001,CNG,0
Gambier,M100000US3929246,2002,CNG,0
Gambier,M100000US3929246,2003,CNG,0
Gambier,M100000US3929246,2004,CNG,0
Gambier,M100000US3929246,2005,CNG,0
Gambier,M100000US3929246,2006,CNG,0
Gambier,M100000US3929246,2007,CNG,0
Gambier,M100000US3929246,2008,CNG,0
Gambier,M100000US3929246,2009,CNG,0
Gambier,M100000US3929246,2010,CNG,0
Gambier,M100000US3929246,2011,CNG,0
Gambier,M100000US3929246,2012,CNG,0
Gambier,M100000US3929246,2013,CNG,0
Gambier,M100000US3929246,2014,CNG,0
Gambier,M100000US3929246,2015,CNG,0
Gambier,M100000US3929246,2016,CNG,0
Gambier,M100000US3929246,2017.0,CNG,0.0
Gambier,M100000US3929246,2018,CNG,0
Gambier,M100000US3929246,2019,CNG,0
Gambier,M100000US3929246,2020.0,CNG,0.0
Gambier,M100000US3929246,2021.0,CNG,0.0
Gambier,M100000US3929246,2022,CNG,0
Gambier,M100000US3929246,2023.0,CNG,0.0
Gambier,M100000US3929246,2024,CNG,0
Gambier,M100000US3929246,2025,CNG,0
Grand Prairie,M100000US391013119299999,1999,CNG,0
Grand Prairie,M100000US391013119299999,2000,CNG,0
Grand Prairie,M100000US391013119299999,2001,CNG,0
Grand Prairie,M100000US391013119299999,2002,CNG,0
Grand Prairie,M100000US391013119299999,2003,CNG,0
Grand Prairie,M100000US391013119299999,2004,CNG,0
Grand Prairie,M100000US391013119299999,2005,CNG,0
Grand Prairie,M100000US391013119299999,2006,CNG,0
Grand Prairie,M100000US391013119299999,2007,CNG,0
Grand Prairie,M100000US391013119299999,2008,CNG,0
Grand Prairie,M100000US391013119299999,2009,CNG,0
Grand Prairie,M100000US391013119299999,2010,CNG,0
Grand Prairie,M100000US391013119299999,2011,CNG,0
Grand Prairie,M100000US391013119299999,2012,CNG,0
Grand Prairie,M100000US391013119299999,2013,CNG,0
Grand Prairie,M100000US391013119299999,2014,CNG,0
Grand Prairie,M100000US391013119299999,2015,CNG,0
Grand Prairie,M100000US391013119299999,2016,CNG,0
Grand Prairie,M100000US391013119299999,2017,CNG,0
Grand Prairie,M100000US391013119299999,2018,CNG,0
Grand Prairie,M100000US391013119299999,2019,CNG,0
Grand Prairie,M100000US391013119299999,2020,CNG,0
Grand Prairie,M100000US391013119299999,2021,CNG,0
Grand Prairie,M100000US391013119299999,2022,CNG,0
Grand Prairie,M100000US391013119299999,2023.0,CNG,0.0
Grand Prairie,M100000US391013119299999,2024,CNG,0
Grand Prairie,M100000US391013119299999,2025,CNG,0
Grandview Heights,M100000US3931304,1999,CNG,0
Grandview Heights,M100000US3931304,2000,CNG,0
Grandview Heights,M100000US3931304,2001,CNG,0
Grandview Heights,M100000US3931304,2002,CNG,0
Grandview Heights,M100000US3931304,2003,CNG,0
Grandview Heights,M100000US3931304,2004,CNG,0
Grandview Heights,M100000US3931304,2005,CNG,0
Grandview Heights,M100000US3931304,2006,CNG,0
Grandview Heights,M100000US3931304,2007,CNG,0
Grandview Heights,M100000US3931304,2008,CNG,0
Grandview Heights,M100000US3931304,2009,CNG,0
Grandview Heights,M100000US3931304,2010,CNG,0
Grandview Heights,M100000US3931304,2011,CNG,0
Grandview Heights,M100000US3931304,2012,CNG,0
Grandview Heights,M100000US3931304,2013,CNG,0
Grandview Heights,M100000US3931304,2014,CNG,0
Grandview Heights,M100000US3931304,2015,CNG,0
Grandview Heights,M100000US3931304,2016,CNG,0
Grandview Heights,M100000US3931304,2017,CNG,0
Grandview Heights,M100000US3931304,2018,CNG,0
Grandview Heights,M100000US3931304,2019.0,CNG,0.0
Grandview Heights,M100000US3931304,2020.0,CNG,0.0
Grandview Heights,M100000US3931304,2021.0,CNG,0.0
Grandview Heights,M100000US3931304,2022.0,CNG,0.0
Grandview Heights,M100000US3931304,2023.0,CNG,0.0
Grandview Heights,M100000US3931304,2024,CNG,0
Grandview Heights,M100000US3931304,2025,CNG,0
Granville,M100000US3931402,1999,CNG,0
Granville,M100000US3931402,2000,CNG,0
Granville,M100000US3931402,2001,CNG,0
Granville,M100000US3931402,2002,CNG,0
Granville,M100000US3931402,2003,CNG,0
Granville,M100000US3931402,2004,CNG,0
Granville,M100000US3931402,2005,CNG,0
Granville,M100000US3931402,2006,CNG,0
Granville,M100000US3931402,2007,CNG,0
Granville,M100000US3931402,2008,CNG,0
Granville,M100000US3931402,2009,CNG,0
Granville,M100000US3931402,2010,CNG,0
Granville,M100000US3931402,2011,CNG,0
Granville,M100000US3931402,2012,CNG,0
Granville,M100000US3931402,2013,CNG,0
Granville,M100000US3931402,2014,CNG,0
Granville,M100000US3931402,2015,CNG,0
Granville,M100000US3931402,2016,CNG,0
Granville,M100000US3931402,2017,CNG,0
Granville,M100000US3931402,2018,CNG,0
Granville,M100000US3931402,2019.0,CNG,0.0
Granville,M100000US3931402,2020,CNG,0
Granville,M100000US3931402,2021,CNG,0
Granville,M100000US3931402,2022.0,CNG,0.0
Granville,M100000US3931402,2023.0,CNG,0.0
Granville,M100000US3931402,2024,CNG,0
Granville,M100000US3931402,2025,CNG,0
Green,M100000US391413182299999,1999,CNG,0
Green,M100000US391413182299999,2000,CNG,0
Green,M100000US391413182299999,2001,CNG,0
Green,M100000US391413182299999,2002,CNG,0
Green,M100000US391413182299999,2003,CNG,0
Green,M100000US391413182299999,2004,CNG,0
Green,M100000US391413182299999,2005,CNG,0
Green,M100000US391413182299999,2006,CNG,0
Green,M100000US391413182299999,2007,CNG,0
Green,M100000US391413182299999,2008,CNG,0
Green,M100000US391413182299999,2009,CNG,0
Green,M100000US391413182299999,2010,CNG,0
Green,M100000US391413182299999,2011,CNG,0
Green,M100000US391413182299999,2012,CNG,0
Green,M100000US391413182299999,2013,CNG,0
Green,M100000US391413182299999,2014,CNG,0
Green,M100000US391413182299999,2015.0,CNG,0.0
Green,M100000US391413182299999,2016,CNG,0
Green,M100000US391413182299999,2017,CNG,0
Green,M100000US391413182299999,2018,CNG,0
Green,M100000US391413182299999,2019.0,CNG,0.0
Green,M100000US391413182299999,2020,CNG,0
Green,M100000US391413182299999,2021.0,CNG,0.0
Green,M100000US391413182299999,2022,CNG,0
Green,M100000US391413182299999,2023,CNG,0
Green,M100000US391413182299999,2024,CNG,0
Green,M100000US391413182299999,2025,CNG,0
Greenfield,M100000US390453206099999,1999,CNG,0
Greenfield,M100000US390453206099999,2000,CNG,0
Greenfield,M100000US390453206099999,2001,CNG,0
Greenfield,M100000US390453206099999,2002,CNG,0
Greenfield,M100000US390453206099999,2003,CNG,0
Greenfield,M100000US390453206099999,2004,CNG,0
Greenfield,M100000US390453206099999,2005,CNG,0
Greenfield,M100000US390453206099999,2006,CNG,0
Greenfield,M100000US390453206099999,2007,CNG,0
Greenfield,M100000US390453206099999,2008,CNG,0
Greenfield,M100000US390453206099999,2009,CNG,0
Greenfield,M100000US390453206099999,2010,CNG,0
Greenfield,M100000US390453206099999,2011,CNG,0
Greenfield,M100000US390453206099999,2012,CNG,0
Greenfield,M100000US390453206099999,2013,CNG,0
Greenfield,M100000US390453206099999,2014,CNG,0
Greenfield,M100000US390453206099999,2015,CNG,0
Greenfield,M100000US390453206099999,2016.0,CNG,0.0
Greenfield,M100000US390453206099999,2017,CNG,0
Greenfield,M100000US390453206099999,2018,CNG,0
Greenfield,M100000US390453206099999,2019,CNG,0
Greenfield,M100000US390453206099999,2020,CNG,0
Greenfield,M100000US390453206099999,2021,CNG,0
Greenfield,M100000US390453206099999,2022.0,CNG,0.0
Greenfield,M100000US390453206099999,2023,CNG,0
Greenfield,M100000US390453206099999,2024.0,CNG,0.0
Greenfield,M100000US390453206099999,2025,CNG,0
Grove City,M100000US3932592,1999,CNG,0
Grove City,M100000US3932592,2000,CNG,0
Grove City,M100000US3932592,2001,CNG,0
Grove City,M100000US3932592,2002,CNG,0
Grove City,M100000US3932592,2003,CNG,0
Grove City,M100000US3932592,2004,CNG,0
Grove City,M100000US3932592,2005,CNG,0
Grove City,M100000US3932592,2006,CNG,0
Grove City,M100000US3932592,2007,CNG,0
Grove City,M100000US3932592,2008.0,CNG,0.0
Grove City,M100000US3932592,2009,CNG,0
Grove City,M100000US3932592,2010,CNG,0
Grove City,M100000US3932592,2011,CNG,0
Grove City,M100000US3932592,2012,CNG,0
Grove City,M100000US3932592,2013,CNG,0
Grove City,M100000US3932592,2014,CNG,0
Grove City,M100000US3932592,2015.0,CNG,0.0
Grove City,M100000US3932592,2016,CNG,0
Grove City,M100000US3932592,2017,CNG,0
Grove City,M100000US3932592,2018,CNG,0
Grove City,M100000US3932592,2019.0,CNG,0.0
Grove City,M100000US3932592,2020.0,CNG,0.0
Grove City,M100000US3932592,2021.0,CNG,0.0
Grove City,M100000US3932592,2022.0,CNG,0.0
Grove City,M100000US3932592,2023.0,CNG,0.0
Grove City,M100000US3932592,2024,CNG,0
Grove City,M100000US3932592,2025,CNG,0
Groveport,M100000US3932606,1999,CNG,0
Groveport,M100000US3932606,2000,CNG,0
Groveport,M100000US3932606,2001,CNG,0
Groveport,M100000US3932606,2002,CNG,0
Groveport,M100000US3932606,2003,CNG,0
Groveport,M100000US3932606,2004,CNG,0
Groveport,M100000US3932606,2005,CNG,0
Groveport,M100000US3932606,2006,CNG,0
Groveport,M100000US3932606,2007,CNG,0
Groveport,M100000US3932606,2008,CNG,0
Groveport,M100000US3932606,2009,CNG,0
Groveport,M100000US3932606,2010,CNG,0
Groveport,M100000US3932606,2011,CNG,0
Groveport,M100000US3932606,2012,CNG,0
Groveport,M100000US3932606,2013,CNG,0
Groveport,M100000US3932606,2014,CNG,0
Groveport,M100000US3932606,2015,CNG,0
Groveport,M100000US3932606,2016,CNG,0
Groveport,M100000US3932606,2017,CNG,0
Groveport,M100000US3932606,2018,CNG,0
Groveport,M100000US3932606,2019,CNG,0
Groveport,M100000US3932606,2020,CNG,0
Groveport,M100000US3932606,2021,CNG,0
Groveport,M100000US3932606,2022.0,CNG,1.0
Groveport,M100000US3932606,2023,CNG,0
Groveport,M100000US3932606,2024,CNG,0
Groveport,M100000US3932606,2025,CNG,0
Hamilton,M100000US390493302699999,1999,CNG,0
Hamilton,M100000US390493302699999,2000,CNG,0
Hamilton,M100000US390493302699999,2001,CNG,0
Hamilton,M100000US390493302699999,2002,CNG,0
Hamilton,M100000US390493302699999,2003,CNG,0
Hamilton,M100000US390493302699999,2004,CNG,0
Hamilton,M100000US390493302699999,2005,CNG,0
Hamilton,M100000US390493302699999,2006,CNG,0
Hamilton,M100000US390493302699999,2007,CNG,0
Hamilton,M100000US390493302699999,2008,CNG,0
Hamilton,M100000US390493302699999,2009,CNG,0
Hamilton,M100000US390493302699999,2010,CNG,0
Hamilton,M100000US390493302699999,2011,CNG,0
Hamilton,M100000US390493302699999,2012,CNG,0
Hamilton,M100000US390493302699999,2013,CNG,0
Hamilton,M100000US390493302699999,2014,CNG,0
Hamilton,M100000US390493302699999,2015,CNG,0
Hamilton,M100000US390493302699999,2016,CNG,0
Hamilton,M100000US390493302699999,2017,CNG,0
Hamilton,M100000US390493302699999,2018,CNG,0
Hamilton,M100000US390493302699999,2019,CNG,0
Hamilton,M100000US390493302699999,2020,CNG,0
Hamilton,M100000US390493302699999,2021,CNG,0
Hamilton,M100000US390493302699999,2022.0,CNG,0.0
Hamilton,M100000US390493302699999,2023,CNG,0
Hamilton,M100000US390493302699999,2024,CNG,0
Hamilton,M100000US390493302699999,2025,CNG,0
Harrison,M100000US390913390899999,1999,CNG,0
Harrison,M100000US390913390899999,2000,CNG,0
Harrison,M100000US390913390899999,2001,CNG,0
Harrison,M100000US390913390899999,2002,CNG,0
Harrison,M100000US390913390899999,2003,CNG,0
Harrison,M100000US390913390899999,2004,CNG,0
Harrison,M100000US390913390899999,2005,CNG,0
Harrison,M100000US390913390899999,2006,CNG,0
Harrison,M100000US390913390899999,2007,CNG,0
Harrison,M100000US390913390899999,2008,CNG,0
Harrison,M100000US390913390899999,2009,CNG,0
Harrison,M100000US390913390899999,2010,CNG,0
Harrison,M100000US390913390899999,2011,CNG,0
Harrison,M100000US390913390899999,2012,CNG,0
Harrison,M100000US390913390899999,2013,CNG,0
Harrison,M100000US390913390899999,2014,CNG,0
Harrison,M100000US390913390899999,2015,CNG,0
Harrison,M100000US390913390899999,2016,CNG,0
Harrison,M100000US390913390899999,2017,CNG,0
Harrison,M100000US390913390899999,2018,CNG,0
Harrison,M100000US390913390899999,2019,CNG,0
Harrison,M100000US390913390899999,2020,CNG,0
Harrison,M100000US390913390899999,2021.0,CNG,0.0
Harrison,M100000US390913390899999,2022,CNG,0
Harrison,M100000US390913390899999,2023,CNG,0
Harrison,M100000US390913390899999,2024,CNG,0
Harrison,M100000US390913390899999,2025,CNG,0
Heath,M100000US3934748,1999,CNG,0
Heath,M100000US3934748,2000,CNG,0
Heath,M100000US3934748,2001,CNG,0
Heath,M100000US3934748,2002,CNG,0
Heath,M100000US3934748,2003,CNG,0
Heath,M100000US3934748,2004,CNG,0
Heath,M100000US3934748,2005,CNG,0
Heath,M100000US3934748,2006,CNG,0
Heath,M100000US3934748,2007,CNG,0
Heath,M100000US3934748,2008,CNG,0
Heath,M100000US3934748,2009,CNG,0
Heath,M100000US3934748,2010,CNG,0
Heath,M100000US3934748,2011.0,CNG,0.0
Heath,M100000US3934748,2012,CNG,0
Heath,M100000US3934748,2013,CNG,0
Heath,M100000US3934748,2014,CNG,0
Heath,M100000US3934748,2015,CNG,0
Heath,M100000US3934748,2016,CNG,0
Heath,M100000US3934748,2017.0,CNG,0.0
Heath,M100000US3934748,2018,CNG,0
Heath,M100000US3934748,2019,CNG,0
Heath,M100000US3934748,2020,CNG,0
Heath,M100000US3934748,2021.0,CNG,0.0
Heath,M100000US3934748,2022,CNG,0
Heath,M100000US3934748,2023.0,CNG,0.0
Heath,M100000US3934748,2024.0,CNG,0.0
Heath,M100000US3934748,2025,CNG,0
Hebron,M100000US3934790,1999,CNG,0
Hebron,M100000US3934790,2000,CNG,0
Hebron,M100000US3934790,2001,CNG,0
Hebron,M100000US3934790,2002,CNG,0
Hebron,M100000US3934790,2003,CNG,0
Hebron,M100000US3934790,2004,CNG,0
Hebron,M100000US3934790,2005,CNG,0
Hebron,M100000US3934790,2006,CNG,0
Hebron,M100000US3934790,2007,CNG,0
Hebron,M100000US3934790,2008,CNG,0
Hebron,M100000US3934790,2009,CNG,0
Hebron,M100000US3934790,2010,CNG,0
Hebron,M100000US3934790,2011,CNG,0
Hebron,M100000US3934790,2012,CNG,0
Hebron,M100000US3934790,2013,CNG,0
Hebron,M100000US3934790,2014,CNG,0
Hebron,M100000US3934790,2015,CNG,0
Hebron,M100000US3934790,2016,CNG,0
Hebron,M100000US3934790,2017,CNG,0
Hebron,M100000US3934790,2018,CNG,0
Hebron,M100000US3934790,2019,CNG,0
Hebron,M100000US3934790,2020,CNG,0
Hebron,M100000US3934790,2021,CNG,0
Hebron,M100000US3934790,2022.0,CNG,0.0
Hebron,M100000US3934790,2023,CNG,0
Hebron,M100000US3934790,2024,CNG,0
Hebron,M100000US3934790,2025,CNG,0
Hilliard,M100000US3935476,1999,CNG,0
Hilliard,M100000US3935476,2000,CNG,0
Hilliard,M100000US3935476,2001,CNG,0
Hilliard,M100000US3935476,2002,CNG,0
Hilliard,M100000US3935476,2003,CNG,0
Hilliard,M100000US3935476,2004,CNG,0
Hilliard,M100000US3935476,2005,CNG,0
Hilliard,M100000US3935476,2006,CNG,0
Hilliard,M100000US3935476,2007,CNG,0
Hilliard,M100000US3935476,2008,CNG,0
Hilliard,M100000US3935476,2009,CNG,0
Hilliard,M100000US3935476,2010,CNG,0
Hilliard,M100000US3935476,2011.0,CNG,0.0
Hilliard,M100000US3935476,2012.0,CNG,0.0
Hilliard,M100000US3935476,2013,CNG,0
Hilliard,M100000US3935476,2014.0,CNG,0.0
Hilliard,M100000US3935476,2015,CNG,0
Hilliard,M100000US3935476,2016,CNG,0
Hilliard,M100000US3935476,2017.0,CNG,0.0
Hilliard,M100000US3935476,2018,CNG,0
Hilliard,M100000US3935476,2019.0,CNG,0.0
Hilliard,M100000US3935476,2020.0,CNG,0.0
Hilliard,M100000US3935476,2021,CNG,0
Hilliard,M100000US3935476,2022.0,CNG,0.0
Hilliard,M100000US3935476,2023,CNG,0
Hilliard,M100000US3935476,2024.0,CNG,0.0
Hilliard,M100000US3935476,2025,CNG,0
Jefferson,M100000US390473859899999,1999,CNG,0
Jefferson,M100000US390973869699999,1999,CNG,0
Jefferson,M100000US390473859899999,2000,CNG,0
Jefferson,M100000US390973869699999,2000,CNG,0
Jefferson,M100000US390473859899999,2001,CNG,0
Jefferson,M100000US390973869699999,2001,CNG,0
Jefferson,M100000US390473859899999,2002,CNG,0
Jefferson,M100000US390973869699999,2002,CNG,0
Jefferson,M100000US390473859899999,2003,CNG,0
Jefferson,M100000US390973869699999,2003,CNG,0
Jefferson,M100000US390473859899999,2004,CNG,0
Jefferson,M100000US390973869699999,2004,CNG,0
Jefferson,M100000US390473859899999,2005,CNG,0
Jefferson,M100000US390973869699999,2005,CNG,0
Jefferson,M100000US390473859899999,2006,CNG,0
Jefferson,M100000US390973869699999,2006,CNG,0
Jefferson,M100000US390473859899999,2007,CNG,0
Jefferson,M100000US390973869699999,2007,CNG,0
Jefferson,M100000US390473859899999,2008,CNG,0
Jefferson,M100000US390973869699999,2008,CNG,0
Jefferson,M100000US390473859899999,2009,CNG,0
Jefferson,M100000US390973869699999,2009,CNG,0
Jefferson,M100000US390473859899999,2010,CNG,0
Jefferson,M100000US390973869699999,2010,CNG,0
Jefferson,M100000US390473859899999,2011,CNG,0
Jefferson,M100000US390973869699999,2011,CNG,0
Jefferson,M100000US390473859899999,2012,CNG,0
Jefferson,M100000US390973869699999,2012,CNG,0
Jefferson,M100000US390473859899999,2013,CNG,0
Jefferson,M100000US390973869699999,2013,CNG,0
Jefferson,M100000US390473859899999,2014,CNG,0
Jefferson,M100000US390973869699999,2014,CNG,0
Jefferson,M100000US390473859899999,2015,CNG,0
Jefferson,M100000US390973869699999,2015,CNG,0
Jefferson,M100000US390473859899999,2016,CNG,0
Jefferson,M100000US390973869699999,2016,CNG,0
Jefferson,M100000US390473859899999,2017,CNG,0
Jefferson,M100000US390973869699999,2017,CNG,0
Jefferson,M100000US390473859899999,2018,CNG,0
Jefferson,M100000US390973869699999,2018,CNG,0
Jefferson,M100000US390473859899999,2019,CNG,0
Jefferson,M100000US390973869699999,2019,CNG,0
Jefferson,M100000US390473859899999,2020,CNG,0
Jefferson,M100000US390973869699999,2020,CNG,0
Jefferson,M100000US390473859899999,2021,CNG,0
Jefferson,M100000US390973869699999,2021,CNG,0
Jefferson,M100000US390473859899999,2022.0,CNG,0.0
Jefferson,M100000US390973869699999,2022.0,CNG,0.0
Jefferson,M100000US390473859899999,2023.0,CNG,0.0
Jefferson,M100000US390973869699999,2023.0,CNG,0.0
Jefferson,M100000US390473859899999,2024,CNG,0
Jefferson,M100000US390973869699999,2024,CNG,0
Jefferson,M100000US390473859899999,2025,CNG,0
Jefferson,M100000US390973869699999,2025,CNG,0
Jeffersonville,M100000US3938920,1999,CNG,0
Jeffersonville,M100000US3938920,2000,CNG,0
Jeffersonville,M100000US3938920,2001,CNG,0
Jeffersonville,M100000US3938920,2002,CNG,0
Jeffersonville,M100000US3938920,2003,CNG,0
Jeffersonville,M100000US3938920,2004,CNG,0
Jeffersonville,M100000US3938920,2005,CNG,0
Jeffersonville,M100000US3938920,2006,CNG,0
Jeffersonville,M100000US3938920,2007,CNG,0
Jeffersonville,M100000US3938920,2008,CNG,0
Jeffersonville,M100000US3938920,2009,CNG,0
Jeffersonville,M100000US3938920,2010,CNG,0
Jeffersonville,M100000US3938920,2011,CNG,0
Jeffersonville,M100000US3938920,2012,CNG,0
Jeffersonville,M100000US3938920,2013,CNG,0
Jeffersonville,M100000US3938920,2014,CNG,0
Jeffersonville,M100000US3938920,2015.0,CNG,0.0
Jeffersonville,M100000US3938920,2016,CNG,0
Jeffersonville,M100000US3938920,2017,CNG,0
Jeffersonville,M100000US3938920,2018,CNG,0
Jeffersonville,M100000US3938920,2019,CNG,0
Jeffersonville,M100000US3938920,2020,CNG,0
Jeffersonville,M100000US3938920,2021,CNG,0
Jeffersonville,M100000US3938920,2022,CNG,0
Jeffersonville,M100000US3938920,2023,CNG,0
Jeffersonville,M100000US3938920,2024.0,CNG,0.0
Jeffersonville,M100000US3938920,2025,CNG,0
Jerome,M100000US391593904699999,1999,CNG,0
Jerome,M100000US391593904699999,2000,CNG,0
Jerome,M100000US391593904699999,2001,CNG,0
Jerome,M100000US391593904699999,2002,CNG,0
Jerome,M100000US391593904699999,2003,CNG,0
Jerome,M100000US391593904699999,2004,CNG,0
Jerome,M100000US391593904699999,2005,CNG,0
Jerome,M100000US391593904699999,2006,CNG,0
Jerome,M100000US391593904699999,2007,CNG,0
Jerome,M100000US391593904699999,2008,CNG,0
Jerome,M100000US391593904699999,2009,CNG,0
Jerome,M100000US391593904699999,2010,CNG,0
Jerome,M100000US391593904699999,2011,CNG,0
Jerome,M100000US391593904699999,2012,CNG,0
Jerome,M100000US391593904699999,2013,CNG,0
Jerome,M100000US391593904699999,2014,CNG,0
Jerome,M100000US391593904699999,2015,CNG,0
Jerome,M100000US391593904699999,2016,CNG,0
Jerome,M100000US391593904699999,2017,CNG,0
Jerome,M100000US391593904699999,2018,CNG,0
Jerome,M100000US391593904699999,2019,CNG,0
Jerome,M100000US391593904699999,2020,CNG,0
Jerome,M100000US391593904699999,2021,CNG,0
Jerome,M100000US391593904699999,2022,CNG,0
Jerome,M100000US391593904699999,2023,CNG,0
Jerome,M100000US391593904699999,2024.0,CNG,0.0
Jerome,M100000US391593904699999,2025,CNG,0
Jersey,M100000US390893910299999,1999,CNG,0
Jersey,M100000US390893910299999,2000,CNG,0
Jersey,M100000US390893910299999,2001,CNG,0
Jersey,M100000US390893910299999,2002,CNG,0
Jersey,M100000US390893910299999,2003,CNG,0
Jersey,M100000US390893910299999,2004,CNG,0
Jersey,M100000US390893910299999,2005,CNG,0
Jersey,M100000US390893910299999,2006,CNG,0
Jersey,M100000US390893910299999,2007,CNG,0
Jersey,M100000US390893910299999,2008,CNG,0
Jersey,M100000US390893910299999,2009,CNG,0
Jersey,M100000US390893910299999,2010,CNG,0
Jersey,M100000US390893910299999,2011,CNG,0
Jersey,M100000US390893910299999,2012,CNG,0
Jersey,M100000US390893910299999,2013,CNG,0
Jersey,M100000US390893910299999,2014,CNG,0
Jersey,M100000US390893910299999,2015,CNG,0
Jersey,M100000US390893910299999,2016,CNG,0
Jersey,M100000US390893910299999,2017,CNG,0
Jersey,M100000US390893910299999,2018,CNG,0
Jersey,M100000US390893910299999,2019,CNG,0
Jersey,M100000US390893910299999,2020,CNG,0
Jersey,M100000US390893910299999,2021,CNG,0
Jersey,M100000US390893910299999,2022,CNG,0
Jersey,M100000US390893910299999,2023,CNG,0
Jersey,M100000US390893910299999,2024.0,CNG,0.0
Jersey,M100000US390893910299999,2025,CNG,0
Johnstown,M100000US3939340,1999,CNG,0
Johnstown,M100000US3939340,2000,CNG,0
Johnstown,M100000US3939340,2001,CNG,0
Johnstown,M100000US3939340,2002,CNG,0
Johnstown,M100000US3939340,2003,CNG,0
Johnstown,M100000US3939340,2004,CNG,0
Johnstown,M100000US3939340,2005,CNG,0
Johnstown,M100000US3939340,2006,CNG,0
Johnstown,M100000US3939340,2007,CNG,0
Johnstown,M100000US3939340,2008,CNG,0
Johnstown,M100000US3939340,2009,CNG,0
Johnstown,M100000US3939340,2010,CNG,0
Johnstown,M100000US3939340,2011,CNG,0
Johnstown,M100000US3939340,2012,CNG,0
Johnstown,M100000US3939340,2013,CNG,0
Johnstown,M100000US3939340,2014,CNG,0
Johnstown,M100000US3939340,2015,CNG,0
Johnstown,M100000US3939340,2016,CNG,0
Johnstown,M100000US3939340,2017,CNG,0
Johnstown,M100000US3939340,2018,CNG,0
Johnstown,M100000US3939340,2019,CNG,0
Johnstown,M100000US3939340,2020,CNG,0
Johnstown,M100000US3939340,2021,CNG,0
Johnstown,M100000US3939340,2022.0,CNG,0.0
Johnstown,M100000US3939340,2023,CNG,0
Johnstown,M100000US3939340,2024,CNG,0
Johnstown,M100000US3939340,2025,CNG,0
Kirkersville,M100000US3940572,1999,CNG,0
Kirkersville,M100000US3940572,2000,CNG,0
Kirkersville,M100000US3940572,2001,CNG,0
Kirkersville,M100000US3940572,2002,CNG,0
Kirkersville,M100000US3940572,2003,CNG,0
Kirkersville,M100000US3940572,2004,CNG,0
Kirkersville,M100000US3940572,2005,CNG,0
Kirkersville,M100000US3940572,2006,CNG,0
Kirkersville,M100000US3940572,2007,CNG,0
Kirkersville,M100000US3940572,2008,CNG,0
Kirkersville,M100000US3940572,2009,CNG,0
Kirkersville,M100000US3940572,2010,CNG,0
Kirkersville,M100000US3940572,2011,CNG,0
Kirkersville,M100000US3940572,2012,CNG,0
Kirkersville,M100000US3940572,2013,CNG,0
Kirkersville,M100000US3940572,2014,CNG,0
Kirkersville,M100000US3940572,2015.0,CNG,0.0
Kirkersville,M100000US3940572,2016,CNG,0
Kirkersville,M100000US3940572,2017,CNG,0
Kirkersville,M100000US3940572,2018,CNG,0
Kirkersville,M100000US3940572,2019,CNG,0
Kirkersville,M100000US3940572,2020,CNG,0
Kirkersville,M100000US3940572,2021,CNG,0
Kirkersville,M100000US3940572,2022,CNG,0
Kirkersville,M100000US3940572,2023,CNG,0
Kirkersville,M100000US3940572,2024.0,CNG,0.0
Kirkersville,M100000US3940572,2025,CNG,0
Lancaster,M100000US3941720,1999,CNG,0
Lancaster,M100000US3941720,2000,CNG,0
Lancaster,M100000US3941720,2001,CNG,0
Lancaster,M100000US3941720,2002,CNG,0
Lancaster,M100000US3941720,2003,CNG,0
Lancaster,M100000US3941720,2004,CNG,0
Lancaster,M100000US3941720,2005,CNG,0
Lancaster,M100000US3941720,2006,CNG,0
Lancaster,M100000US3941720,2007,CNG,0
Lancaster,M100000US3941720,2008,CNG,0
Lancaster,M100000US3941720,2009,CNG,0
Lancaster,M100000US3941720,2010,CNG,0
Lancaster,M100000US3941720,2011,CNG,0
Lancaster,M100000US3941720,2012.0,CNG,0.0
Lancaster,M100000US3941720,2013,CNG,0
Lancaster,M100000US3941720,2014.0,CNG,0.0
Lancaster,M100000US3941720,2015,CNG,0
Lancaster,M100000US3941720,2016,CNG,0
Lancaster,M100000US3941720,2017,CNG,0
Lancaster,M100000US3941720,2018,CNG,0
Lancaster,M100000US3941720,2019.0,CNG,0.0
Lancaster,M100000US3941720,2020,CNG,0
Lancaster,M100000US3941720,2021.0,CNG,0.0
Lancaster,M100000US3941720,2022.0,CNG,0.0
Lancaster,M100000US3941720,2023.0,CNG,0.0
Lancaster,M100000US3941720,2024,CNG,0
Lancaster,M100000US3941720,2025,CNG,0
Laurel,M100000US390734205699999,1999,CNG,0
Laurel,M100000US390734205699999,2000,CNG,0
Laurel,M100000US390734205699999,2001,CNG,0
Laurel,M100000US390734205699999,2002,CNG,0
Laurel,M100000US390734205699999,2003,CNG,0
Laurel,M100000US390734205699999,2004,CNG,0
Laurel,M100000US390734205699999,2005,CNG,0
Laurel,M100000US390734205699999,2006,CNG,0
Laurel,M100000US390734205699999,2007,CNG,0
Laurel,M100000US390734205699999,2008,CNG,0
Laurel,M100000US390734205699999,2009,CNG,0
Laurel,M100000US390734205699999,2010,CNG,0
Laurel,M100000US390734205699999,2011,CNG,0
Laurel,M100000US390734205699999,2012,CNG,0
Laurel,M100000US390734205699999,2013,CNG,0
Laurel,M100000US390734205699999,2014,CNG,0
Laurel,M100000US390734205699999,2015.0,CNG,0.0
Laurel,M100000US390734205699999,2016,CNG,0
Laurel,M100000US390734205699999,2017,CNG,0
Laurel,M100000US390734205699999,2018,CNG,0
Laurel,M100000US390734205699999,2019,CNG,0
Laurel,M100000US390734205699999,2020,CNG,0
Laurel,M100000US390734205699999,2021,CNG,0
Laurel,M100000US390734205699999,2022,CNG,0
Laurel,M100000US390734205699999,2023,CNG,0
Laurel,M100000US390734205699999,2024,CNG,0
Laurel,M100000US390734205699999,2025,CNG,0
Liberty,M100000US391594335899999,1999,CNG,0
Liberty,M100000US390414310699999,1999,CNG,0
Liberty,M100000US391594335899999,2000,CNG,0
Liberty,M100000US390414310699999,2000,CNG,0
Liberty,M100000US391594335899999,2001,CNG,0
Liberty,M100000US390414310699999,2001,CNG,0
Liberty,M100000US391594335899999,2002,CNG,0
Liberty,M100000US390414310699999,2002,CNG,0
Liberty,M100000US391594335899999,2003,CNG,0
Liberty,M100000US390414310699999,2003,CNG,0
Liberty,M100000US391594335899999,2004,CNG,0
Liberty,M100000US390414310699999,2004,CNG,0
Liberty,M100000US391594335899999,2005,CNG,0
Liberty,M100000US390414310699999,2005,CNG,0
Liberty,M100000US391594335899999,2006,CNG,0
Liberty,M100000US390414310699999,2006,CNG,0
Liberty,M100000US391594335899999,2007,CNG,0
Liberty,M100000US390414310699999,2007,CNG,0
Liberty,M100000US391594335899999,2008,CNG,0
Liberty,M100000US390414310699999,2008,CNG,0
Liberty,M100000US391594335899999,2009,CNG,0
Liberty,M100000US390414310699999,2009,CNG,0
Liberty,M100000US391594335899999,2010,CNG,0
Liberty,M100000US390414310699999,2010,CNG,0
Liberty,M100000US391594335899999,2011,CNG,0
Liberty,M100000US390414310699999,2011,CNG,0
Liberty,M100000US391594335899999,2012,CNG,0
Liberty,M100000US390414310699999,2012,CNG,0
Liberty,M100000US391594335899999,2013,CNG,0
Liberty,M100000US390414310699999,2013,CNG,0
Liberty,M100000US391594335899999,2014,CNG,0
Liberty,M100000US390414310699999,2014,CNG,0
Liberty,M100000US391594335899999,2015,CNG,0
Liberty,M100000US390414310699999,2015,CNG,0
Liberty,M100000US391594335899999,2016,CNG,0
Liberty,M100000US390414310699999,2016,CNG,0
Liberty,M100000US391594335899999,2017,CNG,0
Liberty,M100000US390414310699999,2017,CNG,0
Liberty,M100000US391594335899999,2018.0,CNG,0.0
Liberty,M100000US390414310699999,2018.0,CNG,0.0
Liberty,M100000US391594335899999,2019,CNG,0
Liberty,M100000US390414310699999,2019,CNG,0
Liberty,M100000US391594335899999,2020,CNG,0
Liberty,M100000US390414310699999,2020,CNG,0
Liberty,M100000US391594335899999,2021.0,CNG,0.0
Liberty,M100000US390414310699999,2021.0,CNG,0.0
Liberty,M100000US391594335899999,2022,CNG,0
Liberty,M100000US390414310699999,2022,CNG,0
Liberty,M100000US391594335899999,2023,CNG,0
Liberty,M100000US390414310699999,2023,CNG,0
Liberty,M100000US391594335899999,2024.0,CNG,0.0
Liberty,M100000US390414310699999,2024.0,CNG,0.0
Liberty,M100000US391594335899999,2025,CNG,0
Liberty,M100000US390414310699999,2025,CNG,0
Logan,M100000US3944632,1999,CNG,0
Logan,M100000US3944632,2000,CNG,0
Logan,M100000US3944632,2001,CNG,0
Logan,M100000US3944632,2002,CNG,0
Logan,M100000US3944632,2003,CNG,0
Logan,M100000US3944632,2004,CNG,0
Logan,M100000US3944632,2005,CNG,0
Logan,M100000US3944632,2006,CNG,0
Logan,M100000US3944632,2007,CNG,0
Logan,M100000US3944632,2008,CNG,0
Logan,M100000US3944632,2009,CNG,0
Logan,M100000US3944632,2010,CNG,0
Logan,M100000US3944632,2011,CNG,0
Logan,M100000US3944632,2012,CNG,0
Logan,M100000US3944632,2013,CNG,0
Logan,M100000US3944632,2014,CNG,0
Logan,M100000US3944632,2015,CNG,0
Logan,M100000US3944632,2016,CNG,0
Logan,M100000US3944632,2017,CNG,0
Logan,M100000US3944632,2018,CNG,0
Logan,M100000US3944632,2019,CNG,0
Logan,M100000US3944632,2020,CNG,0
Logan,M100000US3944632,2021.0,CNG,0.0
Logan,M100000US3944632,2022,CNG,0
Logan,M100000US3944632,2023.0,CNG,0.0
Logan,M100000US3944632,2024,CNG,0
Logan,M100000US3944632,2025,CNG,0
London,M100000US3944674,1999,CNG,0
London,M100000US3944674,2000,CNG,0
London,M100000US3944674,2001,CNG,0
London,M100000US3944674,2002,CNG,0
London,M100000US3944674,2003,CNG,0
London,M100000US3944674,2004,CNG,0
London,M100000US3944674,2005,CNG,0
London,M100000US3944674,2006,CNG,0
London,M100000US3944674,2007,CNG,0
London,M100000US3944674,2008,CNG,0
London,M100000US3944674,2009,CNG,0
London,M100000US3944674,2010,CNG,0
London,M100000US3944674,2011,CNG,0
London,M100000US3944674,2012,CNG,0
London,M100000US3944674,2013,CNG,0
London,M100000US3944674,2014,CNG,0
London,M100000US3944674,2015,CNG,0
London,M100000US3944674,2016,CNG,0
London,M100000US3944674,2017,CNG,0
London,M100000US3944674,2018,CNG,0
London,M100000US3944674,2019,CNG,0
London,M100000US3944674,2020,CNG,0
London,M100000US3944674,2021.0,CNG,0.0
London,M100000US3944674,2022.0,CNG,0.0
London,M100000US3944674,2023.0,CNG,0.0
London,M100000US3944674,2024.0,CNG,0.0
London,M100000US3944674,2025,CNG,0
Marble Cliff,M100000US3947474,1999,CNG,0
Marble Cliff,M100000US3947474,2000,CNG,0
Marble Cliff,M100000US3947474,2001,CNG,0
Marble Cliff,M100000US3947474,2002,CNG,0
Marble Cliff,M100000US3947474,2003,CNG,0
Marble Cliff,M100000US3947474,2004,CNG,0
Marble Cliff,M100000US3947474,2005,CNG,0
Marble Cliff,M100000US3947474,2006,CNG,0
Marble Cliff,M100000US3947474,2007,CNG,0
Marble Cliff,M100000US3947474,2008,CNG,0
Marble Cliff,M100000US3947474,2009,CNG,0
Marble Cliff,M100000US3947474,2010,CNG,0
Marble Cliff,M100000US3947474,2011,CNG,0
Marble Cliff,M100000US3947474,2012,CNG,0
Marble Cliff,M100000US3947474,2013,CNG,0
Marble Cliff,M100000US3947474,2014,CNG,0
Marble Cliff,M100000US3947474,2015,CNG,0
Marble Cliff,M100000US3947474,2016,CNG,0
Marble Cliff,M100000US3947474,2017,CNG,0
Marble Cliff,M100000US3947474,2018,CNG,0
Marble Cliff,M100000US3947474,2019,CNG,0
Marble Cliff,M100000US3947474,2020.0,CNG,0.0
Marble Cliff,M100000US3947474,2021.0,CNG,0.0
Marble Cliff,M100000US3947474,2022,CNG,0
Marble Cliff,M100000US3947474,2023,CNG,0
Marble Cliff,M100000US3947474,2024,CNG,0
Marble Cliff,M100000US3947474,2025,CNG,0
Marion,M100000US391014776899999,1999,CNG,0
Marion,M100000US3947754,1999,CNG,0
Marion,M100000US391014776899999,2000,CNG,0
Marion,M100000US3947754,2000,CNG,0
Marion,M100000US391014776899999,2001,CNG,0
Marion,M100000US3947754,2001,CNG,0
Marion,M100000US391014776899999,2002,CNG,0
Marion,M100000US3947754,2002,CNG,0
Marion,M100000US391014776899999,2003,CNG,0
Marion,M100000US3947754,2003,CNG,0
Marion,M100000US391014776899999,2004,CNG,0
Marion,M100000US3947754,2004,CNG,0
Marion,M100000US391014776899999,2005,CNG,0
Marion,M100000US3947754,2005,CNG,0
Marion,M100000US391014776899999,2006,CNG,0
Marion,M100000US3947754,2006,CNG,0
Marion,M100000US391014776899999,2007,CNG,0
Marion,M100000US3947754,2007,CNG,0
Marion,M100000US391014776899999,2008,CNG,0
Marion,M100000US3947754,2008,CNG,0
Marion,M100000US391014776899999,2009,CNG,0
Marion,M100000US3947754,2009,CNG,0
Marion,M100000US391014776899999,2010,CNG,0
Marion,M100000US3947754,2010,CNG,0
Marion,M100000US391014776899999,2011.0,CNG,0.0
Marion,M100000US3947754,2011.0,CNG,0.0
Marion,M100000US391014776899999,2012,CNG,0
Marion,M100000US3947754,2012,CNG,0
Marion,M100000US391014776899999,2013,CNG,0
Marion,M100000US3947754,2013,CNG,0
Marion,M100000US391014776899999,2014,CNG,0
Marion,M100000US3947754,2014,CNG,0
Marion,M100000US391014776899999,2015,CNG,0
Marion,M100000US3947754,2015,CNG,0
Marion,M100000US391014776899999,2016,CNG,0
Marion,M100000US3947754,2016,CNG,0
Marion,M100000US391014776899999,2017,CNG,0
Marion,M100000US3947754,2017,CNG,0
Marion,M100000US391014776899999,2018,CNG,0
Marion,M100000US3947754,2018,CNG,0
Marion,M100000US391014776899999,2019.0,CNG,0.0
Marion,M100000US3947754,2019.0,CNG,0.0
Marion,M100000US391014776899999,2020.0,CNG,0.0
Marion,M100000US3947754,2020.0,CNG,0.0
Marion,M100000US391014776899999,2021.0,CNG,0.0
Marion,M100000US3947754,2021.0,CNG,0.0
Marion,M100000US391014776899999,2022,CNG,0
Marion,M100000US3947754,2022,CNG,0
Marion,M100000US391014776899999,2023.0,CNG,0.0
Marion,M100000US3947754,2023.0,CNG,0.0
Marion,M100000US391014776899999,2024.0,CNG,0.0
Marion,M100000US3947754,2024.0,CNG,0.0
Marion,M100000US391014776899999,2025,CNG,0
Marion,M100000US3947754,2025,CNG,0
Marysville,M100000US3948160,1999,CNG,0
Marysville,M100000US3948160,2000,CNG,0
Marysville,M100000US3948160,2001,CNG,0
Marysville,M100000US3948160,2002,CNG,0
Marysville,M100000US3948160,2003,CNG,0
Marysville,M100000US3948160,2004,CNG,0
Marysville,M100000US3948160,2005,CNG,0
Marysville,M100000US3948160,2006,CNG,0
Marysville,M100000US3948160,2007,CNG,0
Marysville,M100000US3948160,2008,CNG,0
Marysville,M100000US3948160,2009,CNG,0
Marysville,M100000US3948160,2010,CNG,0
Marysville,M100000US3948160,2011,CNG,0
Marysville,M100000US3948160,2012,CNG,0
Marysville,M100000US3948160,2013,CNG,0
Marysville,M100000US3948160,2014,CNG,0
Marysville,M100000US3948160,2015,CNG,0
Marysville,M100000US3948160,2016,CNG,0
Marysville,M100000US3948160,2017,CNG,0
Marysville,M100000US3948160,2018,CNG,0
Marysville,M100000US3948160,2019,CNG,0
Marysville,M100000US3948160,2020.0,CNG,0.0
Marysville,M100000US3948160,2021,CNG,0
Marysville,M100000US3948160,2022.0,CNG,0.0
Marysville,M100000US3948160,2023.0,CNG,0.0
Marysville,M100000US3948160,2024.0,CNG,0.0
Marysville,M100000US3948160,2025.0,CNG,0.0
Mount Vernon,M100000US3953102,1999,CNG,0
Mount Vernon,M100000US3953102,2000,CNG,0
Mount Vernon,M100000US3953102,2001,CNG,0
Mount Vernon,M100000US3953102,2002,CNG,0
Mount Vernon,M100000US3953102,2003,CNG,0
Mount Vernon,M100000US3953102,2004,CNG,0
Mount Vernon,M100000US3953102,2005,CNG,0
Mount Vernon,M100000US3953102,2006,CNG,0
Mount Vernon,M100000US3953102,2007,CNG,0
Mount Vernon,M100000US3953102,2008,CNG,0
Mount Vernon,M100000US3953102,2009,CNG,0
Mount Vernon,M100000US3953102,2010,CNG,0
Mount Vernon,M100000US3953102,2011,CNG,0
Mount Vernon,M100000US3953102,2012,CNG,0
Mount Vernon,M100000US3953102,2013,CNG,0
Mount Vernon,M100000US3953102,2014.0,CNG,1.0
Mount Vernon,M100000US3953102,2015,CNG,0
Mount Vernon,M100000US3953102,2016,CNG,0
Mount Vernon,M100000US3953102,2017,CNG,0
Mount Vernon,M100000US3953102,2018,CNG,0
Mount Vernon,M100000US3953102,2019,CNG,0
Mount Vernon,M100000US3953102,2020,CNG,0
Mount Vernon,M100000US3953102,2021.0,CNG,0.0
Mount Vernon,M100000US3953102,2022,CNG,0
Mount Vernon,M100000US3953102,2023,CNG,0
Mount Vernon,M100000US3953102,2024.0,CNG,0.0
Mount Vernon,M100000US3953102,2025,CNG,0
New Albany,M100000US3953970,1999,CNG,0
New Albany,M100000US3953970,2000,CNG,0
New Albany,M100000US3953970,2001,CNG,0
New Albany,M100000US3953970,2002,CNG,0
New Albany,M100000US3953970,2003,CNG,0
New Albany,M100000US3953970,2004,CNG,0
New Albany,M100000US3953970,2005,CNG,0
New Albany,M100000US3953970,2006,CNG,0
New Albany,M100000US3953970,2007,CNG,0
New Albany,M100000US3953970,2008,CNG,0
New Albany,M100000US3953970,2009,CNG,0
New Albany,M100000US3953970,2010,CNG,0
New Albany,M100000US3953970,2011,CNG,0
New Albany,M100000US3953970,2012,CNG,0
New Albany,M100000US3953970,2013,CNG,0
New Albany,M100000US3953970,2014,CNG,0
New Albany,M100000US3953970,2015,CNG,0
New Albany,M100000US3953970,2016,CNG,0
New Albany,M100000US3953970,2017,CNG,0
New Albany,M100000US3953970,2018,CNG,0
New Albany,M100000US3953970,2019,CNG,0
New Albany,M100000US3953970,2020.0,CNG,0.0
New Albany,M100000US3953970,2021.0,CNG,0.0
New Albany,M100000US3953970,2022.0,CNG,0.0
New Albany,M100000US3953970,2023.0,CNG,0.0
New Albany,M100000US3953970,2024.0,CNG,0.0
New Albany,M100000US3953970,2025,CNG,0
New Holland,M100000US3954726,1999,CNG,0
New Holland,M100000US3954726,2000,CNG,0
New Holland,M100000US3954726,2001,CNG,0
New Holland,M100000US3954726,2002,CNG,0
New Holland,M100000US3954726,2003,CNG,0
New Holland,M100000US3954726,2004,CNG,0
New Holland,M100000US3954726,2005,CNG,0
New Holland,M100000US3954726,2006,CNG,0
New Holland,M100000US3954726,2007,CNG,0
New Holland,M100000US3954726,2008,CNG,0
New Holland,M100000US3954726,2009,CNG,0
New Holland,M100000US3954726,2010,CNG,0
New Holland,M100000US3954726,2011,CNG,0
New Holland,M100000US3954726,2012,CNG,0
New Holland,M100000US3954726,2013,CNG,0
New Holland,M100000US3954726,2014,CNG,0
New Holland,M100000US3954726,2015,CNG,0
New Holland,M100000US3954726,2016,CNG,0
New Holland,M100000US3954726,2017,CNG,0
New Holland,M100000US3954726,2018,CNG,0
New Holland,M100000US3954726,2019,CNG,0
New Holland,M100000US3954726,2020,CNG,0
New Holland,M100000US3954726,2021,CNG,0
New Holland,M100000US3954726,2022,CNG,0
New Holland,M100000US3954726,2023.0,CNG,0.0
New Holland,M100000US3954726,2024,CNG,0
New Holland,M100000US3954726,2025,CNG,0
Newark,M100000US3954040,1999,CNG,0
Newark,M100000US390895405499999,1999,CNG,0
Newark,M100000US3954040,2000.0,CNG,0.0
Newark,M100000US390895405499999,2000.0,CNG,0.0
Newark,M100000US3954040,2001,CNG,0
Newark,M100000US390895405499999,2001,CNG,0
Newark,M100000US3954040,2002,CNG,0
Newark,M100000US390895405499999,2002,CNG,0
Newark,M100000US3954040,2003,CNG,0
Newark,M100000US390895405499999,2003,CNG,0
Newark,M100000US3954040,2004,CNG,0
Newark,M100000US390895405499999,2004,CNG,0
Newark,M100000US3954040,2005,CNG,0
Newark,M100000US390895405499999,2005,CNG,0
Newark,M100000US3954040,2006,CNG,0
Newark,M100000US390895405499999,2006,CNG,0
Newark,M100000US3954040,2007,CNG,0
Newark,M100000US390895405499999,2007,CNG,0
Newark,M100000US3954040,2008,CNG,0
Newark,M100000US390895405499999,2008,CNG,0
Newark,M100000US3954040,2009,CNG,0
Newark,M100000US390895405499999,2009,CNG,0
Newark,M100000US3954040,2010,CNG,0
Newark,M100000US390895405499999,2010,CNG,0
Newark,M100000US3954040,2011.0,CNG,0.0
Newark,M100000US390895405499999,2011.0,CNG,0.0
Newark,M100000US3954040,2012,CNG,0
Newark,M100000US390895405499999,2012,CNG,0
Newark,M100000US3954040,2013.0,CNG,0.0
Newark,M100000US390895405499999,2013.0,CNG,0.0
Newark,M100000US3954040,2014,CNG,0
Newark,M100000US390895405499999,2014,CNG,0
Newark,M100000US3954040,2015,CNG,0
Newark,M100000US390895405499999,2015,CNG,0
Newark,M100000US3954040,2016,CNG,0
Newark,M100000US390895405499999,2016,CNG,0
Newark,M100000US3954040,2017,CNG,0
Newark,M100000US390895405499999,2017,CNG,0
Newark,M100000US3954040,2018,CNG,0
Newark,M100000US390895405499999,2018,CNG,0
Newark,M100000US3954040,2019,CNG,0
Newark,M100000US390895405499999,2019,CNG,0
Newark,M100000US3954040,2020.0,CNG,0.0
Newark,M100000US390895405499999,2020.0,CNG,0.0
Newark,M100000US3954040,2021.0,CNG,0.0
Newark,M100000US390895405499999,2021.0,CNG,0.0
Newark,M100000US3954040,2022.0,CNG,0.0
Newark,M100000US390895405499999,2022.0,CNG,0.0
Newark,M100000US3954040,2023.0,CNG,0.0
Newark,M100000US390895405499999,2023.0,CNG,0.0
Newark,M100000US3954040,2024,CNG,0
Newark,M100000US390895405499999,2024,CNG,0
Newark,M100000US3954040,2025,CNG,0
Newark,M100000US390895405499999,2025,CNG,0
Obetz,M100000US3957862,1999,CNG,0
Obetz,M100000US3957862,2000,CNG,0
Obetz,M100000US3957862,2001,CNG,0
Obetz,M100000US3957862,2002,CNG,0
Obetz,M100000US3957862,2003,CNG,0
Obetz,M100000US3957862,2004,CNG,0
Obetz,M100000US3957862,2005,CNG,0
Obetz,M100000US3957862,2006,CNG,0
Obetz,M100000US3957862,2007,CNG,0
Obetz,M100000US3957862,2008,CNG,0
Obetz,M100000US3957862,2009,CNG,0
Obetz,M100000US3957862,2010,CNG,0
Obetz,M100000US3957862,2011,CNG,0
Obetz,M100000US3957862,2012,CNG,0
Obetz,M100000US3957862,2013,CNG,0
Obetz,M100000US3957862,2014,CNG,0
Obetz,M100000US3957862,2015.0,CNG,1.0
Obetz,M100000US3957862,2016,CNG,0
Obetz,M100000US3957862,2017,CNG,0
Obetz,M100000US3957862,2018,CNG,0
Obetz,M100000US3957862,2019,CNG,0
Obetz,M100000US3957862,2020,CNG,0
Obetz,M100000US3957862,2021,CNG,0
Obetz,M100000US3957862,2022,CNG,0
Obetz,M100000US3957862,2023,CNG,0
Obetz,M100000US3957862,2024,CNG,0
Obetz,M100000US3957862,2025,CNG,0
Octa,M100000US3957918,1999,CNG,0
Octa,M100000US3957918,2000,CNG,0
Octa,M100000US3957918,2001,CNG,0
Octa,M100000US3957918,2002,CNG,0
Octa,M100000US3957918,2003,CNG,0
Octa,M100000US3957918,2004,CNG,0
Octa,M100000US3957918,2005,CNG,0
Octa,M100000US3957918,2006,CNG,0
Octa,M100000US3957918,2007,CNG,0
Octa,M100000US3957918,2008,CNG,0
Octa,M100000US3957918,2009,CNG,0
Octa,M100000US3957918,2010,CNG,0
Octa,M100000US3957918,2011,CNG,0
Octa,M100000US3957918,2012,CNG,0
Octa,M100000US3957918,2013,CNG,0
Octa,M100000US3957918,2014.0,CNG,0.0
Octa,M100000US3957918,2015,CNG,0
Octa,M100000US3957918,2016,CNG,0
Octa,M100000US3957918,2017,CNG,0
Octa,M100000US3957918,2018,CNG,0
Octa,M100000US3957918,2019,CNG,0
Octa,M100000US3957918,2020,CNG,0
Octa,M100000US3957918,2021,CNG,0
Octa,M100000US3957918,2022,CNG,0
Octa,M100000US3957918,2023,CNG,0
Octa,M100000US3957918,2024,CNG,0
Octa,M100000US3957918,2025,CNG,0
Orange,M100000US390415861899999,1999,CNG,0
Orange,M100000US390415861899999,2000,CNG,0
Orange,M100000US390415861899999,2001,CNG,0
Orange,M100000US390415861899999,2002,CNG,0
Orange,M100000US390415861899999,2003,CNG,0
Orange,M100000US390415861899999,2004,CNG,0
Orange,M100000US390415861899999,2005,CNG,0
Orange,M100000US390415861899999,2006,CNG,0
Orange,M100000US390415861899999,2007,CNG,0
Orange,M100000US390415861899999,2008.0,CNG,0.0
Orange,M100000US390415861899999,2009,CNG,0
Orange,M100000US390415861899999,2010,CNG,0
Orange,M100000US390415861899999,2011,CNG,0
Orange,M100000US390415861899999,2012,CNG,0
Orange,M100000US390415861899999,2013,CNG,0
Orange,M100000US390415861899999,2014,CNG,0
Orange,M100000US390415861899999,2015,CNG,0
Orange,M100000US390415861899999,2016,CNG,0
Orange,M100000US390415861899999,2017.0,CNG,0.0
Orange,M100000US390415861899999,2018,CNG,0
Orange,M100000US390415861899999,2019,CNG,0
Orange,M100000US390415861899999,2020.0,CNG,0.0
Orange,M100000US390415861899999,2021,CNG,0
Orange,M100000US390415861899999,2022.0,CNG,0.0
Orange,M100000US390415861899999,2023.0,CNG,0.0
Orange,M100000US390415861899999,2024.0,CNG,0.0
Orange,M100000US390415861899999,2025,CNG,0
Pataskala,M100000US3961112,1999,CNG,0
Pataskala,M100000US3961112,2000,CNG,0
Pataskala,M100000US3961112,2001,CNG,0
Pataskala,M100000US3961112,2002,CNG,0
Pataskala,M100000US3961112,2003,CNG,0
Pataskala,M100000US3961112,2004,CNG,0
Pataskala,M100000US3961112,2005,CNG,0
Pataskala,M100000US3961112,2006,CNG,0
Pataskala,M100000US3961112,2007,CNG,0
Pataskala,M100000US3961112,2008,CNG,0
Pataskala,M100000US3961112,2009,CNG,0
Pataskala,M100000US3961112,2010,CNG,0
Pataskala,M100000US3961112,2011,CNG,0
Pataskala,M100000US3961112,2012,CNG,0
Pataskala,M100000US3961112,2013,CNG,0
Pataskala,M100000US3961112,2014,CNG,0
Pataskala,M100000US3961112,2015,CNG,0
Pataskala,M100000US3961112,2016,CNG,0
Pataskala,M100000US3961112,2017,CNG,0
Pataskala,M100000US3961112,2018,CNG,0
Pataskala,M100000US3961112,2019,CNG,0
Pataskala,M100000US3961112,2020,CNG,0
Pataskala,M100000US3961112,2021,CNG,0
Pataskala,M100000US3961112,2022,CNG,0
Pataskala,M100000US3961112,2023,CNG,0
Pataskala,M100000US3961112,2024.0,CNG,0.0
Pataskala,M100000US3961112,2025,CNG,0
Perry,M100000US390916193899999,1999,CNG,0
Perry,M100000US390916193899999,2000,CNG,0
Perry,M100000US390916193899999,2001,CNG,0
Perry,M100000US390916193899999,2002,CNG,0
Perry,M100000US390916193899999,2003,CNG,0
Perry,M100000US390916193899999,2004,CNG,0
Perry,M100000US390916193899999,2005,CNG,0
Perry,M100000US390916193899999,2006,CNG,0
Perry,M100000US390916193899999,2007,CNG,0
Perry,M100000US390916193899999,2008,CNG,0
Perry,M100000US390916193899999,2009,CNG,0
Perry,M100000US390916193899999,2010,CNG,0
Perry,M100000US390916193899999,2011,CNG,0
Perry,M100000US390916193899999,2012,CNG,0
Perry,M100000US390916193899999,2013,CNG,0
Perry,M100000US390916193899999,2014,CNG,0
Perry,M100000US390916193899999,2015,CNG,0
Perry,M100000US390916193899999,2016,CNG,0
Perry,M100000US390916193899999,2017,CNG,0
Perry,M100000US390916193899999,2018,CNG,0
Perry,M100000US390916193899999,2019.0,CNG,0.0
Perry,M100000US390916193899999,2020,CNG,0
Perry,M100000US390916193899999,2021.0,CNG,0.0
Perry,M100000US390916193899999,2022,CNG,0
Perry,M100000US390916193899999,2023,CNG,0
Perry,M100000US390916193899999,2024,CNG,0
Perry,M100000US390916193899999,2025,CNG,0
Pickerington,M100000US3962498,1999,CNG,0
Pickerington,M100000US3962498,2000,CNG,0
Pickerington,M100000US3962498,2001,CNG,0
Pickerington,M100000US3962498,2002,CNG,0
Pickerington,M100000US3962498,2003,CNG,0
Pickerington,M100000US3962498,2004,CNG,0
Pickerington,M100000US3962498,2005,CNG,0
Pickerington,M100000US3962498,2006,CNG,0
Pickerington,M100000US3962498,2007,CNG,0
Pickerington,M100000US3962498,2008,CNG,0
Pickerington,M100000US3962498,2009,CNG,0
Pickerington,M100000US3962498,2010,CNG,0
Pickerington,M100000US3962498,2011,CNG,0
Pickerington,M100000US3962498,2012,CNG,0
Pickerington,M100000US3962498,2013,CNG,0
Pickerington,M100000US3962498,2014,CNG,0
Pickerington,M100000US3962498,2015,CNG,0
Pickerington,M100000US3962498,2016,CNG,0
Pickerington,M100000US3962498,2017,CNG,0
Pickerington,M100000US3962498,2018,CNG,0
Pickerington,M100000US3962498,2019,CNG,0
Pickerington,M100000US3962498,2020,CNG,0
Pickerington,M100000US3962498,2021.0,CNG,0.0
Pickerington,M100000US3962498,2022.0,CNG,0.0
Pickerington,M100000US3962498,2023,CNG,0
Pickerington,M100000US3962498,2024.0,CNG,0.0
Pickerington,M100000US3962498,2025,CNG,0
Powell,M100000US3964486,1999,CNG,0
Powell,M100000US3964486,2000,CNG,0
Powell,M100000US3964486,2001,CNG,0
Powell,M100000US3964486,2002,CNG,0
Powell,M100000US3964486,2003,CNG,0
Powell,M100000US3964486,2004,CNG,0
Powell,M100000US3964486,2005,CNG,0
Powell,M100000US3964486,2006,CNG,0
Powell,M100000US3964486,2007,CNG,0
Powell,M100000US3964486,2008,CNG,0
Powell,M100000US3964486,2009,CNG,0
Powell,M100000US3964486,2010,CNG,0
Powell,M100000US3964486,2011,CNG,0
Powell,M100000US3964486,2012,CNG,0
Powell,M100000US3964486,2013,CNG,0
Powell,M100000US3964486,2014,CNG,0
Powell,M100000US3964486,2015,CNG,0
Powell,M100000US3964486,2016,CNG,0
Powell,M100000US3964486,2017,CNG,0
Powell,M100000US3964486,2018.0,CNG,0.0
Powell,M100000US3964486,2019.0,CNG,0.0
Powell,M100000US3964486,2020,CNG,0
Powell,M100000US3964486,2021.0,CNG,0.0
Powell,M100000US3964486,2022,CNG,0
Powell,M100000US3964486,2023.0,CNG,0.0
Powell,M100000US3964486,2024.0,CNG,0.0
Powell,M100000US3964486,2025,CNG,0
Reynoldsburg,M100000US3966390,1999,CNG,0
Reynoldsburg,M100000US3966390,2000,CNG,0
Reynoldsburg,M100000US3966390,2001,CNG,0
Reynoldsburg,M100000US3966390,2002,CNG,0
Reynoldsburg,M100000US3966390,2003,CNG,0
Reynoldsburg,M100000US3966390,2004,CNG,0
Reynoldsburg,M100000US3966390,2005,CNG,0
Reynoldsburg,M100000US3966390,2006,CNG,0
Reynoldsburg,M100000US3966390,2007,CNG,0
Reynoldsburg,M100000US3966390,2008,CNG,0
Reynoldsburg,M100000US3966390,2009,CNG,0
Reynoldsburg,M100000US3966390,2010,CNG,0
Reynoldsburg,M100000US3966390,2011,CNG,0
Reynoldsburg,M100000US3966390,2012,CNG,0
Reynoldsburg,M100000US3966390,2013,CNG,0
Reynoldsburg,M100000US3966390,2014,CNG,0
Reynoldsburg,M100000US3966390,2015,CNG,0
Reynoldsburg,M100000US3966390,2016,CNG,0
Reynoldsburg,M100000US3966390,2017.0,CNG,0.0
Reynoldsburg,M100000US3966390,2018,CNG,0
Reynoldsburg,M100000US3966390,2019,CNG,0
Reynoldsburg,M100000US3966390,2020.0,CNG,0.0
Reynoldsburg,M100000US3966390,2021.0,CNG,0.0
Reynoldsburg,M100000US3966390,2022,CNG,0
Reynoldsburg,M100000US3966390,2023,CNG,0
Reynoldsburg,M100000US3966390,2024.0,CNG,0.0
Reynoldsburg,M100000US3966390,2025,CNG,0
Somerset,M100000US3972977,1999,CNG,0
Somerset,M100000US3972977,2000,CNG,0
Somerset,M100000US3972977,2001,CNG,0
Somerset,M100000US3972977,2002,CNG,0
Somerset,M100000US3972977,2003,CNG,0
Somerset,M100000US3972977,2004,CNG,0
Somerset,M100000US3972977,2005,CNG,0
Somerset,M100000US3972977,2006,CNG,0
Somerset,M100000US3972977,2007,CNG,0
Somerset,M100000US3972977,2008,CNG,0
Somerset,M100000US3972977,2009,CNG,0
Somerset,M100000US3972977,2010,CNG,0
Somerset,M100000US3972977,2011,CNG,0
Somerset,M100000US3972977,2012,CNG,0
Somerset,M100000US3972977,2013,CNG,0
Somerset,M100000US3972977,2014,CNG,0
Somerset,M100000US3972977,2015,CNG,0
Somerset,M100000US3972977,2016,CNG,0
Somerset,M100000US3972977,2017,CNG,0
Somerset,M100000US3972977,2018,CNG,0
Somerset,M100000US3972977,2019.0,CNG,0.0
Somerset,M100000US3972977,2020,CNG,0
Somerset,M100000US3972977,2021,CNG,0
Somerset,M100000US3972977,2022,CNG,0
Somerset,M100000US3972977,2023,CNG,0
Somerset,M100000US3972977,2024,CNG,0
Somerset,M100000US3972977,2025,CNG,0
Sunbury,M100000US3975602,1999,CNG,0
Sunbury,M100000US3975602,2000,CNG,0
Sunbury,M100000US3975602,2001,CNG,0
Sunbury,M100000US3975602,2002,CNG,0
Sunbury,M100000US3975602,2003,CNG,0
Sunbury,M100000US3975602,2004,CNG,0
Sunbury,M100000US3975602,2005,CNG,0
Sunbury,M100000US3975602,2006,CNG,0
Sunbury,M100000US3975602,2007,CNG,0
Sunbury,M100000US3975602,2008,CNG,0
Sunbury,M100000US3975602,2009,CNG,0
Sunbury,M100000US3975602,2010,CNG,0
Sunbury,M100000US3975602,2011,CNG,0
Sunbury,M100000US3975602,2012,CNG,0
Sunbury,M100000US3975602,2013,CNG,0
Sunbury,M100000US3975602,2014,CNG,0
Sunbury,M100000US3975602,2015,CNG,0
Sunbury,M100000US3975602,2016,CNG,0
Sunbury,M100000US3975602,2017,CNG,0
Sunbury,M100000US3975602,2018,CNG,0
Sunbury,M100000US3975602,2019,CNG,0
Sunbury,M100000US3975602,2020.0,CNG,0.0
Sunbury,M100000US3975602,2021,CNG,0
Sunbury,M100000US3975602,2022,CNG,0
Sunbury,M100000US3975602,2023,CNG,0
Sunbury,M100000US3975602,2024,CNG,0
Sunbury,M100000US3975602,2025,CNG,0
Union,M100000US391417854099999,1999,CNG,0
Union,M100000US390897840099999,1999,CNG,0
Union,M100000US391417854099999,2000,CNG,0
Union,M100000US390897840099999,2000,CNG,0
Union,M100000US391417854099999,2001,CNG,0
Union,M100000US390897840099999,2001,CNG,0
Union,M100000US391417854099999,2002,CNG,0
Union,M100000US390897840099999,2002,CNG,0
Union,M100000US391417854099999,2003,CNG,0
Union,M100000US390897840099999,2003,CNG,0
Union,M100000US391417854099999,2004,CNG,0
Union,M100000US390897840099999,2004,CNG,0
Union,M100000US391417854099999,2005,CNG,0
Union,M100000US390897840099999,2005,CNG,0
Union,M100000US391417854099999,2006,CNG,0
Union,M100000US390897840099999,2006,CNG,0
Union,M100000US391417854099999,2007,CNG,0
Union,M100000US390897840099999,2007,CNG,0
Union,M100000US391417854099999,2008,CNG,0
Union,M100000US390897840099999,2008,CNG,0
Union,M100000US391417854099999,2009.0,CNG,0.0
Union,M100000US390897840099999,2009.0,CNG,0.0
Union,M100000US391417854099999,2010,CNG,0
Union,M100000US390897840099999,2010,CNG,0
Union,M100000US391417854099999,2011,CNG,0
Union,M100000US390897840099999,2011,CNG,0
Union,M100000US391417854099999,2012,CNG,0
Union,M100000US390897840099999,2012,CNG,0
Union,M100000US391417854099999,2013,CNG,0
Union,M100000US390897840099999,2013,CNG,0
Union,M100000US391417854099999,2014,CNG,0
Union,M100000US390897840099999,2014,CNG,0
Union,M100000US391417854099999,2015.0,CNG,0.0
Union,M100000US390897840099999,2015.0,CNG,0.0
Union,M100000US391417854099999,2016,CNG,0
Union,M100000US390897840099999,2016,CNG,0
Union,M100000US391417854099999,2017,CNG,0
Union,M100000US390897840099999,2017,CNG,0
Union,M100000US391417854099999,2018,CNG,0
Union,M100000US390897840099999,2018,CNG,0
Union,M100000US391417854099999,2019,CNG,0
Union,M100000US390897840099999,2019,CNG,0
Union,M100000US391417854099999,2020,CNG,0
Union,M100000US390897840099999,2020,CNG,0
Union,M100000US391417854099999,2021,CNG,0
Union,M100000US390897840099999,2021,CNG,0
Union,M100000US391417854099999,2022,CNG,0
Union,M100000US390897840099999,2022,CNG,0
Union,M100000US391417854099999,2023,CNG,0
Union,M100000US390897840099999,2023,CNG,0
Union,M100000US391417854099999,2024,CNG,0
Union,M100000US390897840099999,2024,CNG,0
Union,M100000US391417854099999,2025,CNG,0
Union,M100000US390897840099999,2025,CNG,0
Upper Arlington,M100000US3979002,1999,CNG,0
Upper Arlington,M100000US3979002,2000,CNG,0
Upper Arlington,M100000US3979002,2001,CNG,0
Upper Arlington,M100000US3979002,2002,CNG,0
Upper Arlington,M100000US3979002,2003,CNG,0
Upper Arlington,M100000US3979002,2004,CNG,0
Upper Arlington,M100000US3979002,2005,CNG,0
Upper Arlington,M100000US3979002,2006,CNG,0
Upper Arlington,M100000US3979002,2007,CNG,0
Upper Arlington,M100000US3979002,2008,CNG,0
Upper Arlington,M100000US3979002,2009,CNG,0
Upper Arlington,M100000US3979002,2010,CNG,0
Upper Arlington,M100000US3979002,2011,CNG,0
Upper Arlington,M100000US3979002,2012,CNG,0
Upper Arlington,M100000US3979002,2013,CNG,0
Upper Arlington,M100000US3979002,2014,CNG,0
Upper Arlington,M100000US3979002,2015,CNG,0
Upper Arlington,M100000US3979002,2016,CNG,0
Upper Arlington,M100000US3979002,2017,CNG,0
Upper Arlington,M100000US3979002,2018,CNG,0
Upper Arlington,M100000US3979002,2019.0,CNG,0.0
Upper Arlington,M100000US3979002,2020.0,CNG,0.0
Upper Arlington,M100000US3979002,2021.0,CNG,0.0
Upper Arlington,M100000US3979002,2022,CNG,0
Upper Arlington,M100000US3979002,2023,CNG,0
Upper Arlington,M100000US3979002,2024.0,CNG,0.0
Upper Arlington,M100000US3979002,2025,CNG,0
Washington,M100000US390918142499999,1999,CNG,0
Washington,M100000US390738135499999,1999,CNG,0
Washington,M100000US390918142499999,2000,CNG,0
Washington,M100000US390738135499999,2000,CNG,0
Washington,M100000US390918142499999,2001,CNG,0
Washington,M100000US390738135499999,2001,CNG,0
Washington,M100000US390918142499999,2002,CNG,0
Washington,M100000US390738135499999,2002,CNG,0
Washington,M100000US390918142499999,2003,CNG,0
Washington,M100000US390738135499999,2003,CNG,0
Washington,M100000US390918142499999,2004,CNG,0
Washington,M100000US390738135499999,2004,CNG,0
Washington,M100000US390918142499999,2005,CNG,0
Washington,M100000US390738135499999,2005,CNG,0
Washington,M100000US390918142499999,2006,CNG,0
Washington,M100000US390738135499999,2006,CNG,0
Washington,M100000US390918142499999,2007,CNG,0
Washington,M100000US390738135499999,2007,CNG,0
Washington,M100000US390918142499999,2008,CNG,0
Washington,M100000US390738135499999,2008,CNG,0
Washington,M100000US390918142499999,2009,CNG,0
Washington,M100000US390738135499999,2009,CNG,0
Washington,M100000US390918142499999,2010,CNG,0
Washington,M100000US390738135499999,2010,CNG,0
Washington,M100000US390918142499999,2011,CNG,0
Washington,M100000US390738135499999,2011,CNG,0
Washington,M100000US390918142499999,2012,CNG,0
Washington,M100000US390738135499999,2012,CNG,0
Washington,M100000US390918142499999,2013,CNG,0
Washington,M100000US390738135499999,2013,CNG,0
Washington,M100000US390918142499999,2014,CNG,0
Washington,M100000US390738135499999,2014,CNG,0
Washington,M100000US390918142499999,2015,CNG,0
Washington,M100000US390738135499999,2015,CNG,0
Washington,M100000US390918142499999,2016,CNG,0
Washington,M100000US390738135499999,2016,CNG,0
Washington,M100000US390918142499999,2017,CNG,0
Washington,M100000US390738135499999,2017,CNG,0
Washington,M100000US390918142499999,2018.0,CNG,0.0
Washington,M100000US390738135499999,2018.0,CNG,0.0
Washington,M100000US390918142499999,2019,CNG,0
Washington,M100000US390738135499999,2019,CNG,0
Washington,M100000US390918142499999,2020.0,CNG,0.0
Washington,M100000US390738135499999,2020.0,CNG,0.0
Washington,M100000US390918142499999,2021.0,CNG,0.0
Washington,M100000US390738135499999,2021.0,CNG,0.0
Washington,M100000US390918142499999,2022,CNG,0
Washington,M100000US390738135499999,2022,CNG,0
Washington,M100000US390918142499999,2023.0,CNG,0.0
Washington,M100000US390738135499999,2023.0,CNG,0.0
Washington,M100000US390918142499999,2024.0,CNG,0.0
Washington,M100000US390738135499999,2024.0,CNG,0.0
Washington,M100000US390918142499999,2025,CNG,0
Washington,M100000US390738135499999,2025,CNG,0
Washington Court House,M100000US3981718,1999,CNG,0
Washington Court House,M100000US3981718,2000,CNG,0
Washington Court House,M100000US3981718,2001,CNG,0
Washington Court House,M100000US3981718,2002,CNG,0
Washington Court House,M100000US3981718,2003,CNG,0
Washington Court House,M100000US3981718,2004,CNG,0
Washington Court House,M100000US3981718,2005,CNG,0
Washington Court House,M100000US3981718,2006,CNG,0
Washington Court House,M100000US3981718,2007,CNG,0
Washington Court House,M100000US3981718,2008,CNG,0
Washington Court House,M100000US3981718,2009,CNG,0
Washington Court House,M100000US3981718,2010,CNG,0
Washington Court House,M100000US3981718,2011,CNG,0
Washington Court House,M100000US3981718,2012,CNG,0
Washington Court House,M100000US3981718,2013,CNG,0
Washington Court House,M100000US3981718,2014,CNG,0
Washington Court House,M100000US3981718,2015,CNG,0
Washington Court House,M100000US3981718,2016,CNG,0
Washington Court House,M100000US3981718,2017,CNG,0
Washington Court House,M100000US3981718,2018,CNG,0
Washington Court House,M100000US3981718,2019,CNG,0
Washington Court House,M100000US3981718,2020,CNG,0
Washington Court House,M100000US3981718,2021,CNG,0
Washington Court House,M100000US3981718,2022.0,CNG,0.0
Washington Court House,M100000US3981718,2023,CNG,0
Washington Court House,M100000US3981718,2024,CNG,0
Washington Court House,M100000US3981718,2025,CNG,0
Wayne,M100000US390838219499999,1999,CNG,0
Wayne,M100000US390838219499999,2000,CNG,0
Wayne,M100000US390838219499999,2001,CNG,0
Wayne,M100000US390838219499999,2002,CNG,0
Wayne,M100000US390838219499999,2003,CNG,0
Wayne,M100000US390838219499999,2004,CNG,0
Wayne,M100000US390838219499999,2005,CNG,0
Wayne,M100000US390838219499999,2006,CNG,0
Wayne,M100000US390838219499999,2007,CNG,0
Wayne,M100000US390838219499999,2008,CNG,0
Wayne,M100000US390838219499999,2009,CNG,0
Wayne,M100000US390838219499999,2010,CNG,0
Wayne,M100000US390838219499999,2011,CNG,0
Wayne,M100000US390838219499999,2012,CNG,0
Wayne,M100000US390838219499999,2013,CNG,0
Wayne,M100000US390838219499999,2014,CNG,0
Wayne,M100000US390838219499999,2015,CNG,0
Wayne,M100000US390838219499999,2016,CNG,0
Wayne,M100000US390838219499999,2017.0,CNG,0.0
Wayne,M100000US390838219499999,2018,CNG,0
Wayne,M100000US390838219499999,2019,CNG,0
Wayne,M100000US390838219499999,2020,CNG,0
Wayne,M100000US390838219499999,2021,CNG,0
Wayne,M100000US390838219499999,2022,CNG,0
Wayne,M100000US390838219499999,2023,CNG,0
Wayne,M100000US390838219499999,2024,CNG,0
Wayne,M100000US390838219499999,2025,CNG,0
West Jefferson,M100000US3983580,1999,CNG,0
West Jefferson,M100000US3983580,2000,CNG,0
West Jefferson,M100000US3983580,2001,CNG,0
West Jefferson,M100000US3983580,2002,CNG,0
West Jefferson,M100000US3983580,2003,CNG,0
West Jefferson,M100000US3983580,2004,CNG,0
West Jefferson,M100000US3983580,2005,CNG,0
West Jefferson,M100000US3983580,2006,CNG,0
West Jefferson,M100000US3983580,2007,CNG,0
West Jefferson,M100000US3983580,2008,CNG,0
West Jefferson,M100000US3983580,2009,CNG,0
West Jefferson,M100000US3983580,2010,CNG,0
West Jefferson,M100000US3983580,2011,CNG,0
West Jefferson,M100000US3983580,2012,CNG,0
West Jefferson,M100000US3983580,2013,CNG,0
West Jefferson,M100000US3983580,2014,CNG,0
West Jefferson,M100000US3983580,2015,CNG,0
West Jefferson,M100000US3983580,2016.0,CNG,0.0
West Jefferson,M100000US3983580,2017,CNG,0
West Jefferson,M100000US3983580,2018,CNG,0
West Jefferson,M100000US3983580,2019,CNG,0
West Jefferson,M100000US3983580,2020,CNG,0
West Jefferson,M100000US3983580,2021,CNG,0
West Jefferson,M100000US3983580,2022,CNG,0
West Jefferson,M100000US3983580,2023,CNG,0
West Jefferson,M100000US3983580,2024,CNG,0
West Jefferson,M100000US3983580,2025,CNG,0
Westerville,M100000US3983342,1999,CNG,0
Westerville,M100000US3983342,2000,CNG,0
Westerville,M100000US3983342,2001,CNG,0
Westerville,M100000US3983342,2002,CNG,0
Westerville,M100000US3983342,2003,CNG,0
Westerville,M100000US3983342,2004,CNG,0
Westerville,M100000US3983342,2005,CNG,0
Westerville,M100000US3983342,2006,CNG,0
Westerville,M100000US3983342,2007,CNG,0
Westerville,M100000US3983342,2008,CNG,0
Westerville,M100000US3983342,2009,CNG,0
Westerville,M100000US3983342,2010,CNG,0
Westerville,M100000US3983342,2011,CNG,0
Westerville,M100000US3983342,2012,CNG,0
Westerville,M100000US3983342,2013,CNG,0
Westerville,M100000US3983342,2014,CNG,0
Westerville,M100000US3983342,2015,CNG,0
Westerville,M100000US3983342,2016,CNG,0
Westerville,M100000US3983342,2017,CNG,0
Westerville,M100000US3983342,2018,CNG,0
Westerville,M100000US3983342,2019.0,CNG,0.0
Westerville,M100000US3983342,2020.0,CNG,0.0
Westerville,M100000US3983342,2021.0,CNG,0.0
Westerville,M100000US3983342,2022.0,CNG,0.0
Westerville,M100000US3983342,2023,CNG,0
Westerville,M100000US3983342,2024.0,CNG,0.0
Westerville,M100000US3983342,2025,CNG,0
Whitehall,M100000US3984742,1999,CNG,0
Whitehall,M100000US3984742,2000,CNG,0
Whitehall,M100000US3984742,2001,CNG,0
Whitehall,M100000US3984742,2002,CNG,0
Whitehall,M100000US3984742,2003,CNG,0
Whitehall,M100000US3984742,2004,CNG,0
Whitehall,M100000US3984742,2005,CNG,0
Whitehall,M100000US3984742,2006,CNG,0
Whitehall,M100000US3984742,2007,CNG,0
Whitehall,M100000US3984742,2008,CNG,0
Whitehall,M100000US3984742,2009,CNG,0
Whitehall,M100000US3984742,2010,CNG,0
Whitehall,M100000US3984742,2011,CNG,0
Whitehall,M100000US3984742,2012,CNG,0
Whitehall,M100000US3984742,2013,CNG,0
Whitehall,M100000US3984742,2014,CNG,0
Whitehall,M100000US3984742,2015.0,CNG,0.0
Whitehall,M100000US3984742,2016,CNG,0
Whitehall,M100000US3984742,2017,CNG,0
Whitehall,M100000US3984742,2018,CNG,0
Whitehall,M100000US3984742,2019.0,CNG,0.0
Whitehall,M100000US3984742,2020,CNG,0
Whitehall,M100000US3984742,2021.0,CNG,0.0
Whitehall,M100000US3984742,2022,CNG,0
Whitehall,M100000US3984742,2023,CNG,0
Whitehall,M100000US3984742,2024.0,CNG,0.0
Whitehall,M100000US3984742,2025.0,CNG,0.0
Worthington,M100000US3986604,1999,CNG,0
Worthington,M100000US3986604,2000,CNG,0
Worthington,M100000US3986604,2001,CNG,0
Worthington,M100000US3986604,2002,CNG,0
Worthington,M100000US3986604,2003,CNG,0
Worthington,M100000US3986604,2004,CNG,0
Worthington,M100000US3986604,2005,CNG,0
Worthington,M100000US3986604,2006,CNG,0
Worthington,M100000US3986604,2007,CNG,0
Worthington,M100000US3986604,2008,CNG,0
Worthington,M100000US3986604,2009,CNG,0
Worthington,M100000US3986604,2010,CNG,0
Worthington,M100000US3986604,2011,CNG,0
Worthington,M100000US3986604,2012,CNG,0
Worthington,M100000US3986604,2013,CNG,0
Worthington,M100000US3986604,2014,CNG,0
Worthington,M100000US3986604,2015,CNG,0
Worthington,M100000US3986604,2016,CNG,0
Worthington,M100000US3986604,2017,CNG,0
Worthington,M100000US3986604,2018,CNG,0
Worthington,M100000US3986604,2019,CNG,0
Worthington,M100000US3986604,2020.0,CNG,0.0
Worthington,M100000US3986604,2021.0,CNG,0.0
Worthington,M100000US3986604,2022.0,CNG,0.0
Worthington,M100000US3986604,2023.0,CNG,0.0
Worthington,M100000US3986604,2024.0,CNG,0.0
Worthington,M100000US3986604,2025,CNG,0
Allen,M100000US391590133699999,1999,E85,0
Allen,M100000US391590133699999,2000,E85,0
Allen,M100000US391590133699999,2001,E85,0
Allen,M100000US391590133699999,2002,E85,0
Allen,M100000US391590133699999,2003,E85,0
Allen,M100000US391590133699999,2004,E85,0
Allen,M100000US391590133699999,2005,E85,0
Allen,M100000US391590133699999,2006,E85,0
Allen,M100000US391590133699999,2007,E85,0
Allen,M100000US391590133699999,2008,E85,0
Allen,M100000US391590133699999,2009,E85,0
Allen,M100000US391590133699999,2010,E85,0
Allen,M100000US391590133699999,2011,E85,0
Allen,M100000US391590133699999,2012,E85,0
Allen,M100000US391590133699999,2013,E85,0
Allen,M100000US391590133699999,2014,E85,0
Allen,M100000US391590133699999,2015.0,E85,0.0
Allen,M100000US391590133699999,2016,E85,0
Allen,M100000US391590133699999,2017,E85,0
Allen,M100000US391590133699999,2018,E85,0
Allen,M100000US391590133699999,2019,E85,0
Allen,M100000US391590133699999,2020,E85,0
Allen,M100000US391590133699999,2021,E85,0
Allen,M100000US391590133699999,2022,E85,0
Allen,M100000US391590133699999,2023,E85,0
Allen,M100000US391590133699999,2024.0,E85,0.0
Allen,M100000US391590133699999,2025,E85,0
Ashville,M100000US3902680,1999,E85,0
Ashville,M100000US3902680,2000,E85,0
Ashville,M100000US3902680,2001,E85,0
Ashville,M100000US3902680,2002,E85,0
Ashville,M100000US3902680,2003,E85,0
Ashville,M100000US3902680,2004,E85,0
Ashville,M100000US3902680,2005,E85,0
Ashville,M100000US3902680,2006,E85,0
Ashville,M100000US3902680,2007,E85,0
Ashville,M100000US3902680,2008,E85,0
Ashville,M100000US3902680,2009,E85,0
Ashville,M100000US3902680,2010,E85,0
Ashville,M100000US3902680,2011,E85,0
Ashville,M100000US3902680,2012,E85,0
Ashville,M100000US3902680,2013,E85,0
Ashville,M100000US3902680,2014,E85,0
Ashville,M100000US3902680,2015,E85,0
Ashville,M100000US3902680,2016,E85,0
Ashville,M100000US3902680,2017,E85,0
Ashville,M100000US3902680,2018,E85,0
Ashville,M100000US3902680,2019,E85,0
Ashville,M100000US3902680,2020,E85,0
Ashville,M100000US3902680,2021,E85,0
Ashville,M100000US3902680,2022,E85,0
Ashville,M100000US3902680,2023,E85,0
Ashville,M100000US3902680,2024.0,E85,0.0
Ashville,M100000US3902680,2025,E85,0
Bellefontaine,M100000US3905130,1999,E85,0
Bellefontaine,M100000US3905130,2000,E85,0
Bellefontaine,M100000US3905130,2001,E85,0
Bellefontaine,M100000US3905130,2002,E85,0
Bellefontaine,M100000US3905130,2003,E85,0
Bellefontaine,M100000US3905130,2004,E85,0
Bellefontaine,M100000US3905130,2005,E85,0
Bellefontaine,M100000US3905130,2006,E85,0
Bellefontaine,M100000US3905130,2007,E85,0
Bellefontaine,M100000US3905130,2008,E85,0
Bellefontaine,M100000US3905130,2009,E85,0
Bellefontaine,M100000US3905130,2010,E85,0
Bellefontaine,M100000US3905130,2011,E85,0
Bellefontaine,M100000US3905130,2012,E85,0
Bellefontaine,M100000US3905130,2013,E85,0
Bellefontaine,M100000US3905130,2014.0,E85,1.0
Bellefontaine,M100000US3905130,2015,E85,0
Bellefontaine,M100000US3905130,2016,E85,0
Bellefontaine,M100000US3905130,2017,E85,0
Bellefontaine,M100000US3905130,2018,E85,0
Bellefontaine,M100000US3905130,2019,E85,0
Bellefontaine,M100000US3905130,2020.0,E85,1.0
Bellefontaine,M100000US3905130,2021,E85,0
Bellefontaine,M100000US3905130,2022,E85,0
Bellefontaine,M100000US3905130,2023,E85,0
Bellefontaine,M100000US3905130,2024,E85,0
Bellefontaine,M100000US3905130,2025,E85,0
Bennington,M100000US391170550899999,1999,E85,0
Bennington,M100000US391170550899999,2000,E85,0
Bennington,M100000US391170550899999,2001,E85,0
Bennington,M100000US391170550899999,2002,E85,0
Bennington,M100000US391170550899999,2003,E85,0
Bennington,M100000US391170550899999,2004,E85,0
Bennington,M100000US391170550899999,2005,E85,0
Bennington,M100000US391170550899999,2006,E85,0
Bennington,M100000US391170550899999,2007,E85,0
Bennington,M100000US391170550899999,2008,E85,0
Bennington,M100000US391170550899999,2009,E85,0
Bennington,M100000US391170550899999,2010,E85,0
Bennington,M100000US391170550899999,2011,E85,0
Bennington,M100000US391170550899999,2012,E85,0
Bennington,M100000US391170550899999,2013,E85,0
Bennington,M100000US391170550899999,2014,E85,0
Bennington,M100000US391170550899999,2015.0,E85,0.0
Bennington,M100000US391170550899999,2016,E85,0
Bennington,M100000US391170550899999,2017,E85,0
Bennington,M100000US391170550899999,2018,E85,0
Bennington,M100000US391170550899999,2019,E85,0
Bennington,M100000US391170550899999,2020,E85,0
Bennington,M100000US391170550899999,2021,E85,0
Bennington,M100000US391170550899999,2022,E85,0
Bennington,M100000US391170550899999,2023,E85,0
Bennington,M100000US391170550899999,2024.0,E85,0.0
Bennington,M100000US391170550899999,2025,E85,0
Benton,M100000US390730557899999,1999,E85,0
Benton,M100000US390730557899999,2000,E85,0
Benton,M100000US390730557899999,2001,E85,0
Benton,M100000US390730557899999,2002,E85,0
Benton,M100000US390730557899999,2003,E85,0
Benton,M100000US390730557899999,2004,E85,0
Benton,M100000US390730557899999,2005,E85,0
Benton,M100000US390730557899999,2006,E85,0
Benton,M100000US390730557899999,2007,E85,0
Benton,M100000US390730557899999,2008,E85,0
Benton,M100000US390730557899999,2009,E85,0
Benton,M100000US390730557899999,2010,E85,0
Benton,M100000US390730557899999,2011,E85,0
Benton,M100000US390730557899999,2012,E85,0
Benton,M100000US390730557899999,2013,E85,0
Benton,M100000US390730557899999,2014,E85,0
Benton,M100000US390730557899999,2015.0,E85,0.0
Benton,M100000US390730557899999,2016,E85,0
Benton,M100000US390730557899999,2017,E85,0
Benton,M100000US390730557899999,2018,E85,0
Benton,M100000US390730557899999,2019,E85,0
Benton,M100000US390730557899999,2020,E85,0
Benton,M100000US390730557899999,2021.0,E85,0.0
Benton,M100000US390730557899999,2022.0,E85,0.0
Benton,M100000US390730557899999,2023,E85,0
Benton,M100000US390730557899999,2024,E85,0
Benton,M100000US390730557899999,2025,E85,0
Berkshire,M100000US390410577499999,1999,E85,0
Berkshire,M100000US390410577499999,2000,E85,0
Berkshire,M100000US390410577499999,2001,E85,0
Berkshire,M100000US390410577499999,2002,E85,0
Berkshire,M100000US390410577499999,2003,E85,0
Berkshire,M100000US390410577499999,2004,E85,0
Berkshire,M100000US390410577499999,2005,E85,0
Berkshire,M100000US390410577499999,2006,E85,0
Berkshire,M100000US390410577499999,2007,E85,0
Berkshire,M100000US390410577499999,2008,E85,0
Berkshire,M100000US390410577499999,2009,E85,0
Berkshire,M100000US390410577499999,2010,E85,0
Berkshire,M100000US390410577499999,2011,E85,0
Berkshire,M100000US390410577499999,2012,E85,0
Berkshire,M100000US390410577499999,2013,E85,0
Berkshire,M100000US390410577499999,2014,E85,0
Berkshire,M100000US390410577499999,2015,E85,0
Berkshire,M100000US390410577499999,2016.0,E85,0.0
Berkshire,M100000US390410577499999,2017,E85,0
Berkshire,M100000US390410577499999,2018,E85,0
Berkshire,M100000US390410577499999,2019,E85,0
Berkshire,M100000US390410577499999,2020.0,E85,0.0
Berkshire,M100000US390410577499999,2021,E85,0
Berkshire,M100000US390410577499999,2022,E85,0
Berkshire,M100000US390410577499999,2023,E85,0
Berkshire,M100000US390410577499999,2024.0,E85,0.0
Berkshire,M100000US390410577499999,2025,E85,0
Berlin,M100000US390410578899999,1999,E85,0
Berlin,M100000US390410578899999,2000,E85,0
Berlin,M100000US390410578899999,2001,E85,0
Berlin,M100000US390410578899999,2002,E85,0
Berlin,M100000US390410578899999,2003,E85,0
Berlin,M100000US390410578899999,2004,E85,0
Berlin,M100000US390410578899999,2005,E85,0
Berlin,M100000US390410578899999,2006,E85,0
Berlin,M100000US390410578899999,2007,E85,0
Berlin,M100000US390410578899999,2008,E85,0
Berlin,M100000US390410578899999,2009,E85,0
Berlin,M100000US390410578899999,2010,E85,0
Berlin,M100000US390410578899999,2011,E85,0
Berlin,M100000US390410578899999,2012,E85,0
Berlin,M100000US390410578899999,2013,E85,0
Berlin,M100000US390410578899999,2014,E85,0
Berlin,M100000US390410578899999,2015,E85,0
Berlin,M100000US390410578899999,2016,E85,0
Berlin,M100000US390410578899999,2017,E85,0
Berlin,M100000US390410578899999,2018,E85,0
Berlin,M100000US390410578899999,2019,E85,0
Berlin,M100000US390410578899999,2020,E85,0
Berlin,M100000US390410578899999,2021.0,E85,1.0
Berlin,M100000US390410578899999,2022.0,E85,0.0
Berlin,M100000US390410578899999,2023,E85,0
Berlin,M100000US390410578899999,2024,E85,0
Berlin,M100000US390410578899999,2025,E85,0
Berne,M100000US390450595699999,1999,E85,0
Berne,M100000US390450595699999,2000,E85,0
Berne,M100000US390450595699999,2001,E85,0
Berne,M100000US390450595699999,2002,E85,0
Berne,M100000US390450595699999,2003,E85,0
Berne,M100000US390450595699999,2004,E85,0
Berne,M100000US390450595699999,2005,E85,0
Berne,M100000US390450595699999,2006,E85,0
Berne,M100000US390450595699999,2007,E85,0
Berne,M100000US390450595699999,2008,E85,0
Berne,M100000US390450595699999,2009,E85,0
Berne,M100000US390450595699999,2010,E85,0
Berne,M100000US390450595699999,2011,E85,0
Berne,M100000US390450595699999,2012,E85,0
Berne,M100000US390450595699999,2013,E85,0
Berne,M100000US390450595699999,2014,E85,0
Berne,M100000US390450595699999,2015,E85,0
Berne,M100000US390450595699999,2016,E85,0
Berne,M100000US390450595699999,2017,E85,0
Berne,M100000US390450595699999,2018,E85,0
Berne,M100000US390450595699999,2019,E85,0
Berne,M100000US390450595699999,2020,E85,0
Berne,M100000US390450595699999,2021,E85,0
Berne,M100000US390450595699999,2022,E85,0
Berne,M100000US390450595699999,2023.0,E85,0.0
Berne,M100000US390450595699999,2024,E85,0
Berne,M100000US390450595699999,2025,E85,0
Bexley,M100000US3906278,1999,E85,0
Bexley,M100000US3906278,2000,E85,0
Bexley,M100000US3906278,2001,E85,0
Bexley,M100000US3906278,2002,E85,0
Bexley,M100000US3906278,2003,E85,0
Bexley,M100000US3906278,2004,E85,0
Bexley,M100000US3906278,2005,E85,0
Bexley,M100000US3906278,2006,E85,0
Bexley,M100000US3906278,2007,E85,0
Bexley,M100000US3906278,2008,E85,0
Bexley,M100000US3906278,2009,E85,0
Bexley,M100000US3906278,2010,E85,0
Bexley,M100000US3906278,2011,E85,0
Bexley,M100000US3906278,2012,E85,0
Bexley,M100000US3906278,2013,E85,0
Bexley,M100000US3906278,2014,E85,0
Bexley,M100000US3906278,2015.0,E85,0.0
Bexley,M100000US3906278,2016,E85,0
Bexley,M100000US3906278,2017.0,E85,0.0
Bexley,M100000US3906278,2018,E85,0
Bexley,M100000US3906278,2019,E85,0
Bexley,M100000US3906278,2020.0,E85,0.0
Bexley,M100000US3906278,2021,E85,0
Bexley,M100000US3906278,2022,E85,0
Bexley,M100000US3906278,2023,E85,0
Bexley,M100000US3906278,2024.0,E85,0.0
Bexley,M100000US3906278,2025,E85,0
Big Island,M100000US391010634899999,1999,E85,0
Big Island,M100000US391010634899999,2000,E85,0
Big Island,M100000US391010634899999,2001,E85,0
Big Island,M100000US391010634899999,2002,E85,0
Big Island,M100000US391010634899999,2003,E85,0
Big Island,M100000US391010634899999,2004,E85,0
Big Island,M100000US391010634899999,2005,E85,0
Big Island,M100000US391010634899999,2006,E85,0
Big Island,M100000US391010634899999,2007,E85,0
Big Island,M100000US391010634899999,2008,E85,0
Big Island,M100000US391010634899999,2009,E85,0
Big Island,M100000US391010634899999,2010,E85,0
Big Island,M100000US391010634899999,2011,E85,0
Big Island,M100000US391010634899999,2012,E85,0
Big Island,M100000US391010634899999,2013,E85,0
Big Island,M100000US391010634899999,2014,E85,0
Big Island,M100000US391010634899999,2015,E85,0
Big Island,M100000US391010634899999,2016,E85,0
Big Island,M100000US391010634899999,2017,E85,0
Big Island,M100000US391010634899999,2018,E85,0
Big Island,M100000US391010634899999,2019,E85,0
Big Island,M100000US391010634899999,2020,E85,0
Big Island,M100000US391010634899999,2021,E85,0
Big Island,M100000US391010634899999,2022.0,E85,0.0
Big Island,M100000US391010634899999,2023,E85,0
Big Island,M100000US391010634899999,2024,E85,0
Big Island,M100000US391010634899999,2025,E85,0
Blendon,M100000US390490692299999,1999.0,E85,0.0
Blendon,M100000US390490692299999,2000.0,E85,0.0
Blendon,M100000US390490692299999,2001,E85,0
Blendon,M100000US390490692299999,2002,E85,0
Blendon,M100000US390490692299999,2003,E85,0
Blendon,M100000US390490692299999,2004,E85,0
Blendon,M100000US390490692299999,2005,E85,0
Blendon,M100000US390490692299999,2006,E85,0
Blendon,M100000US390490692299999,2007,E85,0
Blendon,M100000US390490692299999,2008,E85,0
Blendon,M100000US390490692299999,2009,E85,0
Blendon,M100000US390490692299999,2010,E85,0
Blendon,M100000US390490692299999,2011,E85,0
Blendon,M100000US390490692299999,2012,E85,0
Blendon,M100000US390490692299999,2013.0,E85,1.0
Blendon,M100000US390490692299999,2014,E85,0
Blendon,M100000US390490692299999,2015,E85,0
Blendon,M100000US390490692299999,2016,E85,0
Blendon,M100000US390490692299999,2017,E85,0
Blendon,M100000US390490692299999,2018,E85,0
Blendon,M100000US390490692299999,2019,E85,0
Blendon,M100000US390490692299999,2020,E85,0
Blendon,M100000US390490692299999,2021,E85,0
Blendon,M100000US390490692299999,2022,E85,0
Blendon,M100000US390490692299999,2023,E85,0
Blendon,M100000US390490692299999,2024,E85,0
Blendon,M100000US390490692299999,2025,E85,0
Brown,M100000US390410942899999,1999,E85,0
Brown,M100000US390490944299999,1999,E85,0
Brown,M100000US390410942899999,2000,E85,0
Brown,M100000US390490944299999,2000,E85,0
Brown,M100000US390410942899999,2001,E85,0
Brown,M100000US390490944299999,2001,E85,0
Brown,M100000US390410942899999,2002,E85,0
Brown,M100000US390490944299999,2002,E85,0
Brown,M100000US390410942899999,2003,E85,0
Brown,M100000US390490944299999,2003,E85,0
Brown,M100000US390410942899999,2004,E85,0
Brown,M100000US390490944299999,2004,E85,0
Brown,M100000US390410942899999,2005,E85,0
Brown,M100000US390490944299999,2005,E85,0
Brown,M100000US390410942899999,2006,E85,0
Brown,M100000US390490944299999,2006,E85,0
Brown,M100000US390410942899999,2007,E85,0
Brown,M100000US390490944299999,2007,E85,0
Brown,M100000US390410942899999,2008,E85,0
Brown,M100000US390490944299999,2008,E85,0
Brown,M100000US390410942899999,2009,E85,0
Brown,M100000US390490944299999,2009,E85,0
Brown,M100000US390410942899999,2010,E85,0
Brown,M100000US390490944299999,2010,E85,0
Brown,M100000US390410942899999,2011.0,E85,0.0
Brown,M100000US390490944299999,2011.0,E85,0.0
Brown,M100000US390410942899999,2012,E85,0
Brown,M100000US390490944299999,2012,E85,0
Brown,M100000US390410942899999,2013,E85,0
Brown,M100000US390490944299999,2013,E85,0
Brown,M100000US390410942899999,2014,E85,0
Brown,M100000US390490944299999,2014,E85,0
Brown,M100000US390410942899999,2015,E85,0
Brown,M100000US390490944299999,2015,E85,0
Brown,M100000US390410942899999,2016,E85,0
Brown,M100000US390490944299999,2016,E85,0
Brown,M100000US390410942899999,2017,E85,0
Brown,M100000US390490944299999,2017,E85,0
Brown,M100000US390410942899999,2018,E85,0
Brown,M100000US390490944299999,2018,E85,0
Brown,M100000US390410942899999,2019,E85,0
Brown,M100000US390490944299999,2019,E85,0
Brown,M100000US390410942899999,2020,E85,0
Brown,M100000US390490944299999,2020,E85,0
Brown,M100000US390410942899999,2021,E85,0
Brown,M100000US390490944299999,2021,E85,0
Brown,M100000US390410942899999,2022.0,E85,0.0
Brown,M100000US390490944299999,2022.0,E85,0.0
Brown,M100000US390410942899999,2023,E85,0
Brown,M100000US390490944299999,2023,E85,0
Brown,M100000US390410942899999,2024,E85,0
Brown,M100000US390490944299999,2024,E85,0
Brown,M100000US390410942899999,2025,E85,0
Brown,M100000US390490944299999,2025,E85,0
Butler,M100000US390831059099999,1999,E85,0
Butler,M100000US390831059099999,2000,E85,0
Butler,M100000US390831059099999,2001,E85,0
Butler,M100000US390831059099999,2002,E85,0
Butler,M100000US390831059099999,2003,E85,0
Butler,M100000US390831059099999,2004,E85,0
Butler,M100000US390831059099999,2005,E85,0
Butler,M100000US390831059099999,2006,E85,0
Butler,M100000US390831059099999,2007,E85,0
Butler,M100000US390831059099999,2008,E85,0
Butler,M100000US390831059099999,2009,E85,0
Butler,M100000US390831059099999,2010,E85,0
Butler,M100000US390831059099999,2011,E85,0
Butler,M100000US390831059099999,2012,E85,0
Butler,M100000US390831059099999,2013,E85,0
Butler,M100000US390831059099999,2014,E85,0
Butler,M100000US390831059099999,2015.0,E85,0.0
Butler,M100000US390831059099999,2016,E85,0
Butler,M100000US390831059099999,2017,E85,0
Butler,M100000US390831059099999,2018,E85,0
Butler,M100000US390831059099999,2019,E85,0
Butler,M100000US390831059099999,2020,E85,0
Butler,M100000US390831059099999,2021,E85,0
Butler,M100000US390831059099999,2022,E85,0
Butler,M100000US390831059099999,2023,E85,0
Butler,M100000US390831059099999,2024,E85,0
Butler,M100000US390831059099999,2025,E85,0
Canaan,M100000US390971123499999,1999,E85,0
Canaan,M100000US390971123499999,2000,E85,0
Canaan,M100000US390971123499999,2001,E85,0
Canaan,M100000US390971123499999,2002,E85,0
Canaan,M100000US390971123499999,2003,E85,0
Canaan,M100000US390971123499999,2004,E85,0
Canaan,M100000US390971123499999,2005,E85,0
Canaan,M100000US390971123499999,2006,E85,0
Canaan,M100000US390971123499999,2007,E85,0
Canaan,M100000US390971123499999,2008,E85,0
Canaan,M100000US390971123499999,2009,E85,0
Canaan,M100000US390971123499999,2010,E85,0
Canaan,M100000US390971123499999,2011,E85,0
Canaan,M100000US390971123499999,2012,E85,0
Canaan,M100000US390971123499999,2013,E85,0
Canaan,M100000US390971123499999,2014,E85,0
Canaan,M100000US390971123499999,2015,E85,0
Canaan,M100000US390971123499999,2016,E85,0
Canaan,M100000US390971123499999,2017,E85,0
Canaan,M100000US390971123499999,2018,E85,0
Canaan,M100000US390971123499999,2019.0,E85,0.0
Canaan,M100000US390971123499999,2020,E85,0
Canaan,M100000US390971123499999,2021.0,E85,0.0
Canaan,M100000US390971123499999,2022,E85,0
Canaan,M100000US390971123499999,2023,E85,0
Canaan,M100000US390971123499999,2024,E85,0
Canaan,M100000US390971123499999,2025,E85,0
Canal Winchester,M100000US3911332,1999,E85,0
Canal Winchester,M100000US3911332,2000,E85,0
Canal Winchester,M100000US3911332,2001,E85,0
Canal Winchester,M100000US3911332,2002,E85,0
Canal Winchester,M100000US3911332,2003,E85,0
Canal Winchester,M100000US3911332,2004,E85,0
Canal Winchester,M100000US3911332,2005,E85,0
Canal Winchester,M100000US3911332,2006,E85,0
Canal Winchester,M100000US3911332,2007,E85,0
Canal Winchester,M100000US3911332,2008.0,E85,1.0
Canal Winchester,M100000US3911332,2009,E85,0
Canal Winchester,M100000US3911332,2010,E85,0
Canal Winchester,M100000US3911332,2011,E85,0
Canal Winchester,M100000US3911332,2012.0,E85,0.0
Canal Winchester,M100000US3911332,2013,E85,0
Canal Winchester,M100000US3911332,2014,E85,0
Canal Winchester,M100000US3911332,2015,E85,0
Canal Winchester,M100000US3911332,2016,E85,0
Canal Winchester,M100000US3911332,2017,E85,0
Canal Winchester,M100000US3911332,2018,E85,0
Canal Winchester,M100000US3911332,2019,E85,0
Canal Winchester,M100000US3911332,2020.0,E85,0.0
Canal Winchester,M100000US3911332,2021.0,E85,0.0
Canal Winchester,M100000US3911332,2022,E85,0
Canal Winchester,M100000US3911332,2023,E85,0
Canal Winchester,M100000US3911332,2024.0,E85,0.0
Canal Winchester,M100000US3911332,2025,E85,0
Chester,M100000US391171403099999,1999,E85,0
Chester,M100000US391171403099999,2000,E85,0
Chester,M100000US391171403099999,2001,E85,0
Chester,M100000US391171403099999,2002,E85,0
Chester,M100000US391171403099999,2003,E85,0
Chester,M100000US391171403099999,2004,E85,0
Chester,M100000US391171403099999,2005,E85,0
Chester,M100000US391171403099999,2006,E85,0
Chester,M100000US391171403099999,2007,E85,0
Chester,M100000US391171403099999,2008,E85,0
Chester,M100000US391171403099999,2009,E85,0
Chester,M100000US391171403099999,2010,E85,0
Chester,M100000US391171403099999,2011,E85,0
Chester,M100000US391171403099999,2012,E85,0
Chester,M100000US391171403099999,2013,E85,0
Chester,M100000US391171403099999,2014,E85,0
Chester,M100000US391171403099999,2015,E85,0
Chester,M100000US391171403099999,2016.0,E85,0.0
Chester,M100000US391171403099999,2017,E85,0
Chester,M100000US391171403099999,2018,E85,0
Chester,M100000US391171403099999,2019,E85,0
Chester,M100000US391171403099999,2020,E85,0
Chester,M100000US391171403099999,2021,E85,0
Chester,M100000US391171403099999,2022,E85,0
Chester,M100000US391171403099999,2023,E85,0
Chester,M100000US391171403099999,2024,E85,0
Chester,M100000US391171403099999,2025,E85,0
Chillicothe,M100000US3914184,1999,E85,0
Chillicothe,M100000US3914184,2000,E85,0
Chillicothe,M100000US3914184,2001,E85,0
Chillicothe,M100000US3914184,2002,E85,0
Chillicothe,M100000US3914184,2003,E85,0
Chillicothe,M100000US3914184,2004,E85,0
Chillicothe,M100000US3914184,2005,E85,0
Chillicothe,M100000US3914184,2006,E85,0
Chillicothe,M100000US3914184,2007,E85,0
Chillicothe,M100000US3914184,2008,E85,0
Chillicothe,M100000US3914184,2009,E85,0
Chillicothe,M100000US3914184,2010,E85,0
Chillicothe,M100000US3914184,2011,E85,0
Chillicothe,M100000US3914184,2012,E85,0
Chillicothe,M100000US3914184,2013,E85,0
Chillicothe,M100000US3914184,2014,E85,0
Chillicothe,M100000US3914184,2015,E85,0
Chillicothe,M100000US3914184,2016.0,E85,1.0
Chillicothe,M100000US3914184,2017,E85,0
Chillicothe,M100000US3914184,2018,E85,0
Chillicothe,M100000US3914184,2019,E85,0
Chillicothe,M100000US3914184,2020.0,E85,0.0
Chillicothe,M100000US3914184,2021,E85,0
Chillicothe,M100000US3914184,2022.0,E85,0.0
Chillicothe,M100000US3914184,2023,E85,0
Chillicothe,M100000US3914184,2024.0,E85,0.0
Chillicothe,M100000US3914184,2025,E85,0
Circleville,M100000US3915070,1999,E85,0
Circleville,M100000US3915070,2000,E85,0
Circleville,M100000US3915070,2001,E85,0
Circleville,M100000US3915070,2002,E85,0
Circleville,M100000US3915070,2003,E85,0
Circleville,M100000US3915070,2004,E85,0
Circleville,M100000US3915070,2005,E85,0
Circleville,M100000US3915070,2006,E85,0
Circleville,M100000US3915070,2007,E85,0
Circleville,M100000US3915070,2008,E85,0
Circleville,M100000US3915070,2009,E85,0
Circleville,M100000US3915070,2010,E85,0
Circleville,M100000US3915070,2011,E85,0
Circleville,M100000US3915070,2012,E85,0
Circleville,M100000US3915070,2013,E85,0
Circleville,M100000US3915070,2014,E85,0
Circleville,M100000US3915070,2015,E85,0
Circleville,M100000US3915070,2016,E85,0
Circleville,M100000US3915070,2017,E85,0
Circleville,M100000US3915070,2018,E85,0
Circleville,M100000US3915070,2019,E85,0
Circleville,M100000US3915070,2020,E85,0
Circleville,M100000US3915070,2021,E85,0
Circleville,M100000US3915070,2022.0,E85,1.0
Circleville,M100000US3915070,2023.0,E85,0.0
Circleville,M100000US3915070,2024,E85,0
Circleville,M100000US3915070,2025,E85,0
Claridon,M100000US391011519699999,1999,E85,0
Claridon,M100000US391011519699999,2000,E85,0
Claridon,M100000US391011519699999,2001,E85,0
Claridon,M100000US391011519699999,2002,E85,0
Claridon,M100000US391011519699999,2003,E85,0
Claridon,M100000US391011519699999,2004,E85,0
Claridon,M100000US391011519699999,2005,E85,0
Claridon,M100000US391011519699999,2006,E85,0
Claridon,M100000US391011519699999,2007.0,E85,1.0
Claridon,M100000US391011519699999,2008,E85,0
Claridon,M100000US391011519699999,2009,E85,0
Claridon,M100000US391011519699999,2010,E85,0
Claridon,M100000US391011519699999,2011,E85,0
Claridon,M100000US391011519699999,2012,E85,0
Claridon,M100000US391011519699999,2013,E85,0
Claridon,M100000US391011519699999,2014,E85,0
Claridon,M100000US391011519699999,2015,E85,0
Claridon,M100000US391011519699999,2016,E85,0
Claridon,M100000US391011519699999,2017,E85,0
Claridon,M100000US391011519699999,2018,E85,0
Claridon,M100000US391011519699999,2019,E85,0
Claridon,M100000US391011519699999,2020,E85,0
Claridon,M100000US391011519699999,2021,E85,0
Claridon,M100000US391011519699999,2022,E85,0
Claridon,M100000US391011519699999,2023,E85,0
Claridon,M100000US391011519699999,2024,E85,0
Claridon,M100000US391011519699999,2025,E85,0
Clay,M100000US390831550499999,1999,E85,0
Clay,M100000US390831550499999,2000,E85,0
Clay,M100000US390831550499999,2001,E85,0
Clay,M100000US390831550499999,2002,E85,0
Clay,M100000US390831550499999,2003,E85,0
Clay,M100000US390831550499999,2004,E85,0
Clay,M100000US390831550499999,2005,E85,0
Clay,M100000US390831550499999,2006,E85,0
Clay,M100000US390831550499999,2007,E85,0
Clay,M100000US390831550499999,2008,E85,0
Clay,M100000US390831550499999,2009,E85,0
Clay,M100000US390831550499999,2010,E85,0
Clay,M100000US390831550499999,2011,E85,0
Clay,M100000US390831550499999,2012,E85,0
Clay,M100000US390831550499999,2013,E85,0
Clay,M100000US390831550499999,2014,E85,0
Clay,M100000US390831550499999,2015,E85,0
Clay,M100000US390831550499999,2016,E85,0
Clay,M100000US390831550499999,2017,E85,0
Clay,M100000US390831550499999,2018,E85,0
Clay,M100000US390831550499999,2019,E85,0
Clay,M100000US390831550499999,2020,E85,0
Clay,M100000US390831550499999,2021,E85,0
Clay,M100000US390831550499999,2022,E85,0
Clay,M100000US390831550499999,2023.0,E85,0.0
Clay,M100000US390831550499999,2024,E85,0
Clay,M100000US390831550499999,2025,E85,0
Clinton,M100000US390491611299999,1999,E85,0
Clinton,M100000US390491611299999,2000,E85,0
Clinton,M100000US390491611299999,2001,E85,0
Clinton,M100000US390491611299999,2002,E85,0
Clinton,M100000US390491611299999,2003,E85,0
Clinton,M100000US390491611299999,2004,E85,0
Clinton,M100000US390491611299999,2005,E85,0
Clinton,M100000US390491611299999,2006,E85,0
Clinton,M100000US390491611299999,2007,E85,0
Clinton,M100000US390491611299999,2008,E85,0
Clinton,M100000US390491611299999,2009,E85,0
Clinton,M100000US390491611299999,2010,E85,0
Clinton,M100000US390491611299999,2011,E85,0
Clinton,M100000US390491611299999,2012,E85,0
Clinton,M100000US390491611299999,2013,E85,0
Clinton,M100000US390491611299999,2014,E85,0
Clinton,M100000US390491611299999,2015,E85,0
Clinton,M100000US390491611299999,2016,E85,0
Clinton,M100000US390491611299999,2017,E85,0
Clinton,M100000US390491611299999,2018,E85,0
Clinton,M100000US390491611299999,2019,E85,0
Clinton,M100000US390491611299999,2020.0,E85,0.0
Clinton,M100000US390491611299999,2021.0,E85,0.0
Clinton,M100000US390491611299999,2022,E85,0
Clinton,M100000US390491611299999,2023,E85,0
Clinton,M100000US390491611299999,2024,E85,0
Clinton,M100000US390491611299999,2025,E85,0
Columbus,M100000US3918000,1999,E85,0
Columbus,M100000US3918000,2000.0,E85,0.0
Columbus,M100000US3918000,2001,E85,0
Columbus,M100000US3918000,2002,E85,0
Columbus,M100000US3918000,2003,E85,0
Columbus,M100000US3918000,2004.0,E85,0.0
Columbus,M100000US3918000,2005,E85,0
Columbus,M100000US3918000,2006.0,E85,1.0
Columbus,M100000US3918000,2007,E85,0
Columbus,M100000US3918000,2008.0,E85,1.0
Columbus,M100000US3918000,2009,E85,0
Columbus,M100000US3918000,2010,E85,0
Columbus,M100000US3918000,2011.0,E85,5.0
Columbus,M100000US3918000,2012.0,E85,0.0
Columbus,M100000US3918000,2013.0,E85,1.0
Columbus,M100000US3918000,2014.0,E85,2.0
Columbus,M100000US3918000,2015.0,E85,0.0
Columbus,M100000US3918000,2016.0,E85,1.0
Columbus,M100000US3918000,2017.0,E85,0.0
Columbus,M100000US3918000,2018.0,E85,0.0
Columbus,M100000US3918000,2019.0,E85,0.0
Columbus,M100000US3918000,2020.0,E85,0.0
Columbus,M100000US3918000,2021.0,E85,0.0
Columbus,M100000US3918000,2022.0,E85,5.0
Columbus,M100000US3918000,2023.0,E85,0.0
Columbus,M100000US3918000,2024.0,E85,0.0
Columbus,M100000US3918000,2025.0,E85,0.0
Delaware,M100000US3921434,1999,E85,0
Delaware,M100000US390412144899999,1999,E85,0
Delaware,M100000US3921434,2000,E85,0
Delaware,M100000US390412144899999,2000,E85,0
Delaware,M100000US3921434,2001,E85,0
Delaware,M100000US390412144899999,2001,E85,0
Delaware,M100000US3921434,2002,E85,0
Delaware,M100000US390412144899999,2002,E85,0
Delaware,M100000US3921434,2003,E85,0
Delaware,M100000US390412144899999,2003,E85,0
Delaware,M100000US3921434,2004,E85,0
Delaware,M100000US390412144899999,2004,E85,0
Delaware,M100000US3921434,2005,E85,0
Delaware,M100000US390412144899999,2005,E85,0
Delaware,M100000US3921434,2006,E85,0
Delaware,M100000US390412144899999,2006,E85,0
Delaware,M100000US3921434,2007,E85,0
Delaware,M100000US390412144899999,2007,E85,0
Delaware,M100000US3921434,2008,E85,0
Delaware,M100000US390412144899999,2008,E85,0
Delaware,M100000US3921434,2009,E85,0
Delaware,M100000US390412144899999,2009,E85,0
Delaware,M100000US3921434,2010,E85,0
Delaware,M100000US390412144899999,2010,E85,0
Delaware,M100000US3921434,2011.0,E85,1.0
Delaware,M100000US390412144899999,2011.0,E85,1.0
Delaware,M100000US3921434,2012,E85,0
Delaware,M100000US390412144899999,2012,E85,0
Delaware,M100000US3921434,2013.0,E85,1.0
Delaware,M100000US390412144899999,2013.0,E85,1.0
Delaware,M100000US3921434,2014,E85,0
Delaware,M100000US390412144899999,2014,E85,0
Delaware,M100000US3921434,2015,E85,0
Delaware,M100000US390412144899999,2015,E85,0
Delaware,M100000US3921434,2016,E85,0
Delaware,M100000US390412144899999,2016,E85,0
Delaware,M100000US3921434,2017.0,E85,1.0
Delaware,M100000US390412144899999,2017.0,E85,1.0
Delaware,M100000US3921434,2018,E85,0
Delaware,M100000US390412144899999,2018,E85,0
Delaware,M100000US3921434,2019.0,E85,0.0
Delaware,M100000US390412144899999,2019.0,E85,0.0
Delaware,M100000US3921434,2020,E85,0
Delaware,M100000US390412144899999,2020,E85,0
Delaware,M100000US3921434,2021.0,E85,0.0
Delaware,M100000US390412144899999,2021.0,E85,0.0
Delaware,M100000US3921434,2022.0,E85,0.0
Delaware,M100000US390412144899999,2022.0,E85,0.0
Delaware,M100000US3921434,2023.0,E85,0.0
Delaware,M100000US390412144899999,2023.0,E85,0.0
Delaware,M100000US3921434,2024.0,E85,0.0
Delaware,M100000US390412144899999,2024.0,E85,0.0
Delaware,M100000US3921434,2025.0,E85,0.0
Delaware,M100000US390412144899999,2025.0,E85,0.0
Dublin,M100000US3922694,1999,E85,0
Dublin,M100000US3922694,2000,E85,0
Dublin,M100000US3922694,2001,E85,0
Dublin,M100000US3922694,2002,E85,0
Dublin,M100000US3922694,2003,E85,0
Dublin,M100000US3922694,2004,E85,0
Dublin,M100000US3922694,2005,E85,0
Dublin,M100000US3922694,2006,E85,0
Dublin,M100000US3922694,2007,E85,0
Dublin,M100000US3922694,2008,E85,0
Dublin,M100000US3922694,2009,E85,0
Dublin,M100000US3922694,2010,E85,0
Dublin,M100000US3922694,2011,E85,0
Dublin,M100000US3922694,2012.0,E85,0.0
Dublin,M100000US3922694,2013,E85,0
Dublin,M100000US3922694,2014,E85,0
Dublin,M100000US3922694,2015,E85,0
Dublin,M100000US3922694,2016,E85,0
Dublin,M100000US3922694,2017,E85,0
Dublin,M100000US3922694,2018.0,E85,0.0
Dublin,M100000US3922694,2019.0,E85,0.0
Dublin,M100000US3922694,2020.0,E85,0.0
Dublin,M100000US3922694,2021.0,E85,0.0
Dublin,M100000US3922694,2022.0,E85,0.0
Dublin,M100000US3922694,2023.0,E85,0.0
Dublin,M100000US3922694,2024.0,E85,0.0
Dublin,M100000US3922694,2025,E85,0
Franklin,M100000US390492828099999,1999,E85,0
Franklin,M100000US390492828099999,2000,E85,0
Franklin,M100000US390492828099999,2001,E85,0
Franklin,M100000US390492828099999,2002,E85,0
Franklin,M100000US390492828099999,2003,E85,0
Franklin,M100000US390492828099999,2004,E85,0
Franklin,M100000US390492828099999,2005,E85,0
Franklin,M100000US390492828099999,2006,E85,0
Franklin,M100000US390492828099999,2007,E85,0
Franklin,M100000US390492828099999,2008,E85,0
Franklin,M100000US390492828099999,2009.0,E85,0.0
Franklin,M100000US390492828099999,2010,E85,0
Franklin,M100000US390492828099999,2011,E85,0
Franklin,M100000US390492828099999,2012,E85,0
Franklin,M100000US390492828099999,2013,E85,0
Franklin,M100000US390492828099999,2014,E85,0
Franklin,M100000US390492828099999,2015,E85,0
Franklin,M100000US390492828099999,2016,E85,0
Franklin,M100000US390492828099999,2017,E85,0
Franklin,M100000US390492828099999,2018,E85,0
Franklin,M100000US390492828099999,2019,E85,0
Franklin,M100000US390492828099999,2020,E85,0
Franklin,M100000US390492828099999,2021,E85,0
Franklin,M100000US390492828099999,2022.0,E85,1.0
Franklin,M100000US390492828099999,2023,E85,0
Franklin,M100000US390492828099999,2024,E85,0
Franklin,M100000US390492828099999,2025,E85,0
Fredericktown,M100000US3928658,1999,E85,0
Fredericktown,M100000US3928658,2000,E85,0
Fredericktown,M100000US3928658,2001,E85,0
Fredericktown,M100000US3928658,2002,E85,0
Fredericktown,M100000US3928658,2003,E85,0
Fredericktown,M100000US3928658,2004,E85,0
Fredericktown,M100000US3928658,2005,E85,0
Fredericktown,M100000US3928658,2006,E85,0
Fredericktown,M100000US3928658,2007,E85,0
Fredericktown,M100000US3928658,2008,E85,0
Fredericktown,M100000US3928658,2009,E85,0
Fredericktown,M100000US3928658,2010,E85,0
Fredericktown,M100000US3928658,2011,E85,0
Fredericktown,M100000US3928658,2012,E85,0
Fredericktown,M100000US3928658,2013,E85,0
Fredericktown,M100000US3928658,2014,E85,0
Fredericktown,M100000US3928658,2015,E85,0
Fredericktown,M100000US3928658,2016,E85,0
Fredericktown,M100000US3928658,2017,E85,0
Fredericktown,M100000US3928658,2018,E85,0
Fredericktown,M100000US3928658,2019,E85,0
Fredericktown,M100000US3928658,2020,E85,0
Fredericktown,M100000US3928658,2021,E85,0
Fredericktown,M100000US3928658,2022,E85,0
Fredericktown,M100000US3928658,2023.0,E85,0.0
Fredericktown,M100000US3928658,2024,E85,0
Fredericktown,M100000US3928658,2025,E85,0
Gahanna,M100000US3929106,1999,E85,0
Gahanna,M100000US3929106,2000,E85,0
Gahanna,M100000US3929106,2001,E85,0
Gahanna,M100000US3929106,2002,E85,0
Gahanna,M100000US3929106,2003,E85,0
Gahanna,M100000US3929106,2004,E85,0
Gahanna,M100000US3929106,2005,E85,0
Gahanna,M100000US3929106,2006,E85,0
Gahanna,M100000US3929106,2007,E85,0
Gahanna,M100000US3929106,2008,E85,0
Gahanna,M100000US3929106,2009,E85,0
Gahanna,M100000US3929106,2010,E85,0
Gahanna,M100000US3929106,2011,E85,0
Gahanna,M100000US3929106,2012,E85,0
Gahanna,M100000US3929106,2013,E85,0
Gahanna,M100000US3929106,2014,E85,0
Gahanna,M100000US3929106,2015.0,E85,0.0
Gahanna,M100000US3929106,2016,E85,0
Gahanna,M100000US3929106,2017,E85,0
Gahanna,M100000US3929106,2018,E85,0
Gahanna,M100000US3929106,2019.0,E85,0.0
Gahanna,M100000US3929106,2020.0,E85,0.0
Gahanna,M100000US3929106,2021.0,E85,0.0
Gahanna,M100000US3929106,2022.0,E85,0.0
Gahanna,M100000US3929106,2023,E85,0
Gahanna,M100000US3929106,2024,E85,0
Gahanna,M100000US3929106,2025,E85,0
Gambier,M100000US3929246,1999,E85,0
Gambier,M100000US3929246,2000,E85,0
Gambier,M100000US3929246,2001,E85,0
Gambier,M100000US3929246,2002,E85,0
Gambier,M100000US3929246,2003,E85,0
Gambier,M100000US3929246,2004,E85,0
Gambier,M100000US3929246,2005,E85,0
Gambier,M100000US3929246,2006,E85,0
Gambier,M100000US3929246,2007,E85,0
Gambier,M100000US3929246,2008,E85,0
Gambier,M100000US3929246,2009,E85,0
Gambier,M100000US3929246,2010,E85,0
Gambier,M100000US3929246,2011,E85,0
Gambier,M100000US3929246,2012,E85,0
Gambier,M100000US3929246,2013,E85,0
Gambier,M100000US3929246,2014,E85,0
Gambier,M100000US3929246,2015,E85,0
Gambier,M100000US3929246,2016,E85,0
Gambier,M100000US3929246,2017.0,E85,0.0
Gambier,M100000US3929246,2018,E85,0
Gambier,M100000US3929246,2019,E85,0
Gambier,M100000US3929246,2020.0,E85,0.0
Gambier,M100000US3929246,2021.0,E85,0.0
Gambier,M100000US3929246,2022,E85,0
Gambier,M100000US3929246,2023.0,E85,0.0
Gambier,M100000US3929246,2024,E85,0
Gambier,M100000US3929246,2025,E85,0
Grand Prairie,M100000US391013119299999,1999,E85,0
Grand Prairie,M100000US391013119299999,2000,E85,0
Grand Prairie,M100000US391013119299999,2001,E85,0
Grand Prairie,M100000US391013119299999,2002,E85,0
Grand Prairie,M100000US391013119299999,2003,E85,0
Grand Prairie,M100000US391013119299999,2004,E85,0
Grand Prairie,M100000US391013119299999,2005,E85,0
Grand Prairie,M100000US391013119299999,2006,E85,0
Grand Prairie,M100000US391013119299999,2007,E85,0
Grand Prairie,M100000US391013119299999,2008,E85,0
Grand Prairie,M100000US391013119299999,2009,E85,0
Grand Prairie,M100000US391013119299999,2010,E85,0
Grand Prairie,M100000US391013119299999,2011,E85,0
Grand Prairie,M100000US391013119299999,2012,E85,0
Grand Prairie,M100000US391013119299999,2013,E85,0
Grand Prairie,M100000US391013119299999,2014,E85,0
Grand Prairie,M100000US391013119299999,2015,E85,0
Grand Prairie,M100000US391013119299999,2016,E85,0
Grand Prairie,M100000US391013119299999,2017,E85,0
Grand Prairie,M100000US391013119299999,2018,E85,0
Grand Prairie,M100000US391013119299999,2019,E85,0
Grand Prairie,M100000US391013119299999,2020,E85,0
Grand Prairie,M100000US391013119299999,2021,E85,0
Grand Prairie,M100000US391013119299999,2022,E85,0
Grand Prairie,M100000US391013119299999,2023.0,E85,0.0
Grand Prairie,M100000US391013119299999,2024,E85,0
Grand Prairie,M100000US391013119299999,2025,E85,0
Grandview Heights,M100000US3931304,1999,E85,0
Grandview Heights,M100000US3931304,2000,E85,0
Grandview Heights,M100000US3931304,2001,E85,0
Grandview Heights,M100000US3931304,2002,E85,0
Grandview Heights,M100000US3931304,2003,E85,0
Grandview Heights,M100000US3931304,2004,E85,0
Grandview Heights,M100000US3931304,2005,E85,0
Grandview Heights,M100000US3931304,2006,E85,0
Grandview Heights,M100000US3931304,2007,E85,0
Grandview Heights,M100000US3931304,2008,E85,0
Grandview Heights,M100000US3931304,2009,E85,0
Grandview Heights,M100000US3931304,2010,E85,0
Grandview Heights,M100000US3931304,2011,E85,0
Grandview Heights,M100000US3931304,2012,E85,0
Grandview Heights,M100000US3931304,2013,E85,0
Grandview Heights,M100000US3931304,2014,E85,0
Grandview Heights,M100000US3931304,2015,E85,0
Grandview Heights,M100000US3931304,2016,E85,0
Grandview Heights,M100000US3931304,2017,E85,0
Grandview Heights,M100000US3931304,2018,E85,0
Grandview Heights,M100000US3931304,2019.0,E85,0.0
Grandview Heights,M100000US3931304,2020.0,E85,0.0
Grandview Heights,M100000US3931304,2021.0,E85,0.0
Grandview Heights,M100000US3931304,2022.0,E85,0.0
Grandview Heights,M100000US3931304,2023.0,E85,1.0
Grandview Heights,M100000US3931304,2024,E85,0
Grandview Heights,M100000US3931304,2025,E85,0
Granville,M100000US3931402,1999,E85,0
Granville,M100000US3931402,2000,E85,0
Granville,M100000US3931402,2001,E85,0
Granville,M100000US3931402,2002,E85,0
Granville,M100000US3931402,2003,E85,0
Granville,M100000US3931402,2004,E85,0
Granville,M100000US3931402,2005,E85,0
Granville,M100000US3931402,2006,E85,0
Granville,M100000US3931402,2007,E85,0
Granville,M100000US3931402,2008,E85,0
Granville,M100000US3931402,2009,E85,0
Granville,M100000US3931402,2010,E85,0
Granville,M100000US3931402,2011,E85,0
Granville,M100000US3931402,2012,E85,0
Granville,M100000US3931402,2013,E85,0
Granville,M100000US3931402,2014,E85,0
Granville,M100000US3931402,2015,E85,0
Granville,M100000US3931402,2016,E85,0
Granville,M100000US3931402,2017,E85,0
Granville,M100000US3931402,2018,E85,0
Granville,M100000US3931402,2019.0,E85,0.0
Granville,M100000US3931402,2020,E85,0
Granville,M100000US3931402,2021,E85,0
Granville,M100000US3931402,2022.0,E85,0.0
Granville,M100000US3931402,2023.0,E85,0.0
Granville,M100000US3931402,2024,E85,0
Granville,M100000US3931402,2025,E85,0
Green,M100000US391413182299999,1999,E85,0
Green,M100000US391413182299999,2000,E85,0
Green,M100000US391413182299999,2001,E85,0
Green,M100000US391413182299999,2002,E85,0
Green,M100000US391413182299999,2003,E85,0
Green,M100000US391413182299999,2004,E85,0
Green,M100000US391413182299999,2005,E85,0
Green,M100000US391413182299999,2006,E85,0
Green,M100000US391413182299999,2007,E85,0
Green,M100000US391413182299999,2008,E85,0
Green,M100000US391413182299999,2009,E85,0
Green,M100000US391413182299999,2010,E85,0
Green,M100000US391413182299999,2011,E85,0
Green,M100000US391413182299999,2012,E85,0
Green,M100000US391413182299999,2013,E85,0
Green,M100000US391413182299999,2014,E85,0
Green,M100000US391413182299999,2015.0,E85,1.0
Green,M100000US391413182299999,2016,E85,0
Green,M100000US391413182299999,2017,E85,0
Green,M100000US391413182299999,2018,E85,0
Green,M100000US391413182299999,2019.0,E85,0.0
Green,M100000US391413182299999,2020,E85,0
Green,M100000US391413182299999,2021.0,E85,0.0
Green,M100000US391413182299999,2022,E85,0
Green,M100000US391413182299999,2023,E85,0
Green,M100000US391413182299999,2024,E85,0
Green,M100000US391413182299999,2025,E85,0
Greenfield,M100000US390453206099999,1999,E85,0
Greenfield,M100000US390453206099999,2000,E85,0
Greenfield,M100000US390453206099999,2001,E85,0
Greenfield,M100000US390453206099999,2002,E85,0
Greenfield,M100000US390453206099999,2003,E85,0
Greenfield,M100000US390453206099999,2004,E85,0
Greenfield,M100000US390453206099999,2005,E85,0
Greenfield,M100000US390453206099999,2006,E85,0
Greenfield,M100000US390453206099999,2007,E85,0
Greenfield,M100000US390453206099999,2008,E85,0
Greenfield,M100000US390453206099999,2009,E85,0
Greenfield,M100000US390453206099999,2010,E85,0
Greenfield,M100000US390453206099999,2011,E85,0
Greenfield,M100000US390453206099999,2012,E85,0
Greenfield,M100000US390453206099999,2013,E85,0
Greenfield,M100000US390453206099999,2014,E85,0
Greenfield,M100000US390453206099999,2015,E85,0
Greenfield,M100000US390453206099999,2016.0,E85,0.0
Greenfield,M100000US390453206099999,2017,E85,0
Greenfield,M100000US390453206099999,2018,E85,0
Greenfield,M100000US390453206099999,2019,E85,0
Greenfield,M100000US390453206099999,2020,E85,0
Greenfield,M100000US390453206099999,2021,E85,0
Greenfield,M100000US390453206099999,2022.0,E85,0.0
Greenfield,M100000US390453206099999,2023,E85,0
Greenfield,M100000US390453206099999,2024.0,E85,0.0
Greenfield,M100000US390453206099999,2025,E85,0
Grove City,M100000US3932592,1999,E85,0
Grove City,M100000US3932592,2000,E85,0
Grove City,M100000US3932592,2001,E85,0
Grove City,M100000US3932592,2002,E85,0
Grove City,M100000US3932592,2003,E85,0
Grove City,M100000US3932592,2004,E85,0
Grove City,M100000US3932592,2005,E85,0
Grove City,M100000US3932592,2006,E85,0
Grove City,M100000US3932592,2007,E85,0
Grove City,M100000US3932592,2008.0,E85,1.0
Grove City,M100000US3932592,2009,E85,0
Grove City,M100000US3932592,2010,E85,0
Grove City,M100000US3932592,2011,E85,0
Grove City,M100000US3932592,2012,E85,0
Grove City,M100000US3932592,2013,E85,0
Grove City,M100000US3932592,2014,E85,0
Grove City,M100000US3932592,2015.0,E85,0.0
Grove City,M100000US3932592,2016,E85,0
Grove City,M100000US3932592,2017,E85,0
Grove City,M100000US3932592,2018,E85,0
Grove City,M100000US3932592,2019.0,E85,0.0
Grove City,M100000US3932592,2020.0,E85,0.0
Grove City,M100000US3932592,2021.0,E85,0.0
Grove City,M100000US3932592,2022.0,E85,0.0
Grove City,M100000US3932592,2023.0,E85,0.0
Grove City,M100000US3932592,2024,E85,0
Grove City,M100000US3932592,2025,E85,0
Groveport,M100000US3932606,1999,E85,0
Groveport,M100000US3932606,2000,E85,0
Groveport,M100000US3932606,2001,E85,0
Groveport,M100000US3932606,2002,E85,0
Groveport,M100000US3932606,2003,E85,0
Groveport,M100000US3932606,2004,E85,0
Groveport,M100000US3932606,2005,E85,0
Groveport,M100000US3932606,2006,E85,0
Groveport,M100000US3932606,2007,E85,0
Groveport,M100000US3932606,2008,E85,0
Groveport,M100000US3932606,2009,E85,0
Groveport,M100000US3932606,2010,E85,0
Groveport,M100000US3932606,2011,E85,0
Groveport,M100000US3932606,2012,E85,0
Groveport,M100000US3932606,2013,E85,0
Groveport,M100000US3932606,2014,E85,0
Groveport,M100000US3932606,2015,E85,0
Groveport,M100000US3932606,2016,E85,0
Groveport,M100000US3932606,2017,E85,0
Groveport,M100000US3932606,2018,E85,0
Groveport,M100000US3932606,2019,E85,0
Groveport,M100000US3932606,2020,E85,0
Groveport,M100000US3932606,2021,E85,0
Groveport,M100000US3932606,2022.0,E85,0.0
Groveport,M100000US3932606,2023,E85,0
Groveport,M100000US3932606,2024,E85,0
Groveport,M100000US3932606,2025,E85,0
Hamilton,M100000US390493302699999,1999,E85,0
Hamilton,M100000US390493302699999,2000,E85,0
Hamilton,M100000US390493302699999,2001,E85,0
Hamilton,M100000US390493302699999,2002,E85,0
Hamilton,M100000US390493302699999,2003,E85,0
Hamilton,M100000US390493302699999,2004,E85,0
Hamilton,M100000US390493302699999,2005,E85,0
Hamilton,M100000US390493302699999,2006,E85,0
Hamilton,M100000US390493302699999,2007,E85,0
Hamilton,M100000US390493302699999,2008,E85,0
Hamilton,M100000US390493302699999,2009,E85,0
Hamilton,M100000US390493302699999,2010,E85,0
Hamilton,M100000US390493302699999,2011,E85,0
Hamilton,M100000US390493302699999,2012,E85,0
Hamilton,M100000US390493302699999,2013,E85,0
Hamilton,M100000US390493302699999,2014,E85,0
Hamilton,M100000US390493302699999,2015,E85,0
Hamilton,M100000US390493302699999,2016,E85,0
Hamilton,M100000US390493302699999,2017,E85,0
Hamilton,M100000US390493302699999,2018,E85,0
Hamilton,M100000US390493302699999,2019,E85,0
Hamilton,M100000US390493302699999,2020,E85,0
Hamilton,M100000US390493302699999,2021,E85,0
Hamilton,M100000US390493302699999,2022.0,E85,1.0
Hamilton,M100000US390493302699999,2023,E85,0
Hamilton,M100000US390493302699999,2024,E85,0
Hamilton,M100000US390493302699999,2025,E85,0
Harrison,M100000US390913390899999,1999,E85,0
Harrison,M100000US390913390899999,2000,E85,0
Harrison,M100000US390913390899999,2001,E85,0
Harrison,M100000US390913390899999,2002,E85,0
Harrison,M100000US390913390899999,2003,E85,0
Harrison,M100000US390913390899999,2004,E85,0
Harrison,M100000US390913390899999,2005,E85,0
Harrison,M100000US390913390899999,2006,E85,0
Harrison,M100000US390913390899999,2007,E85,0
Harrison,M100000US390913390899999,2008,E85,0
Harrison,M100000US390913390899999,2009,E85,0
Harrison,M100000US390913390899999,2010,E85,0
Harrison,M100000US390913390899999,2011,E85,0
Harrison,M100000US390913390899999,2012,E85,0
Harrison,M100000US390913390899999,2013,E85,0
Harrison,M100000US390913390899999,2014,E85,0
Harrison,M100000US390913390899999,2015,E85,0
Harrison,M100000US390913390899999,2016,E85,0
Harrison,M100000US390913390899999,2017,E85,0
Harrison,M100000US390913390899999,2018,E85,0
Harrison,M100000US390913390899999,2019,E85,0
Harrison,M100000US390913390899999,2020,E85,0
Harrison,M100000US390913390899999,2021.0,E85,0.0
Harrison,M100000US390913390899999,2022,E85,0
Harrison,M100000US390913390899999,2023,E85,0
Harrison,M100000US390913390899999,2024,E85,0
Harrison,M100000US390913390899999,2025,E85,0
Heath,M100000US3934748,1999,E85,0
Heath,M100000US3934748,2000,E85,0
Heath,M100000US3934748,2001,E85,0
Heath,M100000US3934748,2002,E85,0
Heath,M100000US3934748,2003,E85,0
Heath,M100000US3934748,2004,E85,0
Heath,M100000US3934748,2005,E85,0
Heath,M100000US3934748,2006,E85,0
Heath,M100000US3934748,2007,E85,0
Heath,M100000US3934748,2008,E85,0
Heath,M100000US3934748,2009,E85,0
Heath,M100000US3934748,2010,E85,0
Heath,M100000US3934748,2011.0,E85,0.0
Heath,M100000US3934748,2012,E85,0
Heath,M100000US3934748,2013,E85,0
Heath,M100000US3934748,2014,E85,0
Heath,M100000US3934748,2015,E85,0
Heath,M100000US3934748,2016,E85,0
Heath,M100000US3934748,2017.0,E85,0.0
Heath,M100000US3934748,2018,E85,0
Heath,M100000US3934748,2019,E85,0
Heath,M100000US3934748,2020,E85,0
Heath,M100000US3934748,2021.0,E85,0.0
Heath,M100000US3934748,2022,E85,0
Heath,M100000US3934748,2023.0,E85,0.0
Heath,M100000US3934748,2024.0,E85,0.0
Heath,M100000US3934748,2025,E85,0
Hebron,M100000US3934790,1999,E85,0
Hebron,M100000US3934790,2000,E85,0
Hebron,M100000US3934790,2001,E85,0
Hebron,M100000US3934790,2002,E85,0
Hebron,M100000US3934790,2003,E85,0
Hebron,M100000US3934790,2004,E85,0
Hebron,M100000US3934790,2005,E85,0
Hebron,M100000US3934790,2006,E85,0
Hebron,M100000US3934790,2007,E85,0
Hebron,M100000US3934790,2008,E85,0
Hebron,M100000US3934790,2009,E85,0
Hebron,M100000US3934790,2010,E85,0
Hebron,M100000US3934790,2011,E85,0
Hebron,M100000US3934790,2012,E85,0
Hebron,M100000US3934790,2013,E85,0
Hebron,M100000US3934790,2014,E85,0
Hebron,M100000US3934790,2015,E85,0
Hebron,M100000US3934790,2016,E85,0
Hebron,M100000US3934790,2017,E85,0
Hebron,M100000US3934790,2018,E85,0
Hebron,M100000US3934790,2019,E85,0
Hebron,M100000US3934790,2020,E85,0
Hebron,M100000US3934790,2021,E85,0
Hebron,M100000US3934790,2022.0,E85,0.0
Hebron,M100000US3934790,2023,E85,0
Hebron,M100000US3934790,2024,E85,0
Hebron,M100000US3934790,2025,E85,0
Hilliard,M100000US3935476,1999,E85,0
Hilliard,M100000US3935476,2000,E85,0
Hilliard,M100000US3935476,2001,E85,0
Hilliard,M100000US3935476,2002,E85,0
Hilliard,M100000US3935476,2003,E85,0
Hilliard,M100000US3935476,2004,E85,0
Hilliard,M100000US3935476,2005,E85,0
Hilliard,M100000US3935476,2006,E85,0
Hilliard,M100000US3935476,2007,E85,0
Hilliard,M100000US3935476,2008,E85,0
Hilliard,M100000US3935476,2009,E85,0
Hilliard,M100000US3935476,2010,E85,0
Hilliard,M100000US3935476,2011.0,E85,0.0
Hilliard,M100000US3935476,2012.0,E85,0.0
Hilliard,M100000US3935476,2013,E85,0
Hilliard,M100000US3935476,2014.0,E85,1.0
Hilliard,M100000US3935476,2015,E85,0
Hilliard,M100000US3935476,2016,E85,0
Hilliard,M100000US3935476,2017.0,E85,0.0
Hilliard,M100000US3935476,2018,E85,0
Hilliard,M100000US3935476,2019.0,E85,0.0
Hilliard,M100000US3935476,2020.0,E85,0.0
Hilliard,M100000US3935476,2021,E85,0
Hilliard,M100000US3935476,2022.0,E85,1.0
Hilliard,M100000US3935476,2023,E85,0
Hilliard,M100000US3935476,2024.0,E85,0.0
Hilliard,M100000US3935476,2025,E85,0
Jefferson,M100000US390473859899999,1999,E85,0
Jefferson,M100000US390973869699999,1999,E85,0
Jefferson,M100000US390473859899999,2000,E85,0
Jefferson,M100000US390973869699999,2000,E85,0
Jefferson,M100000US390473859899999,2001,E85,0
Jefferson,M100000US390973869699999,2001,E85,0
Jefferson,M100000US390473859899999,2002,E85,0
Jefferson,M100000US390973869699999,2002,E85,0
Jefferson,M100000US390473859899999,2003,E85,0
Jefferson,M100000US390973869699999,2003,E85,0
Jefferson,M100000US390473859899999,2004,E85,0
Jefferson,M100000US390973869699999,2004,E85,0
Jefferson,M100000US390473859899999,2005,E85,0
Jefferson,M100000US390973869699999,2005,E85,0
Jefferson,M100000US390473859899999,2006,E85,0
Jefferson,M100000US390973869699999,2006,E85,0
Jefferson,M100000US390473859899999,2007,E85,0
Jefferson,M100000US390973869699999,2007,E85,0
Jefferson,M100000US390473859899999,2008,E85,0
Jefferson,M100000US390973869699999,2008,E85,0
Jefferson,M100000US390473859899999,2009,E85,0
Jefferson,M100000US390973869699999,2009,E85,0
Jefferson,M100000US390473859899999,2010,E85,0
Jefferson,M100000US390973869699999,2010,E85,0
Jefferson,M100000US390473859899999,2011,E85,0
Jefferson,M100000US390973869699999,2011,E85,0
Jefferson,M100000US390473859899999,2012,E85,0
Jefferson,M100000US390973869699999,2012,E85,0
Jefferson,M100000US390473859899999,2013,E85,0
Jefferson,M100000US390973869699999,2013,E85,0
Jefferson,M100000US390473859899999,2014,E85,0
Jefferson,M100000US390973869699999,2014,E85,0
Jefferson,M100000US390473859899999,2015,E85,0
Jefferson,M100000US390973869699999,2015,E85,0
Jefferson,M100000US390473859899999,2016,E85,0
Jefferson,M100000US390973869699999,2016,E85,0
Jefferson,M100000US390473859899999,2017,E85,0
Jefferson,M100000US390973869699999,2017,E85,0
Jefferson,M100000US390473859899999,2018,E85,0
Jefferson,M100000US390973869699999,2018,E85,0
Jefferson,M100000US390473859899999,2019,E85,0
Jefferson,M100000US390973869699999,2019,E85,0
Jefferson,M100000US390473859899999,2020,E85,0
Jefferson,M100000US390973869699999,2020,E85,0
Jefferson,M100000US390473859899999,2021,E85,0
Jefferson,M100000US390973869699999,2021,E85,0
Jefferson,M100000US390473859899999,2022.0,E85,0.0
Jefferson,M100000US390973869699999,2022.0,E85,0.0
Jefferson,M100000US390473859899999,2023.0,E85,0.0
Jefferson,M100000US390973869699999,2023.0,E85,0.0
Jefferson,M100000US390473859899999,2024,E85,0
Jefferson,M100000US390973869699999,2024,E85,0
Jefferson,M100000US390473859899999,2025,E85,0
Jefferson,M100000US390973869699999,2025,E85,0
Jeffersonville,M100000US3938920,1999,E85,0
Jeffersonville,M100000US3938920,2000,E85,0
Jeffersonville,M100000US3938920,2001,E85,0
Jeffersonville,M100000US3938920,2002,E85,0
Jeffersonville,M100000US3938920,2003,E85,0
Jeffersonville,M100000US3938920,2004,E85,0
Jeffersonville,M100000US3938920,2005,E85,0
Jeffersonville,M100000US3938920,2006,E85,0
Jeffersonville,M100000US3938920,2007,E85,0
Jeffersonville,M100000US3938920,2008,E85,0
Jeffersonville,M100000US3938920,2009,E85,0
Jeffersonville,M100000US3938920,2010,E85,0
Jeffersonville,M100000US3938920,2011,E85,0
Jeffersonville,M100000US3938920,2012,E85,0
Jeffersonville,M100000US3938920,2013,E85,0
Jeffersonville,M100000US3938920,2014,E85,0
Jeffersonville,M100000US3938920,2015.0,E85,0.0
Jeffersonville,M100000US3938920,2016,E85,0
Jeffersonville,M100000US3938920,2017,E85,0
Jeffersonville,M100000US3938920,2018,E85,0
Jeffersonville,M100000US3938920,2019,E85,0
Jeffersonville,M100000US3938920,2020,E85,0
Jeffersonville,M100000US3938920,2021,E85,0
Jeffersonville,M100000US3938920,2022,E85,0
Jeffersonville,M100000US3938920,2023,E85,0
Jeffersonville,M100000US3938920,2024.0,E85,0.0
Jeffersonville,M100000US3938920,2025,E85,0
Jerome,M100000US391593904699999,1999,E85,0
Jerome,M100000US391593904699999,2000,E85,0
Jerome,M100000US391593904699999,2001,E85,0
Jerome,M100000US391593904699999,2002,E85,0
Jerome,M100000US391593904699999,2003,E85,0
Jerome,M100000US391593904699999,2004,E85,0
Jerome,M100000US391593904699999,2005,E85,0
Jerome,M100000US391593904699999,2006,E85,0
Jerome,M100000US391593904699999,2007,E85,0
Jerome,M100000US391593904699999,2008,E85,0
Jerome,M100000US391593904699999,2009,E85,0
Jerome,M100000US391593904699999,2010,E85,0
Jerome,M100000US391593904699999,2011,E85,0
Jerome,M100000US391593904699999,2012,E85,0
Jerome,M100000US391593904699999,2013,E85,0
Jerome,M100000US391593904699999,2014,E85,0
Jerome,M100000US391593904699999,2015,E85,0
Jerome,M100000US391593904699999,2016,E85,0
Jerome,M100000US391593904699999,2017,E85,0
Jerome,M100000US391593904699999,2018,E85,0
Jerome,M100000US391593904699999,2019,E85,0
Jerome,M100000US391593904699999,2020,E85,0
Jerome,M100000US391593904699999,2021,E85,0
Jerome,M100000US391593904699999,2022,E85,0
Jerome,M100000US391593904699999,2023,E85,0
Jerome,M100000US391593904699999,2024.0,E85,0.0
Jerome,M100000US391593904699999,2025,E85,0
Jersey,M100000US390893910299999,1999,E85,0
Jersey,M100000US390893910299999,2000,E85,0
Jersey,M100000US390893910299999,2001,E85,0
Jersey,M100000US390893910299999,2002,E85,0
Jersey,M100000US390893910299999,2003,E85,0
Jersey,M100000US390893910299999,2004,E85,0
Jersey,M100000US390893910299999,2005,E85,0
Jersey,M100000US390893910299999,2006,E85,0
Jersey,M100000US390893910299999,2007,E85,0
Jersey,M100000US390893910299999,2008,E85,0
Jersey,M100000US390893910299999,2009,E85,0
Jersey,M100000US390893910299999,2010,E85,0
Jersey,M100000US390893910299999,2011,E85,0
Jersey,M100000US390893910299999,2012,E85,0
Jersey,M100000US390893910299999,2013,E85,0
Jersey,M100000US390893910299999,2014,E85,0
Jersey,M100000US390893910299999,2015,E85,0
Jersey,M100000US390893910299999,2016,E85,0
Jersey,M100000US390893910299999,2017,E85,0
Jersey,M100000US390893910299999,2018,E85,0
Jersey,M100000US390893910299999,2019,E85,0
Jersey,M100000US390893910299999,2020,E85,0
Jersey,M100000US390893910299999,2021,E85,0
Jersey,M100000US390893910299999,2022,E85,0
Jersey,M100000US390893910299999,2023,E85,0
Jersey,M100000US390893910299999,2024.0,E85,0.0
Jersey,M100000US390893910299999,2025,E85,0
Johnstown,M100000US3939340,1999,E85,0
Johnstown,M100000US3939340,2000,E85,0
Johnstown,M100000US3939340,2001,E85,0
Johnstown,M100000US3939340,2002,E85,0
Johnstown,M100000US3939340,2003,E85,0
Johnstown,M100000US3939340,2004,E85,0
Johnstown,M100000US3939340,2005,E85,0
Johnstown,M100000US3939340,2006,E85,0
Johnstown,M100000US3939340,2007,E85,0
Johnstown,M100000US3939340,2008,E85,0
Johnstown,M100000US3939340,2009,E85,0
Johnstown,M100000US3939340,2010,E85,0
Johnstown,M100000US3939340,2011,E85,0
Johnstown,M100000US3939340,2012,E85,0
Johnstown,M100000US3939340,2013,E85,0
Johnstown,M100000US3939340,2014,E85,0
Johnstown,M100000US3939340,2015,E85,0
Johnstown,M100000US3939340,2016,E85,0
Johnstown,M100000US3939340,2017,E85,0
Johnstown,M100000US3939340,2018,E85,0
Johnstown,M100000US3939340,2019,E85,0
Johnstown,M100000US3939340,2020,E85,0
Johnstown,M100000US3939340,2021,E85,0
Johnstown,M100000US3939340,2022.0,E85,0.0
Johnstown,M100000US3939340,2023,E85,0
Johnstown,M100000US3939340,2024,E85,0
Johnstown,M100000US3939340,2025,E85,0
Kirkersville,M100000US3940572,1999,E85,0
Kirkersville,M100000US3940572,2000,E85,0
Kirkersville,M100000US3940572,2001,E85,0
Kirkersville,M100000US3940572,2002,E85,0
Kirkersville,M100000US3940572,2003,E85,0
Kirkersville,M100000US3940572,2004,E85,0
Kirkersville,M100000US3940572,2005,E85,0
Kirkersville,M100000US3940572,2006,E85,0
Kirkersville,M100000US3940572,2007,E85,0
Kirkersville,M100000US3940572,2008,E85,0
Kirkersville,M100000US3940572,2009,E85,0
Kirkersville,M100000US3940572,2010,E85,0
Kirkersville,M100000US3940572,2011,E85,0
Kirkersville,M100000US3940572,2012,E85,0
Kirkersville,M100000US3940572,2013,E85,0
Kirkersville,M100000US3940572,2014,E85,0
Kirkersville,M100000US3940572,2015.0,E85,0.0
Kirkersville,M100000US3940572,2016,E85,0
Kirkersville,M100000US3940572,2017,E85,0
Kirkersville,M100000US3940572,2018,E85,0
Kirkersville,M100000US3940572,2019,E85,0
Kirkersville,M100000US3940572,2020,E85,0
Kirkersville,M100000US3940572,2021,E85,0
Kirkersville,M100000US3940572,2022,E85,0
Kirkersville,M100000US3940572,2023,E85,0
Kirkersville,M100000US3940572,2024.0,E85,0.0
Kirkersville,M100000US3940572,2025,E85,0
Lancaster,M100000US3941720,1999,E85,0
Lancaster,M100000US3941720,2000,E85,0
Lancaster,M100000US3941720,2001,E85,0
Lancaster,M100000US3941720,2002,E85,0
Lancaster,M100000US3941720,2003,E85,0
Lancaster,M100000US3941720,2004,E85,0
Lancaster,M100000US3941720,2005,E85,0
Lancaster,M100000US3941720,2006,E85,0
Lancaster,M100000US3941720,2007,E85,0
Lancaster,M100000US3941720,2008,E85,0
Lancaster,M100000US3941720,2009,E85,0
Lancaster,M100000US3941720,2010,E85,0
Lancaster,M100000US3941720,2011,E85,0
Lancaster,M100000US3941720,2012.0,E85,0.0
Lancaster,M100000US3941720,2013,E85,0
Lancaster,M100000US3941720,2014.0,E85,1.0
Lancaster,M100000US3941720,2015,E85,0
Lancaster,M100000US3941720,2016,E85,0
Lancaster,M100000US3941720,2017,E85,0
Lancaster,M100000US3941720,2018,E85,0
Lancaster,M100000US3941720,2019.0,E85,0.0
Lancaster,M100000US3941720,2020,E85,0
Lancaster,M100000US3941720,2021.0,E85,0.0
Lancaster,M100000US3941720,2022.0,E85,0.0
Lancaster,M100000US3941720,2023.0,E85,0.0
Lancaster,M100000US3941720,2024,E85,0
Lancaster,M100000US3941720,2025,E85,0
Laurel,M100000US390734205699999,1999,E85,0
Laurel,M100000US390734205699999,2000,E85,0
Laurel,M100000US390734205699999,2001,E85,0
Laurel,M100000US390734205699999,2002,E85,0
Laurel,M100000US390734205699999,2003,E85,0
Laurel,M100000US390734205699999,2004,E85,0
Laurel,M100000US390734205699999,2005,E85,0
Laurel,M100000US390734205699999,2006,E85,0
Laurel,M100000US390734205699999,2007,E85,0
Laurel,M100000US390734205699999,2008,E85,0
Laurel,M100000US390734205699999,2009,E85,0
Laurel,M100000US390734205699999,2010,E85,0
Laurel,M100000US390734205699999,2011,E85,0
Laurel,M100000US390734205699999,2012,E85,0
Laurel,M100000US390734205699999,2013,E85,0
Laurel,M100000US390734205699999,2014,E85,0
Laurel,M100000US390734205699999,2015.0,E85,0.0
Laurel,M100000US390734205699999,2016,E85,0
Laurel,M100000US390734205699999,2017,E85,0
Laurel,M100000US390734205699999,2018,E85,0
Laurel,M100000US390734205699999,2019,E85,0
Laurel,M100000US390734205699999,2020,E85,0
Laurel,M100000US390734205699999,2021,E85,0
Laurel,M100000US390734205699999,2022,E85,0
Laurel,M100000US390734205699999,2023,E85,0
Laurel,M100000US390734205699999,2024,E85,0
Laurel,M100000US390734205699999,2025,E85,0
Liberty,M100000US391594335899999,1999,E85,0
Liberty,M100000US390414310699999,1999,E85,0
Liberty,M100000US391594335899999,2000,E85,0
Liberty,M100000US390414310699999,2000,E85,0
Liberty,M100000US391594335899999,2001,E85,0
Liberty,M100000US390414310699999,2001,E85,0
Liberty,M100000US391594335899999,2002,E85,0
Liberty,M100000US390414310699999,2002,E85,0
Liberty,M100000US391594335899999,2003,E85,0
Liberty,M100000US390414310699999,2003,E85,0
Liberty,M100000US391594335899999,2004,E85,0
Liberty,M100000US390414310699999,2004,E85,0
Liberty,M100000US391594335899999,2005,E85,0
Liberty,M100000US390414310699999,2005,E85,0
Liberty,M100000US391594335899999,2006,E85,0
Liberty,M100000US390414310699999,2006,E85,0
Liberty,M100000US391594335899999,2007,E85,0
Liberty,M100000US390414310699999,2007,E85,0
Liberty,M100000US391594335899999,2008,E85,0
Liberty,M100000US390414310699999,2008,E85,0
Liberty,M100000US391594335899999,2009,E85,0
Liberty,M100000US390414310699999,2009,E85,0
Liberty,M100000US391594335899999,2010,E85,0
Liberty,M100000US390414310699999,2010,E85,0
Liberty,M100000US391594335899999,2011,E85,0
Liberty,M100000US390414310699999,2011,E85,0
Liberty,M100000US391594335899999,2012,E85,0
Liberty,M100000US390414310699999,2012,E85,0
Liberty,M100000US391594335899999,2013,E85,0
Liberty,M100000US390414310699999,2013,E85,0
Liberty,M100000US391594335899999,2014,E85,0
Liberty,M100000US390414310699999,2014,E85,0
Liberty,M100000US391594335899999,2015,E85,0
Liberty,M100000US390414310699999,2015,E85,0
Liberty,M100000US391594335899999,2016,E85,0
Liberty,M100000US390414310699999,2016,E85,0
Liberty,M100000US391594335899999,2017,E85,0
Liberty,M100000US390414310699999,2017,E85,0
Liberty,M100000US391594335899999,2018.0,E85,0.0
Liberty,M100000US390414310699999,2018.0,E85,0.0
Liberty,M100000US391594335899999,2019,E85,0
Liberty,M100000US390414310699999,2019,E85,0
Liberty,M100000US391594335899999,2020,E85,0
Liberty,M100000US390414310699999,2020,E85,0
Liberty,M100000US391594335899999,2021.0,E85,0.0
Liberty,M100000US390414310699999,2021.0,E85,0.0
Liberty,M100000US391594335899999,2022,E85,0
Liberty,M100000US390414310699999,2022,E85,0
Liberty,M100000US391594335899999,2023,E85,0
Liberty,M100000US390414310699999,2023,E85,0
Liberty,M100000US391594335899999,2024.0,E85,0.0
Liberty,M100000US390414310699999,2024.0,E85,0.0
Liberty,M100000US391594335899999,2025,E85,0
Liberty,M100000US390414310699999,2025,E85,0
Logan,M100000US3944632,1999,E85,0
Logan,M100000US3944632,2000,E85,0
Logan,M100000US3944632,2001,E85,0
Logan,M100000US3944632,2002,E85,0
Logan,M100000US3944632,2003,E85,0
Logan,M100000US3944632,2004,E85,0
Logan,M100000US3944632,2005,E85,0
Logan,M100000US3944632,2006,E85,0
Logan,M100000US3944632,2007,E85,0
Logan,M100000US3944632,2008,E85,0
Logan,M100000US3944632,2009,E85,0
Logan,M100000US3944632,2010,E85,0
Logan,M100000US3944632,2011,E85,0
Logan,M100000US3944632,2012,E85,0
Logan,M100000US3944632,2013,E85,0
Logan,M100000US3944632,2014,E85,0
Logan,M100000US3944632,2015,E85,0
Logan,M100000US3944632,2016,E85,0
Logan,M100000US3944632,2017,E85,0
Logan,M100000US3944632,2018,E85,0
Logan,M100000US3944632,2019,E85,0
Logan,M100000US3944632,2020,E85,0
Logan,M100000US3944632,2021.0,E85,0.0
Logan,M100000US3944632,2022,E85,0
Logan,M100000US3944632,2023.0,E85,0.0
Logan,M100000US3944632,2024,E85,0
Logan,M100000US3944632,2025,E85,0
London,M100000US3944674,1999,E85,0
London,M100000US3944674,2000,E85,0
London,M100000US3944674,2001,E85,0
London,M100000US3944674,2002,E85,0
London,M100000US3944674,2003,E85,0
London,M100000US3944674,2004,E85,0
London,M100000US3944674,2005,E85,0
London,M100000US3944674,2006,E85,0
London,M100000US3944674,2007,E85,0
London,M100000US3944674,2008,E85,0
London,M100000US3944674,2009,E85,0
London,M100000US3944674,2010,E85,0
London,M100000US3944674,2011,E85,0
London,M100000US3944674,2012,E85,0
London,M100000US3944674,2013,E85,0
London,M100000US3944674,2014,E85,0
London,M100000US3944674,2015,E85,0
London,M100000US3944674,2016,E85,0
London,M100000US3944674,2017,E85,0
London,M100000US3944674,2018,E85,0
London,M100000US3944674,2019,E85,0
London,M100000US3944674,2020,E85,0
London,M100000US3944674,2021.0,E85,1.0
London,M100000US3944674,2022.0,E85,0.0
London,M100000US3944674,2023.0,E85,0.0
London,M100000US3944674,2024.0,E85,0.0
London,M100000US3944674,2025,E85,0
Marble Cliff,M100000US3947474,1999,E85,0
Marble Cliff,M100000US3947474,2000,E85,0
Marble Cliff,M100000US3947474,2001,E85,0
Marble Cliff,M100000US3947474,2002,E85,0
Marble Cliff,M100000US3947474,2003,E85,0
Marble Cliff,M100000US3947474,2004,E85,0
Marble Cliff,M100000US3947474,2005,E85,0
Marble Cliff,M100000US3947474,2006,E85,0
Marble Cliff,M100000US3947474,2007,E85,0
Marble Cliff,M100000US3947474,2008,E85,0
Marble Cliff,M100000US3947474,2009,E85,0
Marble Cliff,M100000US3947474,2010,E85,0
Marble Cliff,M100000US3947474,2011,E85,0
Marble Cliff,M100000US3947474,2012,E85,0
Marble Cliff,M100000US3947474,2013,E85,0
Marble Cliff,M100000US3947474,2014,E85,0
Marble Cliff,M100000US3947474,2015,E85,0
Marble Cliff,M100000US3947474,2016,E85,0
Marble Cliff,M100000US3947474,2017,E85,0
Marble Cliff,M100000US3947474,2018,E85,0
Marble Cliff,M100000US3947474,2019,E85,0
Marble Cliff,M100000US3947474,2020.0,E85,0.0
Marble Cliff,M100000US3947474,2021.0,E85,0.0
Marble Cliff,M100000US3947474,2022,E85,0
Marble Cliff,M100000US3947474,2023,E85,0
Marble Cliff,M100000US3947474,2024,E85,0
Marble Cliff,M100000US3947474,2025,E85,0
Marion,M100000US391014776899999,1999,E85,0
Marion,M100000US3947754,1999,E85,0
Marion,M100000US391014776899999,2000,E85,0
Marion,M100000US3947754,2000,E85,0
Marion,M100000US391014776899999,2001,E85,0
Marion,M100000US3947754,2001,E85,0
Marion,M100000US391014776899999,2002,E85,0
Marion,M100000US3947754,2002,E85,0
Marion,M100000US391014776899999,2003,E85,0
Marion,M100000US3947754,2003,E85,0
Marion,M100000US391014776899999,2004,E85,0
Marion,M100000US3947754,2004,E85,0
Marion,M100000US391014776899999,2005,E85,0
Marion,M100000US3947754,2005,E85,0
Marion,M100000US391014776899999,2006,E85,0
Marion,M100000US3947754,2006,E85,0
Marion,M100000US391014776899999,2007,E85,0
Marion,M100000US3947754,2007,E85,0
Marion,M100000US391014776899999,2008,E85,0
Marion,M100000US3947754,2008,E85,0
Marion,M100000US391014776899999,2009,E85,0
Marion,M100000US3947754,2009,E85,0
Marion,M100000US391014776899999,2010,E85,0
Marion,M100000US3947754,2010,E85,0
Marion,M100000US391014776899999,2011.0,E85,1.0
Marion,M100000US3947754,2011.0,E85,1.0
Marion,M100000US391014776899999,2012,E85,0
Marion,M100000US3947754,2012,E85,0
Marion,M100000US391014776899999,2013,E85,0
Marion,M100000US3947754,2013,E85,0
Marion,M100000US391014776899999,2014,E85,0
Marion,M100000US3947754,2014,E85,0
Marion,M100000US391014776899999,2015,E85,0
Marion,M100000US3947754,2015,E85,0
Marion,M100000US391014776899999,2016,E85,0
Marion,M100000US3947754,2016,E85,0
Marion,M100000US391014776899999,2017,E85,0
Marion,M100000US3947754,2017,E85,0
Marion,M100000US391014776899999,2018,E85,0
Marion,M100000US3947754,2018,E85,0
Marion,M100000US391014776899999,2019.0,E85,0.0
Marion,M100000US3947754,2019.0,E85,0.0
Marion,M100000US391014776899999,2020.0,E85,0.0
Marion,M100000US3947754,2020.0,E85,0.0
Marion,M100000US391014776899999,2021.0,E85,0.0
Marion,M100000US3947754,2021.0,E85,0.0
Marion,M100000US391014776899999,2022,E85,0
Marion,M100000US3947754,2022,E85,0
Marion,M100000US391014776899999,2023.0,E85,0.0
Marion,M100000US3947754,2023.0,E85,0.0
Marion,M100000US391014776899999,2024.0,E85,0.0
Marion,M100000US3947754,2024.0,E85,0.0
Marion,M100000US391014776899999,2025,E85,0
Marion,M100000US3947754,2025,E85,0
Marysville,M100000US3948160,1999,E85,0
Marysville,M100000US3948160,2000,E85,0
Marysville,M100000US3948160,2001,E85,0
Marysville,M100000US3948160,2002,E85,0
Marysville,M100000US3948160,2003,E85,0
Marysville,M100000US3948160,2004,E85,0
Marysville,M100000US3948160,2005,E85,0
Marysville,M100000US3948160,2006,E85,0
Marysville,M100000US3948160,2007,E85,0
Marysville,M100000US3948160,2008,E85,0
Marysville,M100000US3948160,2009,E85,0
Marysville,M100000US3948160,2010,E85,0
Marysville,M100000US3948160,2011,E85,0
Marysville,M100000US3948160,2012,E85,0
Marysville,M100000US3948160,2013,E85,0
Marysville,M100000US3948160,2014,E85,0
Marysville,M100000US3948160,2015,E85,0
Marysville,M100000US3948160,2016,E85,0
Marysville,M100000US3948160,2017,E85,0
Marysville,M100000US3948160,2018,E85,0
Marysville,M100000US3948160,2019,E85,0
Marysville,M100000US3948160,2020.0,E85,0.0
Marysville,M100000US3948160,2021,E85,0
Marysville,M100000US3948160,2022.0,E85,0.0
Marysville,M100000US3948160,2023.0,E85,0.0
Marysville,M100000US3948160,2024.0,E85,0.0
Marysville,M100000US3948160,2025.0,E85,0.0
Mount Vernon,M100000US3953102,1999,E85,0
Mount Vernon,M100000US3953102,2000,E85,0
Mount Vernon,M100000US3953102,2001,E85,0
Mount Vernon,M100000US3953102,2002,E85,0
Mount Vernon,M100000US3953102,2003,E85,0
Mount Vernon,M100000US3953102,2004,E85,0
Mount Vernon,M100000US3953102,2005,E85,0
Mount Vernon,M100000US3953102,2006,E85,0
Mount Vernon,M100000US3953102,2007,E85,0
Mount Vernon,M100000US3953102,2008,E85,0
Mount Vernon,M100000US3953102,2009,E85,0
Mount Vernon,M100000US3953102,2010,E85,0
Mount Vernon,M100000US3953102,2011,E85,0
Mount Vernon,M100000US3953102,2012,E85,0
Mount Vernon,M100000US3953102,2013,E85,0
Mount Vernon,M100000US3953102,2014.0,E85,0.0
Mount Vernon,M100000US3953102,2015,E85,0
Mount Vernon,M100000US3953102,2016,E85,0
Mount Vernon,M100000US3953102,2017,E85,0
Mount Vernon,M100000US3953102,2018,E85,0
Mount Vernon,M100000US3953102,2019,E85,0
Mount Vernon,M100000US3953102,2020,E85,0
Mount Vernon,M100000US3953102,2021.0,E85,0.0
Mount Vernon,M100000US3953102,2022,E85,0
Mount Vernon,M100000US3953102,2023,E85,0
Mount Vernon,M100000US3953102,2024.0,E85,0.0
Mount Vernon,M100000US3953102,2025,E85,0
New Albany,M100000US3953970,1999,E85,0
New Albany,M100000US3953970,2000,E85,0
New Albany,M100000US3953970,2001,E85,0
New Albany,M100000US3953970,2002,E85,0
New Albany,M100000US3953970,2003,E85,0
New Albany,M100000US3953970,2004,E85,0
New Albany,M100000US3953970,2005,E85,0
New Albany,M100000US3953970,2006,E85,0
New Albany,M100000US3953970,2007,E85,0
New Albany,M100000US3953970,2008,E85,0
New Albany,M100000US3953970,2009,E85,0
New Albany,M100000US3953970,2010,E85,0
New Albany,M100000US3953970,2011,E85,0
New Albany,M100000US3953970,2012,E85,0
New Albany,M100000US3953970,2013,E85,0
New Albany,M100000US3953970,2014,E85,0
New Albany,M100000US3953970,2015,E85,0
New Albany,M100000US3953970,2016,E85,0
New Albany,M100000US3953970,2017,E85,0
New Albany,M100000US3953970,2018,E85,0
New Albany,M100000US3953970,2019,E85,0
New Albany,M100000US3953970,2020.0,E85,0.0
New Albany,M100000US3953970,2021.0,E85,0.0
New Albany,M100000US3953970,2022.0,E85,1.0
New Albany,M100000US3953970,2023.0,E85,0.0
New Albany,M100000US3953970,2024.0,E85,0.0
New Albany,M100000US3953970,2025,E85,0
New Holland,M100000US3954726,1999,E85,0
New Holland,M100000US3954726,2000,E85,0
New Holland,M100000US3954726,2001,E85,0
New Holland,M100000US3954726,2002,E85,0
New Holland,M100000US3954726,2003,E85,0
New Holland,M100000US3954726,2004,E85,0
New Holland,M100000US3954726,2005,E85,0
New Holland,M100000US3954726,2006,E85,0
New Holland,M100000US3954726,2007,E85,0
New Holland,M100000US3954726,2008,E85,0
New Holland,M100000US3954726,2009,E85,0
New Holland,M100000US3954726,2010,E85,0
New Holland,M100000US3954726,2011,E85,0
New Holland,M100000US3954726,2012,E85,0
New Holland,M100000US3954726,2013,E85,0
New Holland,M100000US3954726,2014,E85,0
New Holland,M100000US3954726,2015,E85,0
New Holland,M100000US3954726,2016,E85,0
New Holland,M100000US3954726,2017,E85,0
New Holland,M100000US3954726,2018,E85,0
New Holland,M100000US3954726,2019,E85,0
New Holland,M100000US3954726,2020,E85,0
New Holland,M100000US3954726,2021,E85,0
New Holland,M100000US3954726,2022,E85,0
New Holland,M100000US3954726,2023.0,E85,0.0
New Holland,M100000US3954726,2024,E85,0
New Holland,M100000US3954726,2025,E85,0
Newark,M100000US3954040,1999,E85,0
Newark,M100000US390895405499999,1999,E85,0
Newark,M100000US3954040,2000.0,E85,0.0
Newark,M100000US390895405499999,2000.0,E85,0.0
Newark,M100000US3954040,2001,E85,0
Newark,M100000US390895405499999,2001,E85,0
Newark,M100000US3954040,2002,E85,0
Newark,M100000US390895405499999,2002,E85,0
Newark,M100000US3954040,2003,E85,0
Newark,M100000US390895405499999,2003,E85,0
Newark,M100000US3954040,2004,E85,0
Newark,M100000US390895405499999,2004,E85,0
Newark,M100000US3954040,2005,E85,0
Newark,M100000US390895405499999,2005,E85,0
Newark,M100000US3954040,2006,E85,0
Newark,M100000US390895405499999,2006,E85,0
Newark,M100000US3954040,2007,E85,0
Newark,M100000US390895405499999,2007,E85,0
Newark,M100000US3954040,2008,E85,0
Newark,M100000US390895405499999,2008,E85,0
Newark,M100000US3954040,2009,E85,0
Newark,M100000US390895405499999,2009,E85,0
Newark,M100000US3954040,2010,E85,0
Newark,M100000US390895405499999,2010,E85,0
Newark,M100000US3954040,2011.0,E85,1.0
Newark,M100000US390895405499999,2011.0,E85,1.0
Newark,M100000US3954040,2012,E85,0
Newark,M100000US390895405499999,2012,E85,0
Newark,M100000US3954040,2013.0,E85,0.0
Newark,M100000US390895405499999,2013.0,E85,0.0
Newark,M100000US3954040,2014,E85,0
Newark,M100000US390895405499999,2014,E85,0
Newark,M100000US3954040,2015,E85,0
Newark,M100000US390895405499999,2015,E85,0
Newark,M100000US3954040,2016,E85,0
Newark,M100000US390895405499999,2016,E85,0
Newark,M100000US3954040,2017,E85,0
Newark,M100000US390895405499999,2017,E85,0
Newark,M100000US3954040,2018,E85,0
Newark,M100000US390895405499999,2018,E85,0
Newark,M100000US3954040,2019,E85,0
Newark,M100000US390895405499999,2019,E85,0
Newark,M100000US3954040,2020.0,E85,0.0
Newark,M100000US390895405499999,2020.0,E85,0.0
Newark,M100000US3954040,2021.0,E85,0.0
Newark,M100000US390895405499999,2021.0,E85,0.0
Newark,M100000US3954040,2022.0,E85,1.0
Newark,M100000US390895405499999,2022.0,E85,1.0
Newark,M100000US3954040,2023.0,E85,0.0
Newark,M100000US390895405499999,2023.0,E85,0.0
Newark,M100000US3954040,2024,E85,0
Newark,M100000US390895405499999,2024,E85,0
Newark,M100000US3954040,2025,E85,0
Newark,M100000US390895405499999,2025,E85,0
Obetz,M100000US3957862,1999,E85,0
Obetz,M100000US3957862,2000,E85,0
Obetz,M100000US3957862,2001,E85,0
Obetz,M100000US3957862,2002,E85,0
Obetz,M100000US3957862,2003,E85,0
Obetz,M100000US3957862,2004,E85,0
Obetz,M100000US3957862,2005,E85,0
Obetz,M100000US3957862,2006,E85,0
Obetz,M100000US3957862,2007,E85,0
Obetz,M100000US3957862,2008,E85,0
Obetz,M100000US3957862,2009,E85,0
Obetz,M100000US3957862,2010,E85,0
Obetz,M100000US3957862,2011,E85,0
Obetz,M100000US3957862,2012,E85,0
Obetz,M100000US3957862,2013,E85,0
Obetz,M100000US3957862,2014,E85,0
Obetz,M100000US3957862,2015.0,E85,0.0
Obetz,M100000US3957862,2016,E85,0
Obetz,M100000US3957862,2017,E85,0
Obetz,M100000US3957862,2018,E85,0
Obetz,M100000US3957862,2019,E85,0
Obetz,M100000US3957862,2020,E85,0
Obetz,M100000US3957862,2021,E85,0
Obetz,M100000US3957862,2022,E85,0
Obetz,M100000US3957862,2023,E85,0
Obetz,M100000US3957862,2024,E85,0
Obetz,M100000US3957862,2025,E85,0
Octa,M100000US3957918,1999,E85,0
Octa,M100000US3957918,2000,E85,0
Octa,M100000US3957918,2001,E85,0
Octa,M100000US3957918,2002,E85,0
Octa,M100000US3957918,2003,E85,0
Octa,M100000US3957918,2004,E85,0
Octa,M100000US3957918,2005,E85,0
Octa,M100000US3957918,2006,E85,0
Octa,M100000US3957918,2007,E85,0
Octa,M100000US3957918,2008,E85,0
Octa,M100000US3957918,2009,E85,0
Octa,M100000US3957918,2010,E85,0
Octa,M100000US3957918,2011,E85,0
Octa,M100000US3957918,2012,E85,0
Octa,M100000US3957918,2013,E85,0
Octa,M100000US3957918,2014.0,E85,1.0
Octa,M100000US3957918,2015,E85,0
Octa,M100000US3957918,2016,E85,0
Octa,M100000US3957918,2017,E85,0
Octa,M100000US3957918,2018,E85,0
Octa,M100000US3957918,2019,E85,0
Octa,M100000US3957918,2020,E85,0
Octa,M100000US3957918,2021,E85,0
Octa,M100000US3957918,2022,E85,0
Octa,M100000US3957918,2023,E85,0
Octa,M100000US3957918,2024,E85,0
Octa,M100000US3957918,2025,E85,0
Orange,M100000US390415861899999,1999,E85,0
Orange,M100000US390415861899999,2000,E85,0
Orange,M100000US390415861899999,2001,E85,0
Orange,M100000US390415861899999,2002,E85,0
Orange,M100000US390415861899999,2003,E85,0
Orange,M100000US390415861899999,2004,E85,0
Orange,M100000US390415861899999,2005,E85,0
Orange,M100000US390415861899999,2006,E85,0
Orange,M100000US390415861899999,2007,E85,0
Orange,M100000US390415861899999,2008.0,E85,1.0
Orange,M100000US390415861899999,2009,E85,0
Orange,M100000US390415861899999,2010,E85,0
Orange,M100000US390415861899999,2011,E85,0
Orange,M100000US390415861899999,2012,E85,0
Orange,M100000US390415861899999,2013,E85,0
Orange,M100000US390415861899999,2014,E85,0
Orange,M100000US390415861899999,2015,E85,0
Orange,M100000US390415861899999,2016,E85,0
Orange,M100000US390415861899999,2017.0,E85,0.0
Orange,M100000US390415861899999,2018,E85,0
Orange,M100000US390415861899999,2019,E85,0
Orange,M100000US390415861899999,2020.0,E85,0.0
Orange,M100000US390415861899999,2021,E85,0
Orange,M100000US390415861899999,2022.0,E85,0.0
Orange,M100000US390415861899999,2023.0,E85,0.0
Orange,M100000US390415861899999,2024.0,E85,0.0
Orange,M100000US390415861899999,2025,E85,0
Pataskala,M100000US3961112,1999,E85,0
Pataskala,M100000US3961112,2000,E85,0
Pataskala,M100000US3961112,2001,E85,0
Pataskala,M100000US3961112,2002,E85,0
Pataskala,M100000US3961112,2003,E85,0
Pataskala,M100000US3961112,2004,E85,0
Pataskala,M100000US3961112,2005,E85,0
Pataskala,M100000US3961112,2006,E85,0
Pataskala,M100000US3961112,2007,E85,0
Pataskala,M100000US3961112,2008,E85,0
Pataskala,M100000US3961112,2009,E85,0
Pataskala,M100000US3961112,2010,E85,0
Pataskala,M100000US3961112,2011,E85,0
Pataskala,M100000US3961112,2012,E85,0
Pataskala,M100000US3961112,2013,E85,0
Pataskala,M100000US3961112,2014,E85,0
Pataskala,M100000US3961112,2015,E85,0
Pataskala,M100000US3961112,2016,E85,0
Pataskala,M100000US3961112,2017,E85,0
Pataskala,M100000US3961112,2018,E85,0
Pataskala,M100000US3961112,2019,E85,0
Pataskala,M100000US3961112,2020,E85,0
Pataskala,M100000US3961112,2021,E85,0
Pataskala,M100000US3961112,2022,E85,0
Pataskala,M100000US3961112,2023,E85,0
Pataskala,M100000US3961112,2024.0,E85,0.0
Pataskala,M100000US3961112,2025,E85,0
Perry,M100000US390916193899999,1999,E85,0
Perry,M100000US390916193899999,2000,E85,0
Perry,M100000US390916193899999,2001,E85,0
Perry,M100000US390916193899999,2002,E85,0
Perry,M100000US390916193899999,2003,E85,0
Perry,M100000US390916193899999,2004,E85,0
Perry,M100000US390916193899999,2005,E85,0
Perry,M100000US390916193899999,2006,E85,0
Perry,M100000US390916193899999,2007,E85,0
Perry,M100000US390916193899999,2008,E85,0
Perry,M100000US390916193899999,2009,E85,0
Perry,M100000US390916193899999,2010,E85,0
Perry,M100000US390916193899999,2011,E85,0
Perry,M100000US390916193899999,2012,E85,0
Perry,M100000US390916193899999,2013,E85,0
Perry,M100000US390916193899999,2014,E85,0
Perry,M100000US390916193899999,2015,E85,0
Perry,M100000US390916193899999,2016,E85,0
Perry,M100000US390916193899999,2017,E85,0
Perry,M100000US390916193899999,2018,E85,0
Perry,M100000US390916193899999,2019.0,E85,0.0
Perry,M100000US390916193899999,2020,E85,0
Perry,M100000US390916193899999,2021.0,E85,0.0
Perry,M100000US390916193899999,2022,E85,0
Perry,M100000US390916193899999,2023,E85,0
Perry,M100000US390916193899999,2024,E85,0
Perry,M100000US390916193899999,2025,E85,0
Pickerington,M100000US3962498,1999,E85,0
Pickerington,M100000US3962498,2000,E85,0
Pickerington,M100000US3962498,2001,E85,0
Pickerington,M100000US3962498,2002,E85,0
Pickerington,M100000US3962498,2003,E85,0
Pickerington,M100000US3962498,2004,E85,0
Pickerington,M100000US3962498,2005,E85,0
Pickerington,M100000US3962498,2006,E85,0
Pickerington,M100000US3962498,2007,E85,0
Pickerington,M100000US3962498,2008,E85,0
Pickerington,M100000US3962498,2009,E85,0
Pickerington,M100000US3962498,2010,E85,0
Pickerington,M100000US3962498,2011,E85,0
Pickerington,M100000US3962498,2012,E85,0
Pickerington,M100000US3962498,2013,E85,0
Pickerington,M100000US3962498,2014,E85,0
Pickerington,M100000US3962498,2015,E85,0
Pickerington,M100000US3962498,2016,E85,0
Pickerington,M100000US3962498,2017,E85,0
Pickerington,M100000US3962498,2018,E85,0
Pickerington,M100000US3962498,2019,E85,0
Pickerington,M100000US3962498,2020,E85,0
Pickerington,M100000US3962498,2021.0,E85,0.0
Pickerington,M100000US3962498,2022.0,E85,0.0
Pickerington,M100000US3962498,2023,E85,0
Pickerington,M100000US3962498,2024.0,E85,0.0
Pickerington,M100000US3962498,2025,E85,0
Powell,M100000US3964486,1999,E85,0
Powell,M100000US3964486,2000,E85,0
Powell,M100000US3964486,2001,E85,0
Powell,M100000US3964486,2002,E85,0
Powell,M100000US3964486,2003,E85,0
Powell,M100000US3964486,2004,E85,0
Powell,M100000US3964486,2005,E85,0
Powell,M100000US3964486,2006,E85,0
Powell,M100000US3964486,2007,E85,0
Powell,M100000US3964486,2008,E85,0
Powell,M100000US3964486,2009,E85,0
Powell,M100000US3964486,2010,E85,0
Powell,M100000US3964486,2011,E85,0
Powell,M100000US3964486,2012,E85,0
Powell,M100000US3964486,2013,E85,0
Powell,M100000US3964486,2014,E85,0
Powell,M100000US3964486,2015,E85,0
Powell,M100000US3964486,2016,E85,0
Powell,M100000US3964486,2017,E85,0
Powell,M100000US3964486,2018.0,E85,0.0
Powell,M100000US3964486,2019.0,E85,0.0
Powell,M100000US3964486,2020,E85,0
Powell,M100000US3964486,2021.0,E85,0.0
Powell,M100000US3964486,2022,E85,0
Powell,M100000US3964486,2023.0,E85,0.0
Powell,M100000US3964486,2024.0,E85,0.0
Powell,M100000US3964486,2025,E85,0
Reynoldsburg,M100000US3966390,1999,E85,0
Reynoldsburg,M100000US3966390,2000,E85,0
Reynoldsburg,M100000US3966390,2001,E85,0
Reynoldsburg,M100000US3966390,2002,E85,0
Reynoldsburg,M100000US3966390,2003,E85,0
Reynoldsburg,M100000US3966390,2004,E85,0
Reynoldsburg,M100000US3966390,2005,E85,0
Reynoldsburg,M100000US3966390,2006,E85,0
Reynoldsburg,M100000US3966390,2007,E85,0
Reynoldsburg,M100000US3966390,2008,E85,0
Reynoldsburg,M100000US3966390,2009,E85,0
Reynoldsburg,M100000US3966390,2010,E85,0
Reynoldsburg,M100000US3966390,2011,E85,0
Reynoldsburg,M100000US3966390,2012,E85,0
Reynoldsburg,M100000US3966390,2013,E85,0
Reynoldsburg,M100000US3966390,2014,E85,0
Reynoldsburg,M100000US3966390,2015,E85,0
Reynoldsburg,M100000US3966390,2016,E85,0
Reynoldsburg,M100000US3966390,2017.0,E85,0.0
Reynoldsburg,M100000US3966390,2018,E85,0
Reynoldsburg,M100000US3966390,2019,E85,0
Reynoldsburg,M100000US3966390,2020.0,E85,0.0
Reynoldsburg,M100000US3966390,2021.0,E85,0.0
Reynoldsburg,M100000US3966390,2022,E85,0
Reynoldsburg,M100000US3966390,2023,E85,0
Reynoldsburg,M100000US3966390,2024.0,E85,0.0
Reynoldsburg,M100000US3966390,2025,E85,0
Somerset,M100000US3972977,1999,E85,0
Somerset,M100000US3972977,2000,E85,0
Somerset,M100000US3972977,2001,E85,0
Somerset,M100000US3972977,2002,E85,0
Somerset,M100000US3972977,2003,E85,0
Somerset,M100000US3972977,2004,E85,0
Somerset,M100000US3972977,2005,E85,0
Somerset,M100000US3972977,2006,E85,0
Somerset,M100000US3972977,2007,E85,0
Somerset,M100000US3972977,2008,E85,0
Somerset,M100000US3972977,2009,E85,0
Somerset,M100000US3972977,2010,E85,0
Somerset,M100000US3972977,2011,E85,0
Somerset,M100000US3972977,2012,E85,0
Somerset,M100000US3972977,2013,E85,0
Somerset,M100000US3972977,2014,E85,0
Somerset,M100000US3972977,2015,E85,0
Somerset,M100000US3972977,2016,E85,0
Somerset,M100000US3972977,2017,E85,0
Somerset,M100000US3972977,2018,E85,0
Somerset,M100000US3972977,2019.0,E85,0.0
Somerset,M100000US3972977,2020,E85,0
Somerset,M100000US3972977,2021,E85,0
Somerset,M100000US3972977,2022,E85,0
Somerset,M100000US3972977,2023,E85,0
Somerset,M100000US3972977,2024,E85,0
Somerset,M100000US3972977,2025,E85,0
Sunbury,M100000US3975602,1999,E85,0
Sunbury,M100000US3975602,2000,E85,0
Sunbury,M100000US3975602,2001,E85,0
Sunbury,M100000US3975602,2002,E85,0
Sunbury,M100000US3975602,2003,E85,0
Sunbury,M100000US3975602,2004,E85,0
Sunbury,M100000US3975602,2005,E85,0
Sunbury,M100000US3975602,2006,E85,0
Sunbury,M100000US3975602,2007,E85,0
Sunbury,M100000US3975602,2008,E85,0
Sunbury,M100000US3975602,2009,E85,0
Sunbury,M100000US3975602,2010,E85,0
Sunbury,M100000US3975602,2011,E85,0
Sunbury,M100000US3975602,2012,E85,0
Sunbury,M100000US3975602,2013,E85,0
Sunbury,M100000US3975602,2014,E85,0
Sunbury,M100000US3975602,2015,E85,0
Sunbury,M100000US3975602,2016,E85,0
Sunbury,M100000US3975602,2017,E85,0
Sunbury,M100000US3975602,2018,E85,0
Sunbury,M100000US3975602,2019,E85,0
Sunbury,M100000US3975602,2020.0,E85,0.0
Sunbury,M100000US3975602,2021,E85,0
Sunbury,M100000US3975602,2022,E85,0
Sunbury,M100000US3975602,2023,E85,0
Sunbury,M100000US3975602,2024,E85,0
Sunbury,M100000US3975602,2025,E85,0
Union,M100000US391417854099999,1999,E85,0
Union,M100000US390897840099999,1999,E85,0
Union,M100000US391417854099999,2000,E85,0
Union,M100000US390897840099999,2000,E85,0
Union,M100000US391417854099999,2001,E85,0
Union,M100000US390897840099999,2001,E85,0
Union,M100000US391417854099999,2002,E85,0
Union,M100000US390897840099999,2002,E85,0
Union,M100000US391417854099999,2003,E85,0
Union,M100000US390897840099999,2003,E85,0
Union,M100000US391417854099999,2004,E85,0
Union,M100000US390897840099999,2004,E85,0
Union,M100000US391417854099999,2005,E85,0
Union,M100000US390897840099999,2005,E85,0
Union,M100000US391417854099999,2006,E85,0
Union,M100000US390897840099999,2006,E85,0
Union,M100000US391417854099999,2007,E85,0
Union,M100000US390897840099999,2007,E85,0
Union,M100000US391417854099999,2008,E85,0
Union,M100000US390897840099999,2008,E85,0
Union,M100000US391417854099999,2009.0,E85,1.0
Union,M100000US390897840099999,2009.0,E85,1.0
Union,M100000US391417854099999,2010,E85,0
Union,M100000US390897840099999,2010,E85,0
Union,M100000US391417854099999,2011,E85,0
Union,M100000US390897840099999,2011,E85,0
Union,M100000US391417854099999,2012,E85,0
Union,M100000US390897840099999,2012,E85,0
Union,M100000US391417854099999,2013,E85,0
Union,M100000US390897840099999,2013,E85,0
Union,M100000US391417854099999,2014,E85,0
Union,M100000US390897840099999,2014,E85,0
Union,M100000US391417854099999,2015.0,E85,1.0
Union,M100000US390897840099999,2015.0,E85,1.0
Union,M100000US391417854099999,2016,E85,0
Union,M100000US390897840099999,2016,E85,0
Union,M100000US391417854099999,2017,E85,0
Union,M100000US390897840099999,2017,E85,0
Union,M100000US391417854099999,2018,E85,0
Union,M100000US390897840099999,2018,E85,0
Union,M100000US391417854099999,2019,E85,0
Union,M100000US390897840099999,2019,E85,0
Union,M100000US391417854099999,2020,E85,0
Union,M100000US390897840099999,2020,E85,0
Union,M100000US391417854099999,2021,E85,0
Union,M100000US390897840099999,2021,E85,0
Union,M100000US391417854099999,2022,E85,0
Union,M100000US390897840099999,2022,E85,0
Union,M100000US391417854099999,2023,E85,0
Union,M100000US390897840099999,2023,E85,0
Union,M100000US391417854099999,2024,E85,0
Union,M100000US390897840099999,2024,E85,0
Union,M100000US391417854099999,2025,E85,0
Union,M100000US390897840099999,2025,E85,0
Upper Arlington,M100000US3979002,1999,E85,0
Upper Arlington,M100000US3979002,2000,E85,0
Upper Arlington,M100000US3979002,2001,E85,0
Upper Arlington,M100000US3979002,2002,E85,0
Upper Arlington,M100000US3979002,2003,E85,0
Upper Arlington,M100000US3979002,2004,E85,0
Upper Arlington,M100000US3979002,2005,E85,0
Upper Arlington,M100000US3979002,2006,E85,0
Upper Arlington,M100000US3979002,2007,E85,0
Upper Arlington,M100000US3979002,2008,E85,0
Upper Arlington,M100000US3979002,2009,E85,0
Upper Arlington,M100000US3979002,2010,E85,0
Upper Arlington,M100000US3979002,2011,E85,0
Upper Arlington,M100000US3979002,2012,E85,0
Upper Arlington,M100000US3979002,2013,E85,0
Upper Arlington,M100000US3979002,2014,E85,0
Upper Arlington,M100000US3979002,2015,E85,0
Upper Arlington,M100000US3979002,2016,E85,0
Upper Arlington,M100000US3979002,2017,E85,0
Upper Arlington,M100000US3979002,2018,E85,0
Upper Arlington,M100000US3979002,2019.0,E85,0.0
Upper Arlington,M100000US3979002,2020.0,E85,0.0
Upper Arlington,M100000US3979002,2021.0,E85,0.0
Upper Arlington,M100000US3979002,2022,E85,0
Upper Arlington,M100000US3979002,2023,E85,0
Upper Arlington,M100000US3979002,2024.0,E85,0.0
Upper Arlington,M100000US3979002,2025,E85,0
Washington,M100000US390918142499999,1999,E85,0
Washington,M100000US390738135499999,1999,E85,0
Washington,M100000US390918142499999,2000,E85,0
Washington,M100000US390738135499999,2000,E85,0
Washington,M100000US390918142499999,2001,E85,0
Washington,M100000US390738135499999,2001,E85,0
Washington,M100000US390918142499999,2002,E85,0
Washington,M100000US390738135499999,2002,E85,0
Washington,M100000US390918142499999,2003,E85,0
Washington,M100000US390738135499999,2003,E85,0
Washington,M100000US390918142499999,2004,E85,0
Washington,M100000US390738135499999,2004,E85,0
Washington,M100000US390918142499999,2005,E85,0
Washington,M100000US390738135499999,2005,E85,0
Washington,M100000US390918142499999,2006,E85,0
Washington,M100000US390738135499999,2006,E85,0
Washington,M100000US390918142499999,2007,E85,0
Washington,M100000US390738135499999,2007,E85,0
Washington,M100000US390918142499999,2008,E85,0
Washington,M100000US390738135499999,2008,E85,0
Washington,M100000US390918142499999,2009,E85,0
Washington,M100000US390738135499999,2009,E85,0
Washington,M100000US390918142499999,2010,E85,0
Washington,M100000US390738135499999,2010,E85,0
Washington,M100000US390918142499999,2011,E85,0
Washington,M100000US390738135499999,2011,E85,0
Washington,M100000US390918142499999,2012,E85,0
Washington,M100000US390738135499999,2012,E85,0
Washington,M100000US390918142499999,2013,E85,0
Washington,M100000US390738135499999,2013,E85,0
Washington,M100000US390918142499999,2014,E85,0
Washington,M100000US390738135499999,2014,E85,0
Washington,M100000US390918142499999,2015,E85,0
Washington,M100000US390738135499999,2015,E85,0
Washington,M100000US390918142499999,2016,E85,0
Washington,M100000US390738135499999,2016,E85,0
Washington,M100000US390918142499999,2017,E85,0
Washington,M100000US390738135499999,2017,E85,0
Washington,M100000US390918142499999,2018.0,E85,0.0
Washington,M100000US390738135499999,2018.0,E85,0.0
Washington,M100000US390918142499999,2019,E85,0
Washington,M100000US390738135499999,2019,E85,0
Washington,M100000US390918142499999,2020.0,E85,0.0
Washington,M100000US390738135499999,2020.0,E85,0.0
Washington,M100000US390918142499999,2021.0,E85,0.0
Washington,M100000US390738135499999,2021.0,E85,0.0
Washington,M100000US390918142499999,2022,E85,0
Washington,M100000US390738135499999,2022,E85,0
Washington,M100000US390918142499999,2023.0,E85,0.0
Washington,M100000US390738135499999,2023.0,E85,0.0
Washington,M100000US390918142499999,2024.0,E85,0.0
Washington,M100000US390738135499999,2024.0,E85,0.0
Washington,M100000US390918142499999,2025,E85,0
Washington,M100000US390738135499999,2025,E85,0
Washington Court House,M100000US3981718,1999,E85,0
Washington Court House,M100000US3981718,2000,E85,0
Washington Court House,M100000US3981718,2001,E85,0
Washington Court House,M100000US3981718,2002,E85,0
Washington Court House,M100000US3981718,2003,E85,0
Washington Court House,M100000US3981718,2004,E85,0
Washington Court House,M100000US3981718,2005,E85,0
Washington Court House,M100000US3981718,2006,E85,0
Washington Court House,M100000US3981718,2007,E85,0
Washington Court House,M100000US3981718,2008,E85,0
Washington Court House,M100000US3981718,2009,E85,0
Washington Court House,M100000US3981718,2010,E85,0
Washington Court House,M100000US3981718,2011,E85,0
Washington Court House,M100000US3981718,2012,E85,0
Washington Court House,M100000US3981718,2013,E85,0
Washington Court House,M100000US3981718,2014,E85,0
Washington Court House,M100000US3981718,2015,E85,0
Washington Court House,M100000US3981718,2016,E85,0
Washington Court House,M100000US3981718,2017,E85,0
Washington Court House,M100000US3981718,2018,E85,0
Washington Court House,M100000US3981718,2019,E85,0
Washington Court House,M100000US3981718,2020,E85,0
Washington Court House,M100000US3981718,2021,E85,0
Washington Court House,M100000US3981718,2022.0,E85,0.0
Washington Court House,M100000US3981718,2023,E85,0
Washington Court House,M100000US3981718,2024,E85,0
Washington Court House,M100000US3981718,2025,E85,0
Wayne,M100000US390838219499999,1999,E85,0
Wayne,M100000US390838219499999,2000,E85,0
Wayne,M100000US390838219499999,2001,E85,0
Wayne,M100000US390838219499999,2002,E85,0
Wayne,M100000US390838219499999,2003,E85,0
Wayne,M100000US390838219499999,2004,E85,0
Wayne,M100000US390838219499999,2005,E85,0
Wayne,M100000US390838219499999,2006,E85,0
Wayne,M100000US390838219499999,2007,E85,0
Wayne,M100000US390838219499999,2008,E85,0
Wayne,M100000US390838219499999,2009,E85,0
Wayne,M100000US390838219499999,2010,E85,0
Wayne,M100000US390838219499999,2011,E85,0
Wayne,M100000US390838219499999,2012,E85,0
Wayne,M100000US390838219499999,2013,E85,0
Wayne,M100000US390838219499999,2014,E85,0
Wayne,M100000US390838219499999,2015,E85,0
Wayne,M100000US390838219499999,2016,E85,0
Wayne,M100000US390838219499999,2017.0,E85,0.0
Wayne,M100000US390838219499999,2018,E85,0
Wayne,M100000US390838219499999,2019,E85,0
Wayne,M100000US390838219499999,2020,E85,0
Wayne,M100000US390838219499999,2021,E85,0
Wayne,M100000US390838219499999,2022,E85,0
Wayne,M100000US390838219499999,2023,E85,0
Wayne,M100000US390838219499999,2024,E85,0
Wayne,M100000US390838219499999,2025,E85,0
West Jefferson,M100000US3983580,1999,E85,0
West Jefferson,M100000US3983580,2000,E85,0
West Jefferson,M100000US3983580,2001,E85,0
West Jefferson,M100000US3983580,2002,E85,0
West Jefferson,M100000US3983580,2003,E85,0
West Jefferson,M100000US3983580,2004,E85,0
West Jefferson,M100000US3983580,2005,E85,0
West Jefferson,M100000US3983580,2006,E85,0
West Jefferson,M100000US3983580,2007,E85,0
West Jefferson,M100000US3983580,2008,E85,0
West Jefferson,M100000US3983580,2009,E85,0
West Jefferson,M100000US3983580,2010,E85,0
West Jefferson,M100000US3983580,2011,E85,0
West Jefferson,M100000US3983580,2012,E85,0
West Jefferson,M100000US3983580,2013,E85,0
West Jefferson,M100000US3983580,2014,E85,0
West Jefferson,M100000US3983580,2015,E85,0
West Jefferson,M100000US3983580,2016.0,E85,0.0
West Jefferson,M100000US3983580,2017,E85,0
West Jefferson,M100000US3983580,2018,E85,0
West Jefferson,M100000US3983580,2019,E85,0
West Jefferson,M100000US3983580,2020,E85,0
West Jefferson,M100000US3983580,2021,E85,0
West Jefferson,M100000US3983580,2022,E85,0
West Jefferson,M100000US3983580,2023,E85,0
West Jefferson,M100000US3983580,2024,E85,0
West Jefferson,M100000US3983580,2025,E85,0
Westerville,M100000US3983342,1999,E85,0
Westerville,M100000US3983342,2000,E85,0
Westerville,M100000US3983342,2001,E85,0
Westerville,M100000US3983342,2002,E85,0
Westerville,M100000US3983342,2003,E85,0
Westerville,M100000US3983342,2004,E85,0
Westerville,M100000US3983342,2005,E85,0
Westerville,M100000US3983342,2006,E85,0
Westerville,M100000US3983342,2007,E85,0
Westerville,M100000US3983342,2008,E85,0
Westerville,M100000US3983342,2009,E85,0
Westerville,M100000US3983342,2010,E85,0
Westerville,M100000US3983342,2011,E85,0
Westerville,M100000US3983342,2012,E85,0
Westerville,M100000US3983342,2013,E85,0
Westerville,M100000US3983342,2014,E85,0
Westerville,M100000US3983342,2015,E85,0
Westerville,M100000US3983342,2016,E85,0
Westerville,M100000US3983342,2017,E85,0
Westerville,M100000US3983342,2018,E85,0
Westerville,M100000US3983342,2019.0,E85,0.0
Westerville,M100000US3983342,2020.0,E85,0.0
Westerville,M100000US3983342,2021.0,E85,0.0
Westerville,M100000US3983342,2022.0,E85,0.0
Westerville,M100000US3983342,2023,E85,0
Westerville,M100000US3983342,2024.0,E85,0.0
Westerville,M100000US3983342,2025,E85,0
Whitehall,M100000US3984742,1999,E85,0
Whitehall,M100000US3984742,2000,E85,0
Whitehall,M100000US3984742,2001,E85,0
Whitehall,M100000US3984742,2002,E85,0
Whitehall,M100000US3984742,2003,E85,0
Whitehall,M100000US3984742,2004,E85,0
Whitehall,M100000US3984742,2005,E85,0
Whitehall,M100000US3984742,2006,E85,0
Whitehall,M100000US3984742,2007,E85,0
Whitehall,M100000US3984742,2008,E85,0
Whitehall,M100000US3984742,2009,E85,0
Whitehall,M100000US3984742,2010,E85,0
Whitehall,M100000US3984742,2011,E85,0
Whitehall,M100000US3984742,2012,E85,0
Whitehall,M100000US3984742,2013,E85,0
Whitehall,M100000US3984742,2014,E85,0
Whitehall,M100000US3984742,2015.0,E85,0.0
Whitehall,M100000US3984742,2016,E85,0
Whitehall,M100000US3984742,2017,E85,0
Whitehall,M100000US3984742,2018,E85,0
Whitehall,M100000US3984742,2019.0,E85,0.0
Whitehall,M100000US3984742,2020,E85,0
Whitehall,M100000US3984742,2021.0,E85,0.0
Whitehall,M100000US3984742,2022,E85,0
Whitehall,M100000US3984742,2023,E85,0
Whitehall,M100000US3984742,2024.0,E85,0.0
Whitehall,M100000US3984742,2025.0,E85,0.0
Worthington,M100000US3986604,1999,E85,0
Worthington,M100000US3986604,2000,E85,0
Worthington,M100000US3986604,2001,E85,0
Worthington,M100000US3986604,2002,E85,0
Worthington,M100000US3986604,2003,E85,0
Worthington,M100000US3986604,2004,E85,0
Worthington,M100000US3986604,2005,E85,0
Worthington,M100000US3986604,2006,E85,0
Worthington,M100000US3986604,2007,E85,0
Worthington,M100000US3986604,2008,E85,0
Worthington,M100000US3986604,2009,E85,0
Worthington,M100000US3986604,2010,E85,0
Worthington,M100000US3986604,2011,E85,0
Worthington,M100000US3986604,2012,E85,0
Worthington,M100000US3986604,2013,E85,0
Worthington,M100000US3986604,2014,E85,0
Worthington,M100000US3986604,2015,E85,0
Worthington,M100000US3986604,2016,E85,0
Worthington,M100000US3986604,2017,E85,0
Worthington,M100000US3986604,2018,E85,0
Worthington,M100000US3986604,2019,E85,0
Worthington,M100000US3986604,2020.0,E85,0.0
Worthington,M100000US3986604,2021.0,E85,0.0
Worthington,M100000US3986604,2022.0,E85,0.0
Worthington,M100000US3986604,2023.0,E85,0.0
Worthington,M100000US3986604,2024.0,E85,0.0
Worthington,M100000US3986604,2025,E85,0
Allen,M100000US391590133699999,1999,ELEC,0
Allen,M100000US391590133699999,2000,ELEC,0
Allen,M100000US391590133699999,2001,ELEC,0
Allen,M100000US391590133699999,2002,ELEC,0
Allen,M100000US391590133699999,2003,ELEC,0
Allen,M100000US391590133699999,2004,ELEC,0
Allen,M100000US391590133699999,2005,ELEC,0
Allen,M100000US391590133699999,2006,ELEC,0
Allen,M100000US391590133699999,2007,ELEC,0
Allen,M100000US391590133699999,2008,ELEC,0
Allen,M100000US391590133699999,2009,ELEC,0
Allen,M100000US391590133699999,2010,ELEC,0
Allen,M100000US391590133699999,2011,ELEC,0
Allen,M100000US391590133699999,2012,ELEC,0
Allen,M100000US391590133699999,2013,ELEC,0
Allen,M100000US391590133699999,2014,ELEC,0
Allen,M100000US391590133699999,2015.0,ELEC,0.0
Allen,M100000US391590133699999,2016,ELEC,0
Allen,M100000US391590133699999,2017,ELEC,0
Allen,M100000US391590133699999,2018,ELEC,0
Allen,M100000US391590133699999,2019,ELEC,0
Allen,M100000US391590133699999,2020,ELEC,0
Allen,M100000US391590133699999,2021,ELEC,0
Allen,M100000US391590133699999,2022,ELEC,0
Allen,M100000US391590133699999,2023,ELEC,0
Allen,M100000US391590133699999,2024.0,ELEC,4.0
Allen,M100000US391590133699999,2025,ELEC,0
Ashville,M100000US3902680,1999,ELEC,0
Ashville,M100000US3902680,2000,ELEC,0
Ashville,M100000US3902680,2001,ELEC,0
Ashville,M100000US3902680,2002,ELEC,0
Ashville,M100000US3902680,2003,ELEC,0
Ashville,M100000US3902680,2004,ELEC,0
Ashville,M100000US3902680,2005,ELEC,0
Ashville,M100000US3902680,2006,ELEC,0
Ashville,M100000US3902680,2007,ELEC,0
Ashville,M100000US3902680,2008,ELEC,0
Ashville,M100000US3902680,2009,ELEC,0
Ashville,M100000US3902680,2010,ELEC,0
Ashville,M100000US3902680,2011,ELEC,0
Ashville,M100000US3902680,2012,ELEC,0
Ashville,M100000US3902680,2013,ELEC,0
Ashville,M100000US3902680,2014,ELEC,0
Ashville,M100000US3902680,2015,ELEC,0
Ashville,M100000US3902680,2016,ELEC,0
Ashville,M100000US3902680,2017,ELEC,0
Ashville,M100000US3902680,2018,ELEC,0
Ashville,M100000US3902680,2019,ELEC,0
Ashville,M100000US3902680,2020,ELEC,0
Ashville,M100000US3902680,2021,ELEC,0
Ashville,M100000US3902680,2022,ELEC,0
Ashville,M100000US3902680,2023,ELEC,0
Ashville,M100000US3902680,2024.0,ELEC,1.0
Ashville,M100000US3902680,2025,ELEC,0
Bellefontaine,M100000US3905130,1999,ELEC,0
Bellefontaine,M100000US3905130,2000,ELEC,0
Bellefontaine,M100000US3905130,2001,ELEC,0
Bellefontaine,M100000US3905130,2002,ELEC,0
Bellefontaine,M100000US3905130,2003,ELEC,0
Bellefontaine,M100000US3905130,2004,ELEC,0
Bellefontaine,M100000US3905130,2005,ELEC,0
Bellefontaine,M100000US3905130,2006,ELEC,0
Bellefontaine,M100000US3905130,2007,ELEC,0
Bellefontaine,M100000US3905130,2008,ELEC,0
Bellefontaine,M100000US3905130,2009,ELEC,0
Bellefontaine,M100000US3905130,2010,ELEC,0
Bellefontaine,M100000US3905130,2011,ELEC,0
Bellefontaine,M100000US3905130,2012,ELEC,0
Bellefontaine,M100000US3905130,2013,ELEC,0
Bellefontaine,M100000US3905130,2014.0,ELEC,1.0
Bellefontaine,M100000US3905130,2015,ELEC,0
Bellefontaine,M100000US3905130,2016,ELEC,0
Bellefontaine,M100000US3905130,2017,ELEC,0
Bellefontaine,M100000US3905130,2018,ELEC,0
Bellefontaine,M100000US3905130,2019,ELEC,0
Bellefontaine,M100000US3905130,2020.0,ELEC,0.0
Bellefontaine,M100000US3905130,2021,ELEC,0
Bellefontaine,M100000US3905130,2022,ELEC,0
Bellefontaine,M100000US3905130,2023,ELEC,0
Bellefontaine,M100000US3905130,2024,ELEC,0
Bellefontaine,M100000US3905130,2025,ELEC,0
Bennington,M100000US391170550899999,1999,ELEC,0
Bennington,M100000US391170550899999,2000,ELEC,0
Bennington,M100000US391170550899999,2001,ELEC,0
Bennington,M100000US391170550899999,2002,ELEC,0
Bennington,M100000US391170550899999,2003,ELEC,0
Bennington,M100000US391170550899999,2004,ELEC,0
Bennington,M100000US391170550899999,2005,ELEC,0
Bennington,M100000US391170550899999,2006,ELEC,0
Bennington,M100000US391170550899999,2007,ELEC,0
Bennington,M100000US391170550899999,2008,ELEC,0
Bennington,M100000US391170550899999,2009,ELEC,0
Bennington,M100000US391170550899999,2010,ELEC,0
Bennington,M100000US391170550899999,2011,ELEC,0
Bennington,M100000US391170550899999,2012,ELEC,0
Bennington,M100000US391170550899999,2013,ELEC,0
Bennington,M100000US391170550899999,2014,ELEC,0
Bennington,M100000US391170550899999,2015.0,ELEC,0.0
Bennington,M100000US391170550899999,2016,ELEC,0
Bennington,M100000US391170550899999,2017,ELEC,0
Bennington,M100000US391170550899999,2018,ELEC,0
Bennington,M100000US391170550899999,2019,ELEC,0
Bennington,M100000US391170550899999,2020,ELEC,0
Bennington,M100000US391170550899999,2021,ELEC,0
Bennington,M100000US391170550899999,2022,ELEC,0
Bennington,M100000US391170550899999,2023,ELEC,0
Bennington,M100000US391170550899999,2024.0,ELEC,1.0
Bennington,M100000US391170550899999,2025,ELEC,0
Benton,M100000US390730557899999,1999,ELEC,0
Benton,M100000US390730557899999,2000,ELEC,0
Benton,M100000US390730557899999,2001,ELEC,0
Benton,M100000US390730557899999,2002,ELEC,0
Benton,M100000US390730557899999,2003,ELEC,0
Benton,M100000US390730557899999,2004,ELEC,0
Benton,M100000US390730557899999,2005,ELEC,0
Benton,M100000US390730557899999,2006,ELEC,0
Benton,M100000US390730557899999,2007,ELEC,0
Benton,M100000US390730557899999,2008,ELEC,0
Benton,M100000US390730557899999,2009,ELEC,0
Benton,M100000US390730557899999,2010,ELEC,0
Benton,M100000US390730557899999,2011,ELEC,0
Benton,M100000US390730557899999,2012,ELEC,0
Benton,M100000US390730557899999,2013,ELEC,0
Benton,M100000US390730557899999,2014,ELEC,0
Benton,M100000US390730557899999,2015.0,ELEC,1.0
Benton,M100000US390730557899999,2016,ELEC,0
Benton,M100000US390730557899999,2017,ELEC,0
Benton,M100000US390730557899999,2018,ELEC,0
Benton,M100000US390730557899999,2019,ELEC,0
Benton,M100000US390730557899999,2020,ELEC,0
Benton,M100000US390730557899999,2021.0,ELEC,1.0
Benton,M100000US390730557899999,2022.0,ELEC,3.0
Benton,M100000US390730557899999,2023,ELEC,0
Benton,M100000US390730557899999,2024,ELEC,0
Benton,M100000US390730557899999,2025,ELEC,0
Berkshire,M100000US390410577499999,1999,ELEC,0
Berkshire,M100000US390410577499999,2000,ELEC,0
Berkshire,M100000US390410577499999,2001,ELEC,0
Berkshire,M100000US390410577499999,2002,ELEC,0
Berkshire,M100000US390410577499999,2003,ELEC,0
Berkshire,M100000US390410577499999,2004,ELEC,0
Berkshire,M100000US390410577499999,2005,ELEC,0
Berkshire,M100000US390410577499999,2006,ELEC,0
Berkshire,M100000US390410577499999,2007,ELEC,0
Berkshire,M100000US390410577499999,2008,ELEC,0
Berkshire,M100000US390410577499999,2009,ELEC,0
Berkshire,M100000US390410577499999,2010,ELEC,0
Berkshire,M100000US390410577499999,2011,ELEC,0
Berkshire,M100000US390410577499999,2012,ELEC,0
Berkshire,M100000US390410577499999,2013,ELEC,0
Berkshire,M100000US390410577499999,2014,ELEC,0
Berkshire,M100000US390410577499999,2015,ELEC,0
Berkshire,M100000US390410577499999,2016.0,ELEC,1.0
Berkshire,M100000US390410577499999,2017,ELEC,0
Berkshire,M100000US390410577499999,2018,ELEC,0
Berkshire,M100000US390410577499999,2019,ELEC,0
Berkshire,M100000US390410577499999,2020.0,ELEC,1.0
Berkshire,M100000US390410577499999,2021,ELEC,0
Berkshire,M100000US390410577499999,2022,ELEC,0
Berkshire,M100000US390410577499999,2023,ELEC,0
Berkshire,M100000US390410577499999,2024.0,ELEC,1.0
Berkshire,M100000US390410577499999,2025,ELEC,0
Berlin,M100000US390410578899999,1999,ELEC,0
Berlin,M100000US390410578899999,2000,ELEC,0
Berlin,M100000US390410578899999,2001,ELEC,0
Berlin,M100000US390410578899999,2002,ELEC,0
Berlin,M100000US390410578899999,2003,ELEC,0
Berlin,M100000US390410578899999,2004,ELEC,0
Berlin,M100000US390410578899999,2005,ELEC,0
Berlin,M100000US390410578899999,2006,ELEC,0
Berlin,M100000US390410578899999,2007,ELEC,0
Berlin,M100000US390410578899999,2008,ELEC,0
Berlin,M100000US390410578899999,2009,ELEC,0
Berlin,M100000US390410578899999,2010,ELEC,0
Berlin,M100000US390410578899999,2011,ELEC,0
Berlin,M100000US390410578899999,2012,ELEC,0
Berlin,M100000US390410578899999,2013,ELEC,0
Berlin,M100000US390410578899999,2014,ELEC,0
Berlin,M100000US390410578899999,2015,ELEC,0
Berlin,M100000US390410578899999,2016,ELEC,0
Berlin,M100000US390410578899999,2017,ELEC,0
Berlin,M100000US390410578899999,2018,ELEC,0
Berlin,M100000US390410578899999,2019,ELEC,0
Berlin,M100000US390410578899999,2020,ELEC,0
Berlin,M100000US390410578899999,2021.0,ELEC,0.0
Berlin,M100000US390410578899999,2022.0,ELEC,2.0
Berlin,M100000US390410578899999,2023,ELEC,0
Berlin,M100000US390410578899999,2024,ELEC,0
Berlin,M100000US390410578899999,2025,ELEC,0
Berne,M100000US390450595699999,1999,ELEC,0
Berne,M100000US390450595699999,2000,ELEC,0
Berne,M100000US390450595699999,2001,ELEC,0
Berne,M100000US390450595699999,2002,ELEC,0
Berne,M100000US390450595699999,2003,ELEC,0
Berne,M100000US390450595699999,2004,ELEC,0
Berne,M100000US390450595699999,2005,ELEC,0
Berne,M100000US390450595699999,2006,ELEC,0
Berne,M100000US390450595699999,2007,ELEC,0
Berne,M100000US390450595699999,2008,ELEC,0
Berne,M100000US390450595699999,2009,ELEC,0
Berne,M100000US390450595699999,2010,ELEC,0
Berne,M100000US390450595699999,2011,ELEC,0
Berne,M100000US390450595699999,2012,ELEC,0
Berne,M100000US390450595699999,2013,ELEC,0
Berne,M100000US390450595699999,2014,ELEC,0
Berne,M100000US390450595699999,2015,ELEC,0
Berne,M100000US390450595699999,2016,ELEC,0
Berne,M100000US390450595699999,2017,ELEC,0
Berne,M100000US390450595699999,2018,ELEC,0
Berne,M100000US390450595699999,2019,ELEC,0
Berne,M100000US390450595699999,2020,ELEC,0
Berne,M100000US390450595699999,2021,ELEC,0
Berne,M100000US390450595699999,2022,ELEC,0
Berne,M100000US390450595699999,2023.0,ELEC,1.0
Berne,M100000US390450595699999,2024,ELEC,0
Berne,M100000US390450595699999,2025,ELEC,0
Bexley,M100000US3906278,1999,ELEC,0
Bexley,M100000US3906278,2000,ELEC,0
Bexley,M100000US3906278,2001,ELEC,0
Bexley,M100000US3906278,2002,ELEC,0
Bexley,M100000US3906278,2003,ELEC,0
Bexley,M100000US3906278,2004,ELEC,0
Bexley,M100000US3906278,2005,ELEC,0
Bexley,M100000US3906278,2006,ELEC,0
Bexley,M100000US3906278,2007,ELEC,0
Bexley,M100000US3906278,2008,ELEC,0
Bexley,M100000US3906278,2009,ELEC,0
Bexley,M100000US3906278,2010,ELEC,0
Bexley,M100000US3906278,2011,ELEC,0
Bexley,M100000US3906278,2012,ELEC,0
Bexley,M100000US3906278,2013,ELEC,0
Bexley,M100000US3906278,2014,ELEC,0
Bexley,M100000US3906278,2015.0,ELEC,1.0
Bexley,M100000US3906278,2016,ELEC,0
Bexley,M100000US3906278,2017.0,ELEC,1.0
Bexley,M100000US3906278,2018,ELEC,0
Bexley,M100000US3906278,2019,ELEC,0
Bexley,M100000US3906278,2020.0,ELEC,2.0
Bexley,M100000US3906278,2021,ELEC,0
Bexley,M100000US3906278,2022,ELEC,0
Bexley,M100000US3906278,2023,ELEC,0
Bexley,M100000US3906278,2024.0,ELEC,2.0
Bexley,M100000US3906278,2025,ELEC,0
Big Island,M100000US391010634899999,1999,ELEC,0
Big Island,M100000US391010634899999,2000,ELEC,0
Big Island,M100000US391010634899999,2001,ELEC,0
Big Island,M100000US391010634899999,2002,ELEC,0
Big Island,M100000US391010634899999,2003,ELEC,0
Big Island,M100000US391010634899999,2004,ELEC,0
Big Island,M100000US391010634899999,2005,ELEC,0
Big Island,M100000US391010634899999,2006,ELEC,0
Big Island,M100000US391010634899999,2007,ELEC,0
Big Island,M100000US391010634899999,2008,ELEC,0
Big Island,M100000US391010634899999,2009,ELEC,0
Big Island,M100000US391010634899999,2010,ELEC,0
Big Island,M100000US391010634899999,2011,ELEC,0
Big Island,M100000US391010634899999,2012,ELEC,0
Big Island,M100000US391010634899999,2013,ELEC,0
Big Island,M100000US391010634899999,2014,ELEC,0
Big Island,M100000US391010634899999,2015,ELEC,0
Big Island,M100000US391010634899999,2016,ELEC,0
Big Island,M100000US391010634899999,2017,ELEC,0
Big Island,M100000US391010634899999,2018,ELEC,0
Big Island,M100000US391010634899999,2019,ELEC,0
Big Island,M100000US391010634899999,2020,ELEC,0
Big Island,M100000US391010634899999,2021,ELEC,0
Big Island,M100000US391010634899999,2022.0,ELEC,1.0
Big Island,M100000US391010634899999,2023,ELEC,0
Big Island,M100000US391010634899999,2024,ELEC,0
Big Island,M100000US391010634899999,2025,ELEC,0
Blendon,M100000US390490692299999,1999.0,ELEC,0.0
Blendon,M100000US390490692299999,2000.0,ELEC,0.0
Blendon,M100000US390490692299999,2001,ELEC,0
Blendon,M100000US390490692299999,2002,ELEC,0
Blendon,M100000US390490692299999,2003,ELEC,0
Blendon,M100000US390490692299999,2004,ELEC,0
Blendon,M100000US390490692299999,2005,ELEC,0
Blendon,M100000US390490692299999,2006,ELEC,0
Blendon,M100000US390490692299999,2007,ELEC,0
Blendon,M100000US390490692299999,2008,ELEC,0
Blendon,M100000US390490692299999,2009,ELEC,0
Blendon,M100000US390490692299999,2010,ELEC,0
Blendon,M100000US390490692299999,2011,ELEC,0
Blendon,M100000US390490692299999,2012,ELEC,0
Blendon,M100000US390490692299999,2013.0,ELEC,0.0
Blendon,M100000US390490692299999,2014,ELEC,0
Blendon,M100000US390490692299999,2015,ELEC,0
Blendon,M100000US390490692299999,2016,ELEC,0
Blendon,M100000US390490692299999,2017,ELEC,0
Blendon,M100000US390490692299999,2018,ELEC,0
Blendon,M100000US390490692299999,2019,ELEC,0
Blendon,M100000US390490692299999,2020,ELEC,0
Blendon,M100000US390490692299999,2021,ELEC,0
Blendon,M100000US390490692299999,2022,ELEC,0
Blendon,M100000US390490692299999,2023,ELEC,0
Blendon,M100000US390490692299999,2024,ELEC,0
Blendon,M100000US390490692299999,2025,ELEC,0
Brown,M100000US390410942899999,1999,ELEC,0
Brown,M100000US390490944299999,1999,ELEC,0
Brown,M100000US390410942899999,2000,ELEC,0
Brown,M100000US390490944299999,2000,ELEC,0
Brown,M100000US390410942899999,2001,ELEC,0
Brown,M100000US390490944299999,2001,ELEC,0
Brown,M100000US390410942899999,2002,ELEC,0
Brown,M100000US390490944299999,2002,ELEC,0
Brown,M100000US390410942899999,2003,ELEC,0
Brown,M100000US390490944299999,2003,ELEC,0
Brown,M100000US390410942899999,2004,ELEC,0
Brown,M100000US390490944299999,2004,ELEC,0
Brown,M100000US390410942899999,2005,ELEC,0
Brown,M100000US390490944299999,2005,ELEC,0
Brown,M100000US390410942899999,2006,ELEC,0
Brown,M100000US390490944299999,2006,ELEC,0
Brown,M100000US390410942899999,2007,ELEC,0
Brown,M100000US390490944299999,2007,ELEC,0
Brown,M100000US390410942899999,2008,ELEC,0
Brown,M100000US390490944299999,2008,ELEC,0
Brown,M100000US390410942899999,2009,ELEC,0
Brown,M100000US390490944299999,2009,ELEC,0
Brown,M100000US390410942899999,2010,ELEC,0
Brown,M100000US390490944299999,2010,ELEC,0
Brown,M100000US390410942899999,2011.0,ELEC,0.0
Brown,M100000US390490944299999,2011.0,ELEC,0.0
Brown,M100000US390410942899999,2012,ELEC,0
Brown,M100000US390490944299999,2012,ELEC,0
Brown,M100000US390410942899999,2013,ELEC,0
Brown,M100000US390490944299999,2013,ELEC,0
Brown,M100000US390410942899999,2014,ELEC,0
Brown,M100000US390490944299999,2014,ELEC,0
Brown,M100000US390410942899999,2015,ELEC,0
Brown,M100000US390490944299999,2015,ELEC,0
Brown,M100000US390410942899999,2016,ELEC,0
Brown,M100000US390490944299999,2016,ELEC,0
Brown,M100000US390410942899999,2017,ELEC,0
Brown,M100000US390490944299999,2017,ELEC,0
Brown,M100000US390410942899999,2018,ELEC,0
Brown,M100000US390490944299999,2018,ELEC,0
Brown,M100000US390410942899999,2019,ELEC,0
Brown,M100000US390490944299999,2019,ELEC,0
Brown,M100000US390410942899999,2020,ELEC,0
Brown,M100000US390490944299999,2020,ELEC,0
Brown,M100000US390410942899999,2021,ELEC,0
Brown,M100000US390490944299999,2021,ELEC,0
Brown,M100000US390410942899999,2022.0,ELEC,1.0
Brown,M100000US390490944299999,2022.0,ELEC,1.0
Brown,M100000US390410942899999,2023,ELEC,0
Brown,M100000US390490944299999,2023,ELEC,0
Brown,M100000US390410942899999,2024,ELEC,0
Brown,M100000US390490944299999,2024,ELEC,0
Brown,M100000US390410942899999,2025,ELEC,0
Brown,M100000US390490944299999,2025,ELEC,0
Butler,M100000US390831059099999,1999,ELEC,0
Butler,M100000US390831059099999,2000,ELEC,0
Butler,M100000US390831059099999,2001,ELEC,0
Butler,M100000US390831059099999,2002,ELEC,0
Butler,M100000US390831059099999,2003,ELEC,0
Butler,M100000US390831059099999,2004,ELEC,0
Butler,M100000US390831059099999,2005,ELEC,0
Butler,M100000US390831059099999,2006,ELEC,0
Butler,M100000US390831059099999,2007,ELEC,0
Butler,M100000US390831059099999,2008,ELEC,0
Butler,M100000US390831059099999,2009,ELEC,0
Butler,M100000US390831059099999,2010,ELEC,0
Butler,M100000US390831059099999,2011,ELEC,0
Butler,M100000US390831059099999,2012,ELEC,0
Butler,M100000US390831059099999,2013,ELEC,0
Butler,M100000US390831059099999,2014,ELEC,0
Butler,M100000US390831059099999,2015.0,ELEC,1.0
Butler,M100000US390831059099999,2016,ELEC,0
Butler,M100000US390831059099999,2017,ELEC,0
Butler,M100000US390831059099999,2018,ELEC,0
Butler,M100000US390831059099999,2019,ELEC,0
Butler,M100000US390831059099999,2020,ELEC,0
Butler,M100000US390831059099999,2021,ELEC,0
Butler,M100000US390831059099999,2022,ELEC,0
Butler,M100000US390831059099999,2023,ELEC,0
Butler,M100000US390831059099999,2024,ELEC,0
Butler,M100000US390831059099999,2025,ELEC,0
Canaan,M100000US390971123499999,1999,ELEC,0
Canaan,M100000US390971123499999,2000,ELEC,0
Canaan,M100000US390971123499999,2001,ELEC,0
Canaan,M100000US390971123499999,2002,ELEC,0
Canaan,M100000US390971123499999,2003,ELEC,0
Canaan,M100000US390971123499999,2004,ELEC,0
Canaan,M100000US390971123499999,2005,ELEC,0
Canaan,M100000US390971123499999,2006,ELEC,0
Canaan,M100000US390971123499999,2007,ELEC,0
Canaan,M100000US390971123499999,2008,ELEC,0
Canaan,M100000US390971123499999,2009,ELEC,0
Canaan,M100000US390971123499999,2010,ELEC,0
Canaan,M100000US390971123499999,2011,ELEC,0
Canaan,M100000US390971123499999,2012,ELEC,0
Canaan,M100000US390971123499999,2013,ELEC,0
Canaan,M100000US390971123499999,2014,ELEC,0
Canaan,M100000US390971123499999,2015,ELEC,0
Canaan,M100000US390971123499999,2016,ELEC,0
Canaan,M100000US390971123499999,2017,ELEC,0
Canaan,M100000US390971123499999,2018,ELEC,0
Canaan,M100000US390971123499999,2019.0,ELEC,1.0
Canaan,M100000US390971123499999,2020,ELEC,0
Canaan,M100000US390971123499999,2021.0,ELEC,1.0
Canaan,M100000US390971123499999,2022,ELEC,0
Canaan,M100000US390971123499999,2023,ELEC,0
Canaan,M100000US390971123499999,2024,ELEC,0
Canaan,M100000US390971123499999,2025,ELEC,0
Canal Winchester,M100000US3911332,1999,ELEC,0
Canal Winchester,M100000US3911332,2000,ELEC,0
Canal Winchester,M100000US3911332,2001,ELEC,0
Canal Winchester,M100000US3911332,2002,ELEC,0
Canal Winchester,M100000US3911332,2003,ELEC,0
Canal Winchester,M100000US3911332,2004,ELEC,0
Canal Winchester,M100000US3911332,2005,ELEC,0
Canal Winchester,M100000US3911332,2006,ELEC,0
Canal Winchester,M100000US3911332,2007,ELEC,0
Canal Winchester,M100000US3911332,2008.0,ELEC,0.0
Canal Winchester,M100000US3911332,2009,ELEC,0
Canal Winchester,M100000US3911332,2010,ELEC,0
Canal Winchester,M100000US3911332,2011,ELEC,0
Canal Winchester,M100000US3911332,2012.0,ELEC,0.0
Canal Winchester,M100000US3911332,2013,ELEC,0
Canal Winchester,M100000US3911332,2014,ELEC,0
Canal Winchester,M100000US3911332,2015,ELEC,0
Canal Winchester,M100000US3911332,2016,ELEC,0
Canal Winchester,M100000US3911332,2017,ELEC,0
Canal Winchester,M100000US3911332,2018,ELEC,0
Canal Winchester,M100000US3911332,2019,ELEC,0
Canal Winchester,M100000US3911332,2020.0,ELEC,1.0
Canal Winchester,M100000US3911332,2021.0,ELEC,2.0
Canal Winchester,M100000US3911332,2022,ELEC,0
Canal Winchester,M100000US3911332,2023,ELEC,0
Canal Winchester,M100000US3911332,2024.0,ELEC,1.0
Canal Winchester,M100000US3911332,2025,ELEC,0
Chester,M100000US391171403099999,1999,ELEC,0
Chester,M100000US391171403099999,2000,ELEC,0
Chester,M100000US391171403099999,2001,ELEC,0
Chester,M100000US391171403099999,2002,ELEC,0
Chester,M100000US391171403099999,2003,ELEC,0
Chester,M100000US391171403099999,2004,ELEC,0
Chester,M100000US391171403099999,2005,ELEC,0
Chester,M100000US391171403099999,2006,ELEC,0
Chester,M100000US391171403099999,2007,ELEC,0
Chester,M100000US391171403099999,2008,ELEC,0
Chester,M100000US391171403099999,2009,ELEC,0
Chester,M100000US391171403099999,2010,ELEC,0
Chester,M100000US391171403099999,2011,ELEC,0
Chester,M100000US391171403099999,2012,ELEC,0
Chester,M100000US391171403099999,2013,ELEC,0
Chester,M100000US391171403099999,2014,ELEC,0
Chester,M100000US391171403099999,2015,ELEC,0
Chester,M100000US391171403099999,2016.0,ELEC,1.0
Chester,M100000US391171403099999,2017,ELEC,0
Chester,M100000US391171403099999,2018,ELEC,0
Chester,M100000US391171403099999,2019,ELEC,0
Chester,M100000US391171403099999,2020,ELEC,0
Chester,M100000US391171403099999,2021,ELEC,0
Chester,M100000US391171403099999,2022,ELEC,0
Chester,M100000US391171403099999,2023,ELEC,0
Chester,M100000US391171403099999,2024,ELEC,0
Chester,M100000US391171403099999,2025,ELEC,0
Chillicothe,M100000US3914184,1999,ELEC,0
Chillicothe,M100000US3914184,2000,ELEC,0
Chillicothe,M100000US3914184,2001,ELEC,0
Chillicothe,M100000US3914184,2002,ELEC,0
Chillicothe,M100000US3914184,2003,ELEC,0
Chillicothe,M100000US3914184,2004,ELEC,0
Chillicothe,M100000US3914184,2005,ELEC,0
Chillicothe,M100000US3914184,2006,ELEC,0
Chillicothe,M100000US3914184,2007,ELEC,0
Chillicothe,M100000US3914184,2008,ELEC,0
Chillicothe,M100000US3914184,2009,ELEC,0
Chillicothe,M100000US3914184,2010,ELEC,0
Chillicothe,M100000US3914184,2011,ELEC,0
Chillicothe,M100000US3914184,2012,ELEC,0
Chillicothe,M100000US3914184,2013,ELEC,0
Chillicothe,M100000US3914184,2014,ELEC,0
Chillicothe,M100000US3914184,2015,ELEC,0
Chillicothe,M100000US3914184,2016.0,ELEC,0.0
Chillicothe,M100000US3914184,2017,ELEC,0
Chillicothe,M100000US3914184,2018,ELEC,0
Chillicothe,M100000US3914184,2019,ELEC,0
Chillicothe,M100000US3914184,2020.0,ELEC,3.0
Chillicothe,M100000US3914184,2021,ELEC,0
Chillicothe,M100000US3914184,2022.0,ELEC,2.0
Chillicothe,M100000US3914184,2023,ELEC,0
Chillicothe,M100000US3914184,2024.0,ELEC,2.0
Chillicothe,M100000US3914184,2025,ELEC,0
Circleville,M100000US3915070,1999,ELEC,0
Circleville,M100000US3915070,2000,ELEC,0
Circleville,M100000US3915070,2001,ELEC,0
Circleville,M100000US3915070,2002,ELEC,0
Circleville,M100000US3915070,2003,ELEC,0
Circleville,M100000US3915070,2004,ELEC,0
Circleville,M100000US3915070,2005,ELEC,0
Circleville,M100000US3915070,2006,ELEC,0
Circleville,M100000US3915070,2007,ELEC,0
Circleville,M100000US3915070,2008,ELEC,0
Circleville,M100000US3915070,2009,ELEC,0
Circleville,M100000US3915070,2010,ELEC,0
Circleville,M100000US3915070,2011,ELEC,0
Circleville,M100000US3915070,2012,ELEC,0
Circleville,M100000US3915070,2013,ELEC,0
Circleville,M100000US3915070,2014,ELEC,0
Circleville,M100000US3915070,2015,ELEC,0
Circleville,M100000US3915070,2016,ELEC,0
Circleville,M100000US3915070,2017,ELEC,0
Circleville,M100000US3915070,2018,ELEC,0
Circleville,M100000US3915070,2019,ELEC,0
Circleville,M100000US3915070,2020,ELEC,0
Circleville,M100000US3915070,2021,ELEC,0
Circleville,M100000US3915070,2022.0,ELEC,2.0
Circleville,M100000US3915070,2023.0,ELEC,2.0
Circleville,M100000US3915070,2024,ELEC,0
Circleville,M100000US3915070,2025,ELEC,0
Claridon,M100000US391011519699999,1999,ELEC,0
Claridon,M100000US391011519699999,2000,ELEC,0
Claridon,M100000US391011519699999,2001,ELEC,0
Claridon,M100000US391011519699999,2002,ELEC,0
Claridon,M100000US391011519699999,2003,ELEC,0
Claridon,M100000US391011519699999,2004,ELEC,0
Claridon,M100000US391011519699999,2005,ELEC,0
Claridon,M100000US391011519699999,2006,ELEC,0
Claridon,M100000US391011519699999,2007.0,ELEC,0.0
Claridon,M100000US391011519699999,2008,ELEC,0
Claridon,M100000US391011519699999,2009,ELEC,0
Claridon,M100000US391011519699999,2010,ELEC,0
Claridon,M100000US391011519699999,2011,ELEC,0
Claridon,M100000US391011519699999,2012,ELEC,0
Claridon,M100000US391011519699999,2013,ELEC,0
Claridon,M100000US391011519699999,2014,ELEC,0
Claridon,M100000US391011519699999,2015,ELEC,0
Claridon,M100000US391011519699999,2016,ELEC,0
Claridon,M100000US391011519699999,2017,ELEC,0
Claridon,M100000US391011519699999,2018,ELEC,0
Claridon,M100000US391011519699999,2019,ELEC,0
Claridon,M100000US391011519699999,2020,ELEC,0
Claridon,M100000US391011519699999,2021,ELEC,0
Claridon,M100000US391011519699999,2022,ELEC,0
Claridon,M100000US391011519699999,2023,ELEC,0
Claridon,M100000US391011519699999,2024,ELEC,0
Claridon,M100000US391011519699999,2025,ELEC,0
Clay,M100000US390831550499999,1999,ELEC,0
Clay,M100000US390831550499999,2000,ELEC,0
Clay,M100000US390831550499999,2001,ELEC,0
Clay,M100000US390831550499999,2002,ELEC,0
Clay,M100000US390831550499999,2003,ELEC,0
Clay,M100000US390831550499999,2004,ELEC,0
Clay,M100000US390831550499999,2005,ELEC,0
Clay,M100000US390831550499999,2006,ELEC,0
Clay,M100000US390831550499999,2007,ELEC,0
Clay,M100000US390831550499999,2008,ELEC,0
Clay,M100000US390831550499999,2009,ELEC,0
Clay,M100000US390831550499999,2010,ELEC,0
Clay,M100000US390831550499999,2011,ELEC,0
Clay,M100000US390831550499999,2012,ELEC,0
Clay,M100000US390831550499999,2013,ELEC,0
Clay,M100000US390831550499999,2014,ELEC,0
Clay,M100000US390831550499999,2015,ELEC,0
Clay,M100000US390831550499999,2016,ELEC,0
Clay,M100000US390831550499999,2017,ELEC,0
Clay,M100000US390831550499999,2018,ELEC,0
Clay,M100000US390831550499999,2019,ELEC,0
Clay,M100000US390831550499999,2020,ELEC,0
Clay,M100000US390831550499999,2021,ELEC,0
Clay,M100000US390831550499999,2022,ELEC,0
Clay,M100000US390831550499999,2023.0,ELEC,1.0
Clay,M100000US390831550499999,2024,ELEC,0
Clay,M100000US390831550499999,2025,ELEC,0
Clinton,M100000US390491611299999,1999,ELEC,0
Clinton,M100000US390491611299999,2000,ELEC,0
Clinton,M100000US390491611299999,2001,ELEC,0
Clinton,M100000US390491611299999,2002,ELEC,0
Clinton,M100000US390491611299999,2003,ELEC,0
Clinton,M100000US390491611299999,2004,ELEC,0
Clinton,M100000US390491611299999,2005,ELEC,0
Clinton,M100000US390491611299999,2006,ELEC,0
Clinton,M100000US390491611299999,2007,ELEC,0
Clinton,M100000US390491611299999,2008,ELEC,0
Clinton,M100000US390491611299999,2009,ELEC,0
Clinton,M100000US390491611299999,2010,ELEC,0
Clinton,M100000US390491611299999,2011,ELEC,0
Clinton,M100000US390491611299999,2012,ELEC,0
Clinton,M100000US390491611299999,2013,ELEC,0
Clinton,M100000US390491611299999,2014,ELEC,0
Clinton,M100000US390491611299999,2015,ELEC,0
Clinton,M100000US390491611299999,2016,ELEC,0
Clinton,M100000US390491611299999,2017,ELEC,0
Clinton,M100000US390491611299999,2018,ELEC,0
Clinton,M100000US390491611299999,2019,ELEC,0
Clinton,M100000US390491611299999,2020.0,ELEC,1.0
Clinton,M100000US390491611299999,2021.0,ELEC,1.0
Clinton,M100000US390491611299999,2022,ELEC,0
Clinton,M100000US390491611299999,2023,ELEC,0
Clinton,M100000US390491611299999,2024,ELEC,0
Clinton,M100000US390491611299999,2025,ELEC,0
Columbus,M100000US3918000,1999,ELEC,0
Columbus,M100000US3918000,2000.0,ELEC,0.0
Columbus,M100000US3918000,2001,ELEC,0
Columbus,M100000US3918000,2002,ELEC,0
Columbus,M100000US3918000,2003,ELEC,0
Columbus,M100000US3918000,2004.0,ELEC,0.0
Columbus,M100000US3918000,2005,ELEC,0
Columbus,M100000US3918000,2006.0,ELEC,0.0
Columbus,M100000US3918000,2007,ELEC,0
Columbus,M100000US3918000,2008.0,ELEC,0.0
Columbus,M100000US3918000,2009,ELEC,0
Columbus,M100000US3918000,2010,ELEC,0
Columbus,M100000US3918000,2011.0,ELEC,3.0
Columbus,M100000US3918000,2012.0,ELEC,5.0
Columbus,M100000US3918000,2013.0,ELEC,1.0
Columbus,M100000US3918000,2014.0,ELEC,1.0
Columbus,M100000US3918000,2015.0,ELEC,3.0
Columbus,M100000US3918000,2016.0,ELEC,6.0
Columbus,M100000US3918000,2017.0,ELEC,15.0
Columbus,M100000US3918000,2018.0,ELEC,14.0
Columbus,M100000US3918000,2019.0,ELEC,33.0
Columbus,M100000US3918000,2020.0,ELEC,23.0
Columbus,M100000US3918000,2021.0,ELEC,74.0
Columbus,M100000US3918000,2022.0,ELEC,54.0
Columbus,M100000US3918000,2023.0,ELEC,56.0
Columbus,M100000US3918000,2024.0,ELEC,27.0
Columbus,M100000US3918000,2025.0,ELEC,1.0
Delaware,M100000US3921434,1999,ELEC,0
Delaware,M100000US390412144899999,1999,ELEC,0
Delaware,M100000US3921434,2000,ELEC,0
Delaware,M100000US390412144899999,2000,ELEC,0
Delaware,M100000US3921434,2001,ELEC,0
Delaware,M100000US390412144899999,2001,ELEC,0
Delaware,M100000US3921434,2002,ELEC,0
Delaware,M100000US390412144899999,2002,ELEC,0
Delaware,M100000US3921434,2003,ELEC,0
Delaware,M100000US390412144899999,2003,ELEC,0
Delaware,M100000US3921434,2004,ELEC,0
Delaware,M100000US390412144899999,2004,ELEC,0
Delaware,M100000US3921434,2005,ELEC,0
Delaware,M100000US390412144899999,2005,ELEC,0
Delaware,M100000US3921434,2006,ELEC,0
Delaware,M100000US390412144899999,2006,ELEC,0
Delaware,M100000US3921434,2007,ELEC,0
Delaware,M100000US390412144899999,2007,ELEC,0
Delaware,M100000US3921434,2008,ELEC,0
Delaware,M100000US390412144899999,2008,ELEC,0
Delaware,M100000US3921434,2009,ELEC,0
Delaware,M100000US390412144899999,2009,ELEC,0
Delaware,M100000US3921434,2010,ELEC,0
Delaware,M100000US390412144899999,2010,ELEC,0
Delaware,M100000US3921434,2011.0,ELEC,0.0
Delaware,M100000US390412144899999,2011.0,ELEC,0.0
Delaware,M100000US3921434,2012,ELEC,0
Delaware,M100000US390412144899999,2012,ELEC,0
Delaware,M100000US3921434,2013.0,ELEC,0.0
Delaware,M100000US390412144899999,2013.0,ELEC,0.0
Delaware,M100000US3921434,2014,ELEC,0
Delaware,M100000US390412144899999,2014,ELEC,0
Delaware,M100000US3921434,2015,ELEC,0
Delaware,M100000US390412144899999,2015,ELEC,0
Delaware,M100000US3921434,2016,ELEC,0
Delaware,M100000US390412144899999,2016,ELEC,0
Delaware,M100000US3921434,2017.0,ELEC,0.0
Delaware,M100000US390412144899999,2017.0,ELEC,0.0
Delaware,M100000US3921434,2018,ELEC,0
Delaware,M100000US390412144899999,2018,ELEC,0
Delaware,M100000US3921434,2019.0,ELEC,1.0
Delaware,M100000US390412144899999,2019.0,ELEC,1.0
Delaware,M100000US3921434,2020,ELEC,0
Delaware,M100000US390412144899999,2020,ELEC,0
Delaware,M100000US3921434,2021.0,ELEC,2.0
Delaware,M100000US390412144899999,2021.0,ELEC,2.0
Delaware,M100000US3921434,2022.0,ELEC,1.0
Delaware,M100000US390412144899999,2022.0,ELEC,1.0
Delaware,M100000US3921434,2023.0,ELEC,1.0
Delaware,M100000US390412144899999,2023.0,ELEC,1.0
Delaware,M100000US3921434,2024.0,ELEC,3.0
Delaware,M100000US390412144899999,2024.0,ELEC,3.0
Delaware,M100000US3921434,2025.0,ELEC,1.0
Delaware,M100000US390412144899999,2025.0,ELEC,1.0
Dublin,M100000US3922694,1999,ELEC,0
Dublin,M100000US3922694,2000,ELEC,0
Dublin,M100000US3922694,2001,ELEC,0
Dublin,M100000US3922694,2002,ELEC,0
Dublin,M100000US3922694,2003,ELEC,0
Dublin,M100000US3922694,2004,ELEC,0
Dublin,M100000US3922694,2005,ELEC,0
Dublin,M100000US3922694,2006,ELEC,0
Dublin,M100000US3922694,2007,ELEC,0
Dublin,M100000US3922694,2008,ELEC,0
Dublin,M100000US3922694,2009,ELEC,0
Dublin,M100000US3922694,2010,ELEC,0
Dublin,M100000US3922694,2011,ELEC,0
Dublin,M100000US3922694,2012.0,ELEC,0.0
Dublin,M100000US3922694,2013,ELEC,0
Dublin,M100000US3922694,2014,ELEC,0
Dublin,M100000US3922694,2015,ELEC,0
Dublin,M100000US3922694,2016,ELEC,0
Dublin,M100000US3922694,2017,ELEC,0
Dublin,M100000US3922694,2018.0,ELEC,1.0
Dublin,M100000US3922694,2019.0,ELEC,6.0
Dublin,M100000US3922694,2020.0,ELEC,1.0
Dublin,M100000US3922694,2021.0,ELEC,8.0
Dublin,M100000US3922694,2022.0,ELEC,3.0
Dublin,M100000US3922694,2023.0,ELEC,4.0
Dublin,M100000US3922694,2024.0,ELEC,3.0
Dublin,M100000US3922694,2025,ELEC,0
Franklin,M100000US390492828099999,1999,ELEC,0
Franklin,M100000US390492828099999,2000,ELEC,0
Franklin,M100000US390492828099999,2001,ELEC,0
Franklin,M100000US390492828099999,2002,ELEC,0
Franklin,M100000US390492828099999,2003,ELEC,0
Franklin,M100000US390492828099999,2004,ELEC,0
Franklin,M100000US390492828099999,2005,ELEC,0
Franklin,M100000US390492828099999,2006,ELEC,0
Franklin,M100000US390492828099999,2007,ELEC,0
Franklin,M100000US390492828099999,2008,ELEC,0
Franklin,M100000US390492828099999,2009.0,ELEC,0.0
Franklin,M100000US390492828099999,2010,ELEC,0
Franklin,M100000US390492828099999,2011,ELEC,0
Franklin,M100000US390492828099999,2012,ELEC,0
Franklin,M100000US390492828099999,2013,ELEC,0
Franklin,M100000US390492828099999,2014,ELEC,0
Franklin,M100000US390492828099999,2015,ELEC,0
Franklin,M100000US390492828099999,2016,ELEC,0
Franklin,M100000US390492828099999,2017,ELEC,0
Franklin,M100000US390492828099999,2018,ELEC,0
Franklin,M100000US390492828099999,2019,ELEC,0
Franklin,M100000US390492828099999,2020,ELEC,0
Franklin,M100000US390492828099999,2021,ELEC,0
Franklin,M100000US390492828099999,2022.0,ELEC,0.0
Franklin,M100000US390492828099999,2023,ELEC,0
Franklin,M100000US390492828099999,2024,ELEC,0
Franklin,M100000US390492828099999,2025,ELEC,0
Fredericktown,M100000US3928658,1999,ELEC,0
Fredericktown,M100000US3928658,2000,ELEC,0
Fredericktown,M100000US3928658,2001,ELEC,0
Fredericktown,M100000US3928658,2002,ELEC,0
Fredericktown,M100000US3928658,2003,ELEC,0
Fredericktown,M100000US3928658,2004,ELEC,0
Fredericktown,M100000US3928658,2005,ELEC,0
Fredericktown,M100000US3928658,2006,ELEC,0
Fredericktown,M100000US3928658,2007,ELEC,0
Fredericktown,M100000US3928658,2008,ELEC,0
Fredericktown,M100000US3928658,2009,ELEC,0
Fredericktown,M100000US3928658,2010,ELEC,0
Fredericktown,M100000US3928658,2011,ELEC,0
Fredericktown,M100000US3928658,2012,ELEC,0
Fredericktown,M100000US3928658,2013,ELEC,0
Fredericktown,M100000US3928658,2014,ELEC,0
Fredericktown,M100000US3928658,2015,ELEC,0
Fredericktown,M100000US3928658,2016,ELEC,0
Fredericktown,M100000US3928658,2017,ELEC,0
Fredericktown,M100000US3928658,2018,ELEC,0
Fredericktown,M100000US3928658,2019,ELEC,0
Fredericktown,M100000US3928658,2020,ELEC,0
Fredericktown,M100000US3928658,2021,ELEC,0
Fredericktown,M100000US3928658,2022,ELEC,0
Fredericktown,M100000US3928658,2023.0,ELEC,1.0
Fredericktown,M100000US3928658,2024,ELEC,0
Fredericktown,M100000US3928658,2025,ELEC,0
Gahanna,M100000US3929106,1999,ELEC,0
Gahanna,M100000US3929106,2000,ELEC,0
Gahanna,M100000US3929106,2001,ELEC,0
Gahanna,M100000US3929106,2002,ELEC,0
Gahanna,M100000US3929106,2003,ELEC,0
Gahanna,M100000US3929106,2004,ELEC,0
Gahanna,M100000US3929106,2005,ELEC,0
Gahanna,M100000US3929106,2006,ELEC,0
Gahanna,M100000US3929106,2007,ELEC,0
Gahanna,M100000US3929106,2008,ELEC,0
Gahanna,M100000US3929106,2009,ELEC,0
Gahanna,M100000US3929106,2010,ELEC,0
Gahanna,M100000US3929106,2011,ELEC,0
Gahanna,M100000US3929106,2012,ELEC,0
Gahanna,M100000US3929106,2013,ELEC,0
Gahanna,M100000US3929106,2014,ELEC,0
Gahanna,M100000US3929106,2015.0,ELEC,1.0
Gahanna,M100000US3929106,2016,ELEC,0
Gahanna,M100000US3929106,2017,ELEC,0
Gahanna,M100000US3929106,2018,ELEC,0
Gahanna,M100000US3929106,2019.0,ELEC,1.0
Gahanna,M100000US3929106,2020.0,ELEC,1.0
Gahanna,M100000US3929106,2021.0,ELEC,7.0
Gahanna,M100000US3929106,2022.0,ELEC,1.0
Gahanna,M100000US3929106,2023,ELEC,0
Gahanna,M100000US3929106,2024,ELEC,0
Gahanna,M100000US3929106,2025,ELEC,0
Gambier,M100000US3929246,1999,ELEC,0
Gambier,M100000US3929246,2000,ELEC,0
Gambier,M100000US3929246,2001,ELEC,0
Gambier,M100000US3929246,2002,ELEC,0
Gambier,M100000US3929246,2003,ELEC,0
Gambier,M100000US3929246,2004,ELEC,0
Gambier,M100000US3929246,2005,ELEC,0
Gambier,M100000US3929246,2006,ELEC,0
Gambier,M100000US3929246,2007,ELEC,0
Gambier,M100000US3929246,2008,ELEC,0
Gambier,M100000US3929246,2009,ELEC,0
Gambier,M100000US3929246,2010,ELEC,0
Gambier,M100000US3929246,2011,ELEC,0
Gambier,M100000US3929246,2012,ELEC,0
Gambier,M100000US3929246,2013,ELEC,0
Gambier,M100000US3929246,2014,ELEC,0
Gambier,M100000US3929246,2015,ELEC,0
Gambier,M100000US3929246,2016,ELEC,0
Gambier,M100000US3929246,2017.0,ELEC,1.0
Gambier,M100000US3929246,2018,ELEC,0
Gambier,M100000US3929246,2019,ELEC,0
Gambier,M100000US3929246,2020.0,ELEC,2.0
Gambier,M100000US3929246,2021.0,ELEC,2.0
Gambier,M100000US3929246,2022,ELEC,0
Gambier,M100000US3929246,2023.0,ELEC,1.0
Gambier,M100000US3929246,2024,ELEC,0
Gambier,M100000US3929246,2025,ELEC,0
Grand Prairie,M100000US391013119299999,1999,ELEC,0
Grand Prairie,M100000US391013119299999,2000,ELEC,0
Grand Prairie,M100000US391013119299999,2001,ELEC,0
Grand Prairie,M100000US391013119299999,2002,ELEC,0
Grand Prairie,M100000US391013119299999,2003,ELEC,0
Grand Prairie,M100000US391013119299999,2004,ELEC,0
Grand Prairie,M100000US391013119299999,2005,ELEC,0
Grand Prairie,M100000US391013119299999,2006,ELEC,0
Grand Prairie,M100000US391013119299999,2007,ELEC,0
Grand Prairie,M100000US391013119299999,2008,ELEC,0
Grand Prairie,M100000US391013119299999,2009,ELEC,0
Grand Prairie,M100000US391013119299999,2010,ELEC,0
Grand Prairie,M100000US391013119299999,2011,ELEC,0
Grand Prairie,M100000US391013119299999,2012,ELEC,0
Grand Prairie,M100000US391013119299999,2013,ELEC,0
Grand Prairie,M100000US391013119299999,2014,ELEC,0
Grand Prairie,M100000US391013119299999,2015,ELEC,0
Grand Prairie,M100000US391013119299999,2016,ELEC,0
Grand Prairie,M100000US391013119299999,2017,ELEC,0
Grand Prairie,M100000US391013119299999,2018,ELEC,0
Grand Prairie,M100000US391013119299999,2019,ELEC,0
Grand Prairie,M100000US391013119299999,2020,ELEC,0
Grand Prairie,M100000US391013119299999,2021,ELEC,0
Grand Prairie,M100000US391013119299999,2022,ELEC,0
Grand Prairie,M100000US391013119299999,2023.0,ELEC,1.0
Grand Prairie,M100000US391013119299999,2024,ELEC,0
Grand Prairie,M100000US391013119299999,2025,ELEC,0
Grandview Heights,M100000US3931304,1999,ELEC,0
Grandview Heights,M100000US3931304,2000,ELEC,0
Grandview Heights,M100000US3931304,2001,ELEC,0
Grandview Heights,M100000US3931304,2002,ELEC,0
Grandview Heights,M100000US3931304,2003,ELEC,0
Grandview Heights,M100000US3931304,2004,ELEC,0
Grandview Heights,M100000US3931304,2005,ELEC,0
Grandview Heights,M100000US3931304,2006,ELEC,0
Grandview Heights,M100000US3931304,2007,ELEC,0
Grandview Heights,M100000US3931304,2008,ELEC,0
Grandview Heights,M100000US3931304,2009,ELEC,0
Grandview Heights,M100000US3931304,2010,ELEC,0
Grandview Heights,M100000US3931304,2011,ELEC,0
Grandview Heights,M100000US3931304,2012,ELEC,0
Grandview Heights,M100000US3931304,2013,ELEC,0
Grandview Heights,M100000US3931304,2014,ELEC,0
Grandview Heights,M100000US3931304,2015,ELEC,0
Grandview Heights,M100000US3931304,2016,ELEC,0
Grandview Heights,M100000US3931304,2017,ELEC,0
Grandview Heights,M100000US3931304,2018,ELEC,0
Grandview Heights,M100000US3931304,2019.0,ELEC,4.0
Grandview Heights,M100000US3931304,2020.0,ELEC,1.0
Grandview Heights,M100000US3931304,2021.0,ELEC,1.0
Grandview Heights,M100000US3931304,2022.0,ELEC,1.0
Grandview Heights,M100000US3931304,2023.0,ELEC,1.0
Grandview Heights,M100000US3931304,2024,ELEC,0
Grandview Heights,M100000US3931304,2025,ELEC,0
Granville,M100000US3931402,1999,ELEC,0
Granville,M100000US3931402,2000,ELEC,0
Granville,M100000US3931402,2001,ELEC,0
Granville,M100000US3931402,2002,ELEC,0
Granville,M100000US3931402,2003,ELEC,0
Granville,M100000US3931402,2004,ELEC,0
Granville,M100000US3931402,2005,ELEC,0
Granville,M100000US3931402,2006,ELEC,0
Granville,M100000US3931402,2007,ELEC,0
Granville,M100000US3931402,2008,ELEC,0
Granville,M100000US3931402,2009,ELEC,0
Granville,M100000US3931402,2010,ELEC,0
Granville,M100000US3931402,2011,ELEC,0
Granville,M100000US3931402,2012,ELEC,0
Granville,M100000US3931402,2013,ELEC,0
Granville,M100000US3931402,2014,ELEC,0
Granville,M100000US3931402,2015,ELEC,0
Granville,M100000US3931402,2016,ELEC,0
Granville,M100000US3931402,2017,ELEC,0
Granville,M100000US3931402,2018,ELEC,0
Granville,M100000US3931402,2019.0,ELEC,3.0
Granville,M100000US3931402,2020,ELEC,0
Granville,M100000US3931402,2021,ELEC,0
Granville,M100000US3931402,2022.0,ELEC,1.0
Granville,M100000US3931402,2023.0,ELEC,2.0
Granville,M100000US3931402,2024,ELEC,0
Granville,M100000US3931402,2025,ELEC,0
Green,M100000US391413182299999,1999,ELEC,0
Green,M100000US391413182299999,2000,ELEC,0
Green,M100000US391413182299999,2001,ELEC,0
Green,M100000US391413182299999,2002,ELEC,0
Green,M100000US391413182299999,2003,ELEC,0
Green,M100000US391413182299999,2004,ELEC,0
Green,M100000US391413182299999,2005,ELEC,0
Green,M100000US391413182299999,2006,ELEC,0
Green,M100000US391413182299999,2007,ELEC,0
Green,M100000US391413182299999,2008,ELEC,0
Green,M100000US391413182299999,2009,ELEC,0
Green,M100000US391413182299999,2010,ELEC,0
Green,M100000US391413182299999,2011,ELEC,0
Green,M100000US391413182299999,2012,ELEC,0
Green,M100000US391413182299999,2013,ELEC,0
Green,M100000US391413182299999,2014,ELEC,0
Green,M100000US391413182299999,2015.0,ELEC,0.0
Green,M100000US391413182299999,2016,ELEC,0
Green,M100000US391413182299999,2017,ELEC,0
Green,M100000US391413182299999,2018,ELEC,0
Green,M100000US391413182299999,2019.0,ELEC,1.0
Green,M100000US391413182299999,2020,ELEC,0
Green,M100000US391413182299999,2021.0,ELEC,1.0
Green,M100000US391413182299999,2022,ELEC,0
Green,M100000US391413182299999,2023,ELEC,0
Green,M100000US391413182299999,2024,ELEC,0
Green,M100000US391413182299999,2025,ELEC,0
Greenfield,M100000US390453206099999,1999,ELEC,0
Greenfield,M100000US390453206099999,2000,ELEC,0
Greenfield,M100000US390453206099999,2001,ELEC,0
Greenfield,M100000US390453206099999,2002,ELEC,0
Greenfield,M100000US390453206099999,2003,ELEC,0
Greenfield,M100000US390453206099999,2004,ELEC,0
Greenfield,M100000US390453206099999,2005,ELEC,0
Greenfield,M100000US390453206099999,2006,ELEC,0
Greenfield,M100000US390453206099999,2007,ELEC,0
Greenfield,M100000US390453206099999,2008,ELEC,0
Greenfield,M100000US390453206099999,2009,ELEC,0
Greenfield,M100000US390453206099999,2010,ELEC,0
Greenfield,M100000US390453206099999,2011,ELEC,0
Greenfield,M100000US390453206099999,2012,ELEC,0
Greenfield,M100000US390453206099999,2013,ELEC,0
Greenfield,M100000US390453206099999,2014,ELEC,0
Greenfield,M100000US390453206099999,2015,ELEC,0
Greenfield,M100000US390453206099999,2016.0,ELEC,1.0
Greenfield,M100000US390453206099999,2017,ELEC,0
Greenfield,M100000US390453206099999,2018,ELEC,0
Greenfield,M100000US390453206099999,2019,ELEC,0
Greenfield,M100000US390453206099999,2020,ELEC,0
Greenfield,M100000US390453206099999,2021,ELEC,0
Greenfield,M100000US390453206099999,2022.0,ELEC,1.0
Greenfield,M100000US390453206099999,2023,ELEC,0
Greenfield,M100000US390453206099999,2024.0,ELEC,2.0
Greenfield,M100000US390453206099999,2025,ELEC,0
Grove City,M100000US3932592,1999,ELEC,0
Grove City,M100000US3932592,2000,ELEC,0
Grove City,M100000US3932592,2001,ELEC,0
Grove City,M100000US3932592,2002,ELEC,0
Grove City,M100000US3932592,2003,ELEC,0
Grove City,M100000US3932592,2004,ELEC,0
Grove City,M100000US3932592,2005,ELEC,0
Grove City,M100000US3932592,2006,ELEC,0
Grove City,M100000US3932592,2007,ELEC,0
Grove City,M100000US3932592,2008.0,ELEC,0.0
Grove City,M100000US3932592,2009,ELEC,0
Grove City,M100000US3932592,2010,ELEC,0
Grove City,M100000US3932592,2011,ELEC,0
Grove City,M100000US3932592,2012,ELEC,0
Grove City,M100000US3932592,2013,ELEC,0
Grove City,M100000US3932592,2014,ELEC,0
Grove City,M100000US3932592,2015.0,ELEC,3.0
Grove City,M100000US3932592,2016,ELEC,0
Grove City,M100000US3932592,2017,ELEC,0
Grove City,M100000US3932592,2018,ELEC,0
Grove City,M100000US3932592,2019.0,ELEC,1.0
Grove City,M100000US3932592,2020.0,ELEC,2.0
Grove City,M100000US3932592,2021.0,ELEC,3.0
Grove City,M100000US3932592,2022.0,ELEC,3.0
Grove City,M100000US3932592,2023.0,ELEC,4.0
Grove City,M100000US3932592,2024,ELEC,0
Grove City,M100000US3932592,2025,ELEC,0
Groveport,M100000US3932606,1999,ELEC,0
Groveport,M100000US3932606,2000,ELEC,0
Groveport,M100000US3932606,2001,ELEC,0
Groveport,M100000US3932606,2002,ELEC,0
Groveport,M100000US3932606,2003,ELEC,0
Groveport,M100000US3932606,2004,ELEC,0
Groveport,M100000US3932606,2005,ELEC,0
Groveport,M100000US3932606,2006,ELEC,0
Groveport,M100000US3932606,2007,ELEC,0
Groveport,M100000US3932606,2008,ELEC,0
Groveport,M100000US3932606,2009,ELEC,0
Groveport,M100000US3932606,2010,ELEC,0
Groveport,M100000US3932606,2011,ELEC,0
Groveport,M100000US3932606,2012,ELEC,0
Groveport,M100000US3932606,2013,ELEC,0
Groveport,M100000US3932606,2014,ELEC,0
Groveport,M100000US3932606,2015,ELEC,0
Groveport,M100000US3932606,2016,ELEC,0
Groveport,M100000US3932606,2017,ELEC,0
Groveport,M100000US3932606,2018,ELEC,0
Groveport,M100000US3932606,2019,ELEC,0
Groveport,M100000US3932606,2020,ELEC,0
Groveport,M100000US3932606,2021,ELEC,0
Groveport,M100000US3932606,2022.0,ELEC,0.0
Groveport,M100000US3932606,2023,ELEC,0
Groveport,M100000US3932606,2024,ELEC,0
Groveport,M100000US3932606,2025,ELEC,0
Hamilton,M100000US390493302699999,1999,ELEC,0
Hamilton,M100000US390493302699999,2000,ELEC,0
Hamilton,M100000US390493302699999,2001,ELEC,0
Hamilton,M100000US390493302699999,2002,ELEC,0
Hamilton,M100000US390493302699999,2003,ELEC,0
Hamilton,M100000US390493302699999,2004,ELEC,0
Hamilton,M100000US390493302699999,2005,ELEC,0
Hamilton,M100000US390493302699999,2006,ELEC,0
Hamilton,M100000US390493302699999,2007,ELEC,0
Hamilton,M100000US390493302699999,2008,ELEC,0
Hamilton,M100000US390493302699999,2009,ELEC,0
Hamilton,M100000US390493302699999,2010,ELEC,0
Hamilton,M100000US390493302699999,2011,ELEC,0
Hamilton,M100000US390493302699999,2012,ELEC,0
Hamilton,M100000US390493302699999,2013,ELEC,0
Hamilton,M100000US390493302699999,2014,ELEC,0
Hamilton,M100000US390493302699999,2015,ELEC,0
Hamilton,M100000US390493302699999,2016,ELEC,0
Hamilton,M100000US390493302699999,2017,ELEC,0
Hamilton,M100000US390493302699999,2018,ELEC,0
Hamilton,M100000US390493302699999,2019,ELEC,0
Hamilton,M100000US390493302699999,2020,ELEC,0
Hamilton,M100000US390493302699999,2021,ELEC,0
Hamilton,M100000US390493302699999,2022.0,ELEC,0.0
Hamilton,M100000US390493302699999,2023,ELEC,0
Hamilton,M100000US390493302699999,2024,ELEC,0
Hamilton,M100000US390493302699999,2025,ELEC,0
Harrison,M100000US390913390899999,1999,ELEC,0
Harrison,M100000US390913390899999,2000,ELEC,0
Harrison,M100000US390913390899999,2001,ELEC,0
Harrison,M100000US390913390899999,2002,ELEC,0
Harrison,M100000US390913390899999,2003,ELEC,0
Harrison,M100000US390913390899999,2004,ELEC,0
Harrison,M100000US390913390899999,2005,ELEC,0
Harrison,M100000US390913390899999,2006,ELEC,0
Harrison,M100000US390913390899999,2007,ELEC,0
Harrison,M100000US390913390899999,2008,ELEC,0
Harrison,M100000US390913390899999,2009,ELEC,0
Harrison,M100000US390913390899999,2010,ELEC,0
Harrison,M100000US390913390899999,2011,ELEC,0
Harrison,M100000US390913390899999,2012,ELEC,0
Harrison,M100000US390913390899999,2013,ELEC,0
Harrison,M100000US390913390899999,2014,ELEC,0
Harrison,M100000US390913390899999,2015,ELEC,0
Harrison,M100000US390913390899999,2016,ELEC,0
Harrison,M100000US390913390899999,2017,ELEC,0
Harrison,M100000US390913390899999,2018,ELEC,0
Harrison,M100000US390913390899999,2019,ELEC,0
Harrison,M100000US390913390899999,2020,ELEC,0
Harrison,M100000US390913390899999,2021.0,ELEC,1.0
Harrison,M100000US390913390899999,2022,ELEC,0
Harrison,M100000US390913390899999,2023,ELEC,0
Harrison,M100000US390913390899999,2024,ELEC,0
Harrison,M100000US390913390899999,2025,ELEC,0
Heath,M100000US3934748,1999,ELEC,0
Heath,M100000US3934748,2000,ELEC,0
Heath,M100000US3934748,2001,ELEC,0
Heath,M100000US3934748,2002,ELEC,0
Heath,M100000US3934748,2003,ELEC,0
Heath,M100000US3934748,2004,ELEC,0
Heath,M100000US3934748,2005,ELEC,0
Heath,M100000US3934748,2006,ELEC,0
Heath,M100000US3934748,2007,ELEC,0
Heath,M100000US3934748,2008,ELEC,0
Heath,M100000US3934748,2009,ELEC,0
Heath,M100000US3934748,2010,ELEC,0
Heath,M100000US3934748,2011.0,ELEC,0.0
Heath,M100000US3934748,2012,ELEC,0
Heath,M100000US3934748,2013,ELEC,0
Heath,M100000US3934748,2014,ELEC,0
Heath,M100000US3934748,2015,ELEC,0
Heath,M100000US3934748,2016,ELEC,0
Heath,M100000US3934748,2017.0,ELEC,1.0
Heath,M100000US3934748,2018,ELEC,0
Heath,M100000US3934748,2019,ELEC,0
Heath,M100000US3934748,2020,ELEC,0
Heath,M100000US3934748,2021.0,ELEC,2.0
Heath,M100000US3934748,2022,ELEC,0
Heath,M100000US3934748,2023.0,ELEC,8.0
Heath,M100000US3934748,2024.0,ELEC,1.0
Heath,M100000US3934748,2025,ELEC,0
Hebron,M100000US3934790,1999,ELEC,0
Hebron,M100000US3934790,2000,ELEC,0
Hebron,M100000US3934790,2001,ELEC,0
Hebron,M100000US3934790,2002,ELEC,0
Hebron,M100000US3934790,2003,ELEC,0
Hebron,M100000US3934790,2004,ELEC,0
Hebron,M100000US3934790,2005,ELEC,0
Hebron,M100000US3934790,2006,ELEC,0
Hebron,M100000US3934790,2007,ELEC,0
Hebron,M100000US3934790,2008,ELEC,0
Hebron,M100000US3934790,2009,ELEC,0
Hebron,M100000US3934790,2010,ELEC,0
Hebron,M100000US3934790,2011,ELEC,0
Hebron,M100000US3934790,2012,ELEC,0
Hebron,M100000US3934790,2013,ELEC,0
Hebron,M100000US3934790,2014,ELEC,0
Hebron,M100000US3934790,2015,ELEC,0
Hebron,M100000US3934790,2016,ELEC,0
Hebron,M100000US3934790,2017,ELEC,0
Hebron,M100000US3934790,2018,ELEC,0
Hebron,M100000US3934790,2019,ELEC,0
Hebron,M100000US3934790,2020,ELEC,0
Hebron,M100000US3934790,2021,ELEC,0
Hebron,M100000US3934790,2022.0,ELEC,1.0
Hebron,M100000US3934790,2023,ELEC,0
Hebron,M100000US3934790,2024,ELEC,0
Hebron,M100000US3934790,2025,ELEC,0
Hilliard,M100000US3935476,1999,ELEC,0
Hilliard,M100000US3935476,2000,ELEC,0
Hilliard,M100000US3935476,2001,ELEC,0
Hilliard,M100000US3935476,2002,ELEC,0
Hilliard,M100000US3935476,2003,ELEC,0
Hilliard,M100000US3935476,2004,ELEC,0
Hilliard,M100000US3935476,2005,ELEC,0
Hilliard,M100000US3935476,2006,ELEC,0
Hilliard,M100000US3935476,2007,ELEC,0
Hilliard,M100000US3935476,2008,ELEC,0
Hilliard,M100000US3935476,2009,ELEC,0
Hilliard,M100000US3935476,2010,ELEC,0
Hilliard,M100000US3935476,2011.0,ELEC,1.0
Hilliard,M100000US3935476,2012.0,ELEC,2.0
Hilliard,M100000US3935476,2013,ELEC,0
Hilliard,M100000US3935476,2014.0,ELEC,0.0
Hilliard,M100000US3935476,2015,ELEC,0
Hilliard,M100000US3935476,2016,ELEC,0
Hilliard,M100000US3935476,2017.0,ELEC,1.0
Hilliard,M100000US3935476,2018,ELEC,0
Hilliard,M100000US3935476,2019.0,ELEC,2.0
Hilliard,M100000US3935476,2020.0,ELEC,3.0
Hilliard,M100000US3935476,2021,ELEC,0
Hilliard,M100000US3935476,2022.0,ELEC,0.0
Hilliard,M100000US3935476,2023,ELEC,0
Hilliard,M100000US3935476,2024.0,ELEC,4.0
Hilliard,M100000US3935476,2025,ELEC,0
Jefferson,M100000US390473859899999,1999,ELEC,0
Jefferson,M100000US390973869699999,1999,ELEC,0
Jefferson,M100000US390473859899999,2000,ELEC,0
Jefferson,M100000US390973869699999,2000,ELEC,0
Jefferson,M100000US390473859899999,2001,ELEC,0
Jefferson,M100000US390973869699999,2001,ELEC,0
Jefferson,M100000US390473859899999,2002,ELEC,0
Jefferson,M100000US390973869699999,2002,ELEC,0
Jefferson,M100000US390473859899999,2003,ELEC,0
Jefferson,M100000US390973869699999,2003,ELEC,0
Jefferson,M100000US390473859899999,2004,ELEC,0
Jefferson,M100000US390973869699999,2004,ELEC,0
Jefferson,M100000US390473859899999,2005,ELEC,0
Jefferson,M100000US390973869699999,2005,ELEC,0
Jefferson,M100000US390473859899999,2006,ELEC,0
Jefferson,M100000US390973869699999,2006,ELEC,0
Jefferson,M100000US390473859899999,2007,ELEC,0
Jefferson,M100000US390973869699999,2007,ELEC,0
Jefferson,M100000US390473859899999,2008,ELEC,0
Jefferson,M100000US390973869699999,2008,ELEC,0
Jefferson,M100000US390473859899999,2009,ELEC,0
Jefferson,M100000US390973869699999,2009,ELEC,0
Jefferson,M100000US390473859899999,2010,ELEC,0
Jefferson,M100000US390973869699999,2010,ELEC,0
Jefferson,M100000US390473859899999,2011,ELEC,0
Jefferson,M100000US390973869699999,2011,ELEC,0
Jefferson,M100000US390473859899999,2012,ELEC,0
Jefferson,M100000US390973869699999,2012,ELEC,0
Jefferson,M100000US390473859899999,2013,ELEC,0
Jefferson,M100000US390973869699999,2013,ELEC,0
Jefferson,M100000US390473859899999,2014,ELEC,0
Jefferson,M100000US390973869699999,2014,ELEC,0
Jefferson,M100000US390473859899999,2015,ELEC,0
Jefferson,M100000US390973869699999,2015,ELEC,0
Jefferson,M100000US390473859899999,2016,ELEC,0
Jefferson,M100000US390973869699999,2016,ELEC,0
Jefferson,M100000US390473859899999,2017,ELEC,0
Jefferson,M100000US390973869699999,2017,ELEC,0
Jefferson,M100000US390473859899999,2018,ELEC,0
Jefferson,M100000US390973869699999,2018,ELEC,0
Jefferson,M100000US390473859899999,2019,ELEC,0
Jefferson,M100000US390973869699999,2019,ELEC,0
Jefferson,M100000US390473859899999,2020,ELEC,0
Jefferson,M100000US390973869699999,2020,ELEC,0
Jefferson,M100000US390473859899999,2021,ELEC,0
Jefferson,M100000US390973869699999,2021,ELEC,0
Jefferson,M100000US390473859899999,2022.0,ELEC,1.0
Jefferson,M100000US390973869699999,2022.0,ELEC,1.0
Jefferson,M100000US390473859899999,2023.0,ELEC,1.0
Jefferson,M100000US390973869699999,2023.0,ELEC,1.0
Jefferson,M100000US390473859899999,2024,ELEC,0
Jefferson,M100000US390973869699999,2024,ELEC,0
Jefferson,M100000US390473859899999,2025,ELEC,0
Jefferson,M100000US390973869699999,2025,ELEC,0
Jeffersonville,M100000US3938920,1999,ELEC,0
Jeffersonville,M100000US3938920,2000,ELEC,0
Jeffersonville,M100000US3938920,2001,ELEC,0
Jeffersonville,M100000US3938920,2002,ELEC,0
Jeffersonville,M100000US3938920,2003,ELEC,0
Jeffersonville,M100000US3938920,2004,ELEC,0
Jeffersonville,M100000US3938920,2005,ELEC,0
Jeffersonville,M100000US3938920,2006,ELEC,0
Jeffersonville,M100000US3938920,2007,ELEC,0
Jeffersonville,M100000US3938920,2008,ELEC,0
Jeffersonville,M100000US3938920,2009,ELEC,0
Jeffersonville,M100000US3938920,2010,ELEC,0
Jeffersonville,M100000US3938920,2011,ELEC,0
Jeffersonville,M100000US3938920,2012,ELEC,0
Jeffersonville,M100000US3938920,2013,ELEC,0
Jeffersonville,M100000US3938920,2014,ELEC,0
Jeffersonville,M100000US3938920,2015.0,ELEC,0.0
Jeffersonville,M100000US3938920,2016,ELEC,0
Jeffersonville,M100000US3938920,2017,ELEC,0
Jeffersonville,M100000US3938920,2018,ELEC,0
Jeffersonville,M100000US3938920,2019,ELEC,0
Jeffersonville,M100000US3938920,2020,ELEC,0
Jeffersonville,M100000US3938920,2021,ELEC,0
Jeffersonville,M100000US3938920,2022,ELEC,0
Jeffersonville,M100000US3938920,2023,ELEC,0
Jeffersonville,M100000US3938920,2024.0,ELEC,1.0
Jeffersonville,M100000US3938920,2025,ELEC,0
Jerome,M100000US391593904699999,1999,ELEC,0
Jerome,M100000US391593904699999,2000,ELEC,0
Jerome,M100000US391593904699999,2001,ELEC,0
Jerome,M100000US391593904699999,2002,ELEC,0
Jerome,M100000US391593904699999,2003,ELEC,0
Jerome,M100000US391593904699999,2004,ELEC,0
Jerome,M100000US391593904699999,2005,ELEC,0
Jerome,M100000US391593904699999,2006,ELEC,0
Jerome,M100000US391593904699999,2007,ELEC,0
Jerome,M100000US391593904699999,2008,ELEC,0
Jerome,M100000US391593904699999,2009,ELEC,0
Jerome,M100000US391593904699999,2010,ELEC,0
Jerome,M100000US391593904699999,2011,ELEC,0
Jerome,M100000US391593904699999,2012,ELEC,0
Jerome,M100000US391593904699999,2013,ELEC,0
Jerome,M100000US391593904699999,2014,ELEC,0
Jerome,M100000US391593904699999,2015,ELEC,0
Jerome,M100000US391593904699999,2016,ELEC,0
Jerome,M100000US391593904699999,2017,ELEC,0
Jerome,M100000US391593904699999,2018,ELEC,0
Jerome,M100000US391593904699999,2019,ELEC,0
Jerome,M100000US391593904699999,2020,ELEC,0
Jerome,M100000US391593904699999,2021,ELEC,0
Jerome,M100000US391593904699999,2022,ELEC,0
Jerome,M100000US391593904699999,2023,ELEC,0
Jerome,M100000US391593904699999,2024.0,ELEC,2.0
Jerome,M100000US391593904699999,2025,ELEC,0
Jersey,M100000US390893910299999,1999,ELEC,0
Jersey,M100000US390893910299999,2000,ELEC,0
Jersey,M100000US390893910299999,2001,ELEC,0
Jersey,M100000US390893910299999,2002,ELEC,0
Jersey,M100000US390893910299999,2003,ELEC,0
Jersey,M100000US390893910299999,2004,ELEC,0
Jersey,M100000US390893910299999,2005,ELEC,0
Jersey,M100000US390893910299999,2006,ELEC,0
Jersey,M100000US390893910299999,2007,ELEC,0
Jersey,M100000US390893910299999,2008,ELEC,0
Jersey,M100000US390893910299999,2009,ELEC,0
Jersey,M100000US390893910299999,2010,ELEC,0
Jersey,M100000US390893910299999,2011,ELEC,0
Jersey,M100000US390893910299999,2012,ELEC,0
Jersey,M100000US390893910299999,2013,ELEC,0
Jersey,M100000US390893910299999,2014,ELEC,0
Jersey,M100000US390893910299999,2015,ELEC,0
Jersey,M100000US390893910299999,2016,ELEC,0
Jersey,M100000US390893910299999,2017,ELEC,0
Jersey,M100000US390893910299999,2018,ELEC,0
Jersey,M100000US390893910299999,2019,ELEC,0
Jersey,M100000US390893910299999,2020,ELEC,0
Jersey,M100000US390893910299999,2021,ELEC,0
Jersey,M100000US390893910299999,2022,ELEC,0
Jersey,M100000US390893910299999,2023,ELEC,0
Jersey,M100000US390893910299999,2024.0,ELEC,2.0
Jersey,M100000US390893910299999,2025,ELEC,0
Johnstown,M100000US3939340,1999,ELEC,0
Johnstown,M100000US3939340,2000,ELEC,0
Johnstown,M100000US3939340,2001,ELEC,0
Johnstown,M100000US3939340,2002,ELEC,0
Johnstown,M100000US3939340,2003,ELEC,0
Johnstown,M100000US3939340,2004,ELEC,0
Johnstown,M100000US3939340,2005,ELEC,0
Johnstown,M100000US3939340,2006,ELEC,0
Johnstown,M100000US3939340,2007,ELEC,0
Johnstown,M100000US3939340,2008,ELEC,0
Johnstown,M100000US3939340,2009,ELEC,0
Johnstown,M100000US3939340,2010,ELEC,0
Johnstown,M100000US3939340,2011,ELEC,0
Johnstown,M100000US3939340,2012,ELEC,0
Johnstown,M100000US3939340,2013,ELEC,0
Johnstown,M100000US3939340,2014,ELEC,0
Johnstown,M100000US3939340,2015,ELEC,0
Johnstown,M100000US3939340,2016,ELEC,0
Johnstown,M100000US3939340,2017,ELEC,0
Johnstown,M100000US3939340,2018,ELEC,0
Johnstown,M100000US3939340,2019,ELEC,0
Johnstown,M100000US3939340,2020,ELEC,0
Johnstown,M100000US3939340,2021,ELEC,0
Johnstown,M100000US3939340,2022.0,ELEC,1.0
Johnstown,M100000US3939340,2023,ELEC,0
Johnstown,M100000US3939340,2024,ELEC,0
Johnstown,M100000US3939340,2025,ELEC,0
Kirkersville,M100000US3940572,1999,ELEC,0
Kirkersville,M100000US3940572,2000,ELEC,0
Kirkersville,M100000US3940572,2001,ELEC,0
Kirkersville,M100000US3940572,2002,ELEC,0
Kirkersville,M100000US3940572,2003,ELEC,0
Kirkersville,M100000US3940572,2004,ELEC,0
Kirkersville,M100000US3940572,2005,ELEC,0
Kirkersville,M100000US3940572,2006,ELEC,0
Kirkersville,M100000US3940572,2007,ELEC,0
Kirkersville,M100000US3940572,2008,ELEC,0
Kirkersville,M100000US3940572,2009,ELEC,0
Kirkersville,M100000US3940572,2010,ELEC,0
Kirkersville,M100000US3940572,2011,ELEC,0
Kirkersville,M100000US3940572,2012,ELEC,0
Kirkersville,M100000US3940572,2013,ELEC,0
Kirkersville,M100000US3940572,2014,ELEC,0
Kirkersville,M100000US3940572,2015.0,ELEC,0.0
Kirkersville,M100000US3940572,2016,ELEC,0
Kirkersville,M100000US3940572,2017,ELEC,0
Kirkersville,M100000US3940572,2018,ELEC,0
Kirkersville,M100000US3940572,2019,ELEC,0
Kirkersville,M100000US3940572,2020,ELEC,0
Kirkersville,M100000US3940572,2021,ELEC,0
Kirkersville,M100000US3940572,2022,ELEC,0
Kirkersville,M100000US3940572,2023,ELEC,0
Kirkersville,M100000US3940572,2024.0,ELEC,1.0
Kirkersville,M100000US3940572,2025,ELEC,0
Lancaster,M100000US3941720,1999,ELEC,0
Lancaster,M100000US3941720,2000,ELEC,0
Lancaster,M100000US3941720,2001,ELEC,0
Lancaster,M100000US3941720,2002,ELEC,0
Lancaster,M100000US3941720,2003,ELEC,0
Lancaster,M100000US3941720,2004,ELEC,0
Lancaster,M100000US3941720,2005,ELEC,0
Lancaster,M100000US3941720,2006,ELEC,0
Lancaster,M100000US3941720,2007,ELEC,0
Lancaster,M100000US3941720,2008,ELEC,0
Lancaster,M100000US3941720,2009,ELEC,0
Lancaster,M100000US3941720,2010,ELEC,0
Lancaster,M100000US3941720,2011,ELEC,0
Lancaster,M100000US3941720,2012.0,ELEC,0.0
Lancaster,M100000US3941720,2013,ELEC,0
Lancaster,M100000US3941720,2014.0,ELEC,0.0
Lancaster,M100000US3941720,2015,ELEC,0
Lancaster,M100000US3941720,2016,ELEC,0
Lancaster,M100000US3941720,2017,ELEC,0
Lancaster,M100000US3941720,2018,ELEC,0
Lancaster,M100000US3941720,2019.0,ELEC,1.0
Lancaster,M100000US3941720,2020,ELEC,0
Lancaster,M100000US3941720,2021.0,ELEC,2.0
Lancaster,M100000US3941720,2022.0,ELEC,3.0
Lancaster,M100000US3941720,2023.0,ELEC,2.0
Lancaster,M100000US3941720,2024,ELEC,0
Lancaster,M100000US3941720,2025,ELEC,0
Laurel,M100000US390734205699999,1999,ELEC,0
Laurel,M100000US390734205699999,2000,ELEC,0
Laurel,M100000US390734205699999,2001,ELEC,0
Laurel,M100000US390734205699999,2002,ELEC,0
Laurel,M100000US390734205699999,2003,ELEC,0
Laurel,M100000US390734205699999,2004,ELEC,0
Laurel,M100000US390734205699999,2005,ELEC,0
Laurel,M100000US390734205699999,2006,ELEC,0
Laurel,M100000US390734205699999,2007,ELEC,0
Laurel,M100000US390734205699999,2008,ELEC,0
Laurel,M100000US390734205699999,2009,ELEC,0
Laurel,M100000US390734205699999,2010,ELEC,0
Laurel,M100000US390734205699999,2011,ELEC,0
Laurel,M100000US390734205699999,2012,ELEC,0
Laurel,M100000US390734205699999,2013,ELEC,0
Laurel,M100000US390734205699999,2014,ELEC,0
Laurel,M100000US390734205699999,2015.0,ELEC,1.0
Laurel,M100000US390734205699999,2016,ELEC,0
Laurel,M100000US390734205699999,2017,ELEC,0
Laurel,M100000US390734205699999,2018,ELEC,0
Laurel,M100000US390734205699999,2019,ELEC,0
Laurel,M100000US390734205699999,2020,ELEC,0
Laurel,M100000US390734205699999,2021,ELEC,0
Laurel,M100000US390734205699999,2022,ELEC,0
Laurel,M100000US390734205699999,2023,ELEC,0
Laurel,M100000US390734205699999,2024,ELEC,0
Laurel,M100000US390734205699999,2025,ELEC,0
Liberty,M100000US391594335899999,1999,ELEC,0
Liberty,M100000US390414310699999,1999,ELEC,0
Liberty,M100000US391594335899999,2000,ELEC,0
Liberty,M100000US390414310699999,2000,ELEC,0
Liberty,M100000US391594335899999,2001,ELEC,0
Liberty,M100000US390414310699999,2001,ELEC,0
Liberty,M100000US391594335899999,2002,ELEC,0
Liberty,M100000US390414310699999,2002,ELEC,0
Liberty,M100000US391594335899999,2003,ELEC,0
Liberty,M100000US390414310699999,2003,ELEC,0
Liberty,M100000US391594335899999,2004,ELEC,0
Liberty,M100000US390414310699999,2004,ELEC,0
Liberty,M100000US391594335899999,2005,ELEC,0
Liberty,M100000US390414310699999,2005,ELEC,0
Liberty,M100000US391594335899999,2006,ELEC,0
Liberty,M100000US390414310699999,2006,ELEC,0
Liberty,M100000US391594335899999,2007,ELEC,0
Liberty,M100000US390414310699999,2007,ELEC,0
Liberty,M100000US391594335899999,2008,ELEC,0
Liberty,M100000US390414310699999,2008,ELEC,0
Liberty,M100000US391594335899999,2009,ELEC,0
Liberty,M100000US390414310699999,2009,ELEC,0
Liberty,M100000US391594335899999,2010,ELEC,0
Liberty,M100000US390414310699999,2010,ELEC,0
Liberty,M100000US391594335899999,2011,ELEC,0
Liberty,M100000US390414310699999,2011,ELEC,0
Liberty,M100000US391594335899999,2012,ELEC,0
Liberty,M100000US390414310699999,2012,ELEC,0
Liberty,M100000US391594335899999,2013,ELEC,0
Liberty,M100000US390414310699999,2013,ELEC,0
Liberty,M100000US391594335899999,2014,ELEC,0
Liberty,M100000US390414310699999,2014,ELEC,0
Liberty,M100000US391594335899999,2015,ELEC,0
Liberty,M100000US390414310699999,2015,ELEC,0
Liberty,M100000US391594335899999,2016,ELEC,0
Liberty,M100000US390414310699999,2016,ELEC,0
Liberty,M100000US391594335899999,2017,ELEC,0
Liberty,M100000US390414310699999,2017,ELEC,0
Liberty,M100000US391594335899999,2018.0,ELEC,2.0
Liberty,M100000US390414310699999,2018.0,ELEC,2.0
Liberty,M100000US391594335899999,2019,ELEC,0
Liberty,M100000US390414310699999,2019,ELEC,0
Liberty,M100000US391594335899999,2020,ELEC,0
Liberty,M100000US390414310699999,2020,ELEC,0
Liberty,M100000US391594335899999,2021.0,ELEC,5.0
Liberty,M100000US390414310699999,2021.0,ELEC,5.0
Liberty,M100000US391594335899999,2022,ELEC,0
Liberty,M100000US390414310699999,2022,ELEC,0
Liberty,M100000US391594335899999,2023,ELEC,0
Liberty,M100000US390414310699999,2023,ELEC,0
Liberty,M100000US391594335899999,2024.0,ELEC,1.0
Liberty,M100000US390414310699999,2024.0,ELEC,1.0
Liberty,M100000US391594335899999,2025,ELEC,0
Liberty,M100000US390414310699999,2025,ELEC,0
Logan,M100000US3944632,1999,ELEC,0
Logan,M100000US3944632,2000,ELEC,0
Logan,M100000US3944632,2001,ELEC,0
Logan,M100000US3944632,2002,ELEC,0
Logan,M100000US3944632,2003,ELEC,0
Logan,M100000US3944632,2004,ELEC,0
Logan,M100000US3944632,2005,ELEC,0
Logan,M100000US3944632,2006,ELEC,0
Logan,M100000US3944632,2007,ELEC,0
Logan,M100000US3944632,2008,ELEC,0
Logan,M100000US3944632,2009,ELEC,0
Logan,M100000US3944632,2010,ELEC,0
Logan,M100000US3944632,2011,ELEC,0
Logan,M100000US3944632,2012,ELEC,0
Logan,M100000US3944632,2013,ELEC,0
Logan,M100000US3944632,2014,ELEC,0
Logan,M100000US3944632,2015,ELEC,0
Logan,M100000US3944632,2016,ELEC,0
Logan,M100000US3944632,2017,ELEC,0
Logan,M100000US3944632,2018,ELEC,0
Logan,M100000US3944632,2019,ELEC,0
Logan,M100000US3944632,2020,ELEC,0
Logan,M100000US3944632,2021.0,ELEC,1.0
Logan,M100000US3944632,2022,ELEC,0
Logan,M100000US3944632,2023.0,ELEC,2.0
Logan,M100000US3944632,2024,ELEC,0
Logan,M100000US3944632,2025,ELEC,0
London,M100000US3944674,1999,ELEC,0
London,M100000US3944674,2000,ELEC,0
London,M100000US3944674,2001,ELEC,0
London,M100000US3944674,2002,ELEC,0
London,M100000US3944674,2003,ELEC,0
London,M100000US3944674,2004,ELEC,0
London,M100000US3944674,2005,ELEC,0
London,M100000US3944674,2006,ELEC,0
London,M100000US3944674,2007,ELEC,0
London,M100000US3944674,2008,ELEC,0
London,M100000US3944674,2009,ELEC,0
London,M100000US3944674,2010,ELEC,0
London,M100000US3944674,2011,ELEC,0
London,M100000US3944674,2012,ELEC,0
London,M100000US3944674,2013,ELEC,0
London,M100000US3944674,2014,ELEC,0
London,M100000US3944674,2015,ELEC,0
London,M100000US3944674,2016,ELEC,0
London,M100000US3944674,2017,ELEC,0
London,M100000US3944674,2018,ELEC,0
London,M100000US3944674,2019,ELEC,0
London,M100000US3944674,2020,ELEC,0
London,M100000US3944674,2021.0,ELEC,0.0
London,M100000US3944674,2022.0,ELEC,2.0
London,M100000US3944674,2023.0,ELEC,2.0
London,M100000US3944674,2024.0,ELEC,1.0
London,M100000US3944674,2025,ELEC,0
Marble Cliff,M100000US3947474,1999,ELEC,0
Marble Cliff,M100000US3947474,2000,ELEC,0
Marble Cliff,M100000US3947474,2001,ELEC,0
Marble Cliff,M100000US3947474,2002,ELEC,0
Marble Cliff,M100000US3947474,2003,ELEC,0
Marble Cliff,M100000US3947474,2004,ELEC,0
Marble Cliff,M100000US3947474,2005,ELEC,0
Marble Cliff,M100000US3947474,2006,ELEC,0
Marble Cliff,M100000US3947474,2007,ELEC,0
Marble Cliff,M100000US3947474,2008,ELEC,0
Marble Cliff,M100000US3947474,2009,ELEC,0
Marble Cliff,M100000US3947474,2010,ELEC,0
Marble Cliff,M100000US3947474,2011,ELEC,0
Marble Cliff,M100000US3947474,2012,ELEC,0
Marble Cliff,M100000US3947474,2013,ELEC,0
Marble Cliff,M100000US3947474,2014,ELEC,0
Marble Cliff,M100000US3947474,2015,ELEC,0
Marble Cliff,M100000US3947474,2016,ELEC,0
Marble Cliff,M100000US3947474,2017,ELEC,0
Marble Cliff,M100000US3947474,2018,ELEC,0
Marble Cliff,M100000US3947474,2019,ELEC,0
Marble Cliff,M100000US3947474,2020.0,ELEC,1.0
Marble Cliff,M100000US3947474,2021.0,ELEC,1.0
Marble Cliff,M100000US3947474,2022,ELEC,0
Marble Cliff,M100000US3947474,2023,ELEC,0
Marble Cliff,M100000US3947474,2024,ELEC,0
Marble Cliff,M100000US3947474,2025,ELEC,0
Marion,M100000US391014776899999,1999,ELEC,0
Marion,M100000US3947754,1999,ELEC,0
Marion,M100000US391014776899999,2000,ELEC,0
Marion,M100000US3947754,2000,ELEC,0
Marion,M100000US391014776899999,2001,ELEC,0
Marion,M100000US3947754,2001,ELEC,0
Marion,M100000US391014776899999,2002,ELEC,0
Marion,M100000US3947754,2002,ELEC,0
Marion,M100000US391014776899999,2003,ELEC,0
Marion,M100000US3947754,2003,ELEC,0
Marion,M100000US391014776899999,2004,ELEC,0
Marion,M100000US3947754,2004,ELEC,0
Marion,M100000US391014776899999,2005,ELEC,0
Marion,M100000US3947754,2005,ELEC,0
Marion,M100000US391014776899999,2006,ELEC,0
Marion,M100000US3947754,2006,ELEC,0
Marion,M100000US391014776899999,2007,ELEC,0
Marion,M100000US3947754,2007,ELEC,0
Marion,M100000US391014776899999,2008,ELEC,0
Marion,M100000US3947754,2008,ELEC,0
Marion,M100000US391014776899999,2009,ELEC,0
Marion,M100000US3947754,2009,ELEC,0
Marion,M100000US391014776899999,2010,ELEC,0
Marion,M100000US3947754,2010,ELEC,0
Marion,M100000US391014776899999,2011.0,ELEC,0.0
Marion,M100000US3947754,2011.0,ELEC,0.0
Marion,M100000US391014776899999,2012,ELEC,0
Marion,M100000US3947754,2012,ELEC,0
Marion,M100000US391014776899999,2013,ELEC,0
Marion,M100000US3947754,2013,ELEC,0
Marion,M100000US391014776899999,2014,ELEC,0
Marion,M100000US3947754,2014,ELEC,0
Marion,M100000US391014776899999,2015,ELEC,0
Marion,M100000US3947754,2015,ELEC,0
Marion,M100000US391014776899999,2016,ELEC,0
Marion,M100000US3947754,2016,ELEC,0
Marion,M100000US391014776899999,2017,ELEC,0
Marion,M100000US3947754,2017,ELEC,0
Marion,M100000US391014776899999,2018,ELEC,0
Marion,M100000US3947754,2018,ELEC,0
Marion,M100000US391014776899999,2019.0,ELEC,1.0
Marion,M100000US3947754,2019.0,ELEC,1.0
Marion,M100000US391014776899999,2020.0,ELEC,1.0
Marion,M100000US3947754,2020.0,ELEC,1.0
Marion,M100000US391014776899999,2021.0,ELEC,2.0
Marion,M100000US3947754,2021.0,ELEC,2.0
Marion,M100000US391014776899999,2022,ELEC,0
Marion,M100000US3947754,2022,ELEC,0
Marion,M100000US391014776899999,2023.0,ELEC,4.0
Marion,M100000US3947754,2023.0,ELEC,4.0
Marion,M100000US391014776899999,2024.0,ELEC,3.0
Marion,M100000US3947754,2024.0,ELEC,3.0
Marion,M100000US391014776899999,2025,ELEC,0
Marion,M100000US3947754,2025,ELEC,0
Marysville,M100000US3948160,1999,ELEC,0
Marysville,M100000US3948160,2000,ELEC,0
Marysville,M100000US3948160,2001,ELEC,0
Marysville,M100000US3948160,2002,ELEC,0
Marysville,M100000US3948160,2003,ELEC,0
Marysville,M100000US3948160,2004,ELEC,0
Marysville,M100000US3948160,2005,ELEC,0
Marysville,M100000US3948160,2006,ELEC,0
Marysville,M100000US3948160,2007,ELEC,0
Marysville,M100000US3948160,2008,ELEC,0
Marysville,M100000US3948160,2009,ELEC,0
Marysville,M100000US3948160,2010,ELEC,0
Marysville,M100000US3948160,2011,ELEC,0
Marysville,M100000US3948160,2012,ELEC,0
Marysville,M100000US3948160,2013,ELEC,0
Marysville,M100000US3948160,2014,ELEC,0
Marysville,M100000US3948160,2015,ELEC,0
Marysville,M100000US3948160,2016,ELEC,0
Marysville,M100000US3948160,2017,ELEC,0
Marysville,M100000US3948160,2018,ELEC,0
Marysville,M100000US3948160,2019,ELEC,0
Marysville,M100000US3948160,2020.0,ELEC,2.0
Marysville,M100000US3948160,2021,ELEC,0
Marysville,M100000US3948160,2022.0,ELEC,3.0
Marysville,M100000US3948160,2023.0,ELEC,4.0
Marysville,M100000US3948160,2024.0,ELEC,9.0
Marysville,M100000US3948160,2025.0,ELEC,2.0
Mount Vernon,M100000US3953102,1999,ELEC,0
Mount Vernon,M100000US3953102,2000,ELEC,0
Mount Vernon,M100000US3953102,2001,ELEC,0
Mount Vernon,M100000US3953102,2002,ELEC,0
Mount Vernon,M100000US3953102,2003,ELEC,0
Mount Vernon,M100000US3953102,2004,ELEC,0
Mount Vernon,M100000US3953102,2005,ELEC,0
Mount Vernon,M100000US3953102,2006,ELEC,0
Mount Vernon,M100000US3953102,2007,ELEC,0
Mount Vernon,M100000US3953102,2008,ELEC,0
Mount Vernon,M100000US3953102,2009,ELEC,0
Mount Vernon,M100000US3953102,2010,ELEC,0
Mount Vernon,M100000US3953102,2011,ELEC,0
Mount Vernon,M100000US3953102,2012,ELEC,0
Mount Vernon,M100000US3953102,2013,ELEC,0
Mount Vernon,M100000US3953102,2014.0,ELEC,0.0
Mount Vernon,M100000US3953102,2015,ELEC,0
Mount Vernon,M100000US3953102,2016,ELEC,0
Mount Vernon,M100000US3953102,2017,ELEC,0
Mount Vernon,M100000US3953102,2018,ELEC,0
Mount Vernon,M100000US3953102,2019,ELEC,0
Mount Vernon,M100000US3953102,2020,ELEC,0
Mount Vernon,M100000US3953102,2021.0,ELEC,1.0
Mount Vernon,M100000US3953102,2022,ELEC,0
Mount Vernon,M100000US3953102,2023,ELEC,0
Mount Vernon,M100000US3953102,2024.0,ELEC,1.0
Mount Vernon,M100000US3953102,2025,ELEC,0
New Albany,M100000US3953970,1999,ELEC,0
New Albany,M100000US3953970,2000,ELEC,0
New Albany,M100000US3953970,2001,ELEC,0
New Albany,M100000US3953970,2002,ELEC,0
New Albany,M100000US3953970,2003,ELEC,0
New Albany,M100000US3953970,2004,ELEC,0
New Albany,M100000US3953970,2005,ELEC,0
New Albany,M100000US3953970,2006,ELEC,0
New Albany,M100000US3953970,2007,ELEC,0
New Albany,M100000US3953970,2008,ELEC,0
New Albany,M100000US3953970,2009,ELEC,0
New Albany,M100000US3953970,2010,ELEC,0
New Albany,M100000US3953970,2011,ELEC,0
New Albany,M100000US3953970,2012,ELEC,0
New Albany,M100000US3953970,2013,ELEC,0
New Albany,M100000US3953970,2014,ELEC,0
New Albany,M100000US3953970,2015,ELEC,0
New Albany,M100000US3953970,2016,ELEC,0
New Albany,M100000US3953970,2017,ELEC,0
New Albany,M100000US3953970,2018,ELEC,0
New Albany,M100000US3953970,2019,ELEC,0
New Albany,M100000US3953970,2020.0,ELEC,1.0
New Albany,M100000US3953970,2021.0,ELEC,2.0
New Albany,M100000US3953970,2022.0,ELEC,3.0
New Albany,M100000US3953970,2023.0,ELEC,1.0
New Albany,M100000US3953970,2024.0,ELEC,1.0
New Albany,M100000US3953970,2025,ELEC,0
New Holland,M100000US3954726,1999,ELEC,0
New Holland,M100000US3954726,2000,ELEC,0
New Holland,M100000US3954726,2001,ELEC,0
New Holland,M100000US3954726,2002,ELEC,0
New Holland,M100000US3954726,2003,ELEC,0
New Holland,M100000US3954726,2004,ELEC,0
New Holland,M100000US3954726,2005,ELEC,0
New Holland,M100000US3954726,2006,ELEC,0
New Holland,M100000US3954726,2007,ELEC,0
New Holland,M100000US3954726,2008,ELEC,0
New Holland,M100000US3954726,2009,ELEC,0
New Holland,M100000US3954726,2010,ELEC,0
New Holland,M100000US3954726,2011,ELEC,0
New Holland,M100000US3954726,2012,ELEC,0
New Holland,M100000US3954726,2013,ELEC,0
New Holland,M100000US3954726,2014,ELEC,0
New Holland,M100000US3954726,2015,ELEC,0
New Holland,M100000US3954726,2016,ELEC,0
New Holland,M100000US3954726,2017,ELEC,0
New Holland,M100000US3954726,2018,ELEC,0
New Holland,M100000US3954726,2019,ELEC,0
New Holland,M100000US3954726,2020,ELEC,0
New Holland,M100000US3954726,2021,ELEC,0
New Holland,M100000US3954726,2022,ELEC,0
New Holland,M100000US3954726,2023.0,ELEC,1.0
New Holland,M100000US3954726,2024,ELEC,0
New Holland,M100000US3954726,2025,ELEC,0
Newark,M100000US3954040,1999,ELEC,0
Newark,M100000US390895405499999,1999,ELEC,0
Newark,M100000US3954040,2000.0,ELEC,0.0
Newark,M100000US390895405499999,2000.0,ELEC,0.0
Newark,M100000US3954040,2001,ELEC,0
Newark,M100000US390895405499999,2001,ELEC,0
Newark,M100000US3954040,2002,ELEC,0
Newark,M100000US390895405499999,2002,ELEC,0
Newark,M100000US3954040,2003,ELEC,0
Newark,M100000US390895405499999,2003,ELEC,0
Newark,M100000US3954040,2004,ELEC,0
Newark,M100000US390895405499999,2004,ELEC,0
Newark,M100000US3954040,2005,ELEC,0
Newark,M100000US390895405499999,2005,ELEC,0
Newark,M100000US3954040,2006,ELEC,0
Newark,M100000US390895405499999,2006,ELEC,0
Newark,M100000US3954040,2007,ELEC,0
Newark,M100000US390895405499999,2007,ELEC,0
Newark,M100000US3954040,2008,ELEC,0
Newark,M100000US390895405499999,2008,ELEC,0
Newark,M100000US3954040,2009,ELEC,0
Newark,M100000US390895405499999,2009,ELEC,0
Newark,M100000US3954040,2010,ELEC,0
Newark,M100000US390895405499999,2010,ELEC,0
Newark,M100000US3954040,2011.0,ELEC,0.0
Newark,M100000US390895405499999,2011.0,ELEC,0.0
Newark,M100000US3954040,2012,ELEC,0
Newark,M100000US390895405499999,2012,ELEC,0
Newark,M100000US3954040,2013.0,ELEC,0.0
Newark,M100000US390895405499999,2013.0,ELEC,0.0
Newark,M100000US3954040,2014,ELEC,0
Newark,M100000US390895405499999,2014,ELEC,0
Newark,M100000US3954040,2015,ELEC,0
Newark,M100000US390895405499999,2015,ELEC,0
Newark,M100000US3954040,2016,ELEC,0
Newark,M100000US390895405499999,2016,ELEC,0
Newark,M100000US3954040,2017,ELEC,0
Newark,M100000US390895405499999,2017,ELEC,0
Newark,M100000US3954040,2018,ELEC,0
Newark,M100000US390895405499999,2018,ELEC,0
Newark,M100000US3954040,2019,ELEC,0
Newark,M100000US390895405499999,2019,ELEC,0
Newark,M100000US3954040,2020.0,ELEC,4.0
Newark,M100000US390895405499999,2020.0,ELEC,4.0
Newark,M100000US3954040,2021.0,ELEC,2.0
Newark,M100000US390895405499999,2021.0,ELEC,2.0
Newark,M100000US3954040,2022.0,ELEC,0.0
Newark,M100000US390895405499999,2022.0,ELEC,0.0
Newark,M100000US3954040,2023.0,ELEC,1.0
Newark,M100000US390895405499999,2023.0,ELEC,1.0
Newark,M100000US3954040,2024,ELEC,0
Newark,M100000US390895405499999,2024,ELEC,0
Newark,M100000US3954040,2025,ELEC,0
Newark,M100000US390895405499999,2025,ELEC,0
Obetz,M100000US3957862,1999,ELEC,0
Obetz,M100000US3957862,2000,ELEC,0
Obetz,M100000US3957862,2001,ELEC,0
Obetz,M100000US3957862,2002,ELEC,0
Obetz,M100000US3957862,2003,ELEC,0
Obetz,M100000US3957862,2004,ELEC,0
Obetz,M100000US3957862,2005,ELEC,0
Obetz,M100000US3957862,2006,ELEC,0
Obetz,M100000US3957862,2007,ELEC,0
Obetz,M100000US3957862,2008,ELEC,0
Obetz,M100000US3957862,2009,ELEC,0
Obetz,M100000US3957862,2010,ELEC,0
Obetz,M100000US3957862,2011,ELEC,0
Obetz,M100000US3957862,2012,ELEC,0
Obetz,M100000US3957862,2013,ELEC,0
Obetz,M100000US3957862,2014,ELEC,0
Obetz,M100000US3957862,2015.0,ELEC,0.0
Obetz,M100000US3957862,2016,ELEC,0
Obetz,M100000US3957862,2017,ELEC,0
Obetz,M100000US3957862,2018,ELEC,0
Obetz,M100000US3957862,2019,ELEC,0
Obetz,M100000US3957862,2020,ELEC,0
Obetz,M100000US3957862,2021,ELEC,0
Obetz,M100000US3957862,2022,ELEC,0
Obetz,M100000US3957862,2023,ELEC,0
Obetz,M100000US3957862,2024,ELEC,0
Obetz,M100000US3957862,2025,ELEC,0
Octa,M100000US3957918,1999,ELEC,0
Octa,M100000US3957918,2000,ELEC,0
Octa,M100000US3957918,2001,ELEC,0
Octa,M100000US3957918,2002,ELEC,0
Octa,M100000US3957918,2003,ELEC,0
Octa,M100000US3957918,2004,ELEC,0
Octa,M100000US3957918,2005,ELEC,0
Octa,M100000US3957918,2006,ELEC,0
Octa,M100000US3957918,2007,ELEC,0
Octa,M100000US3957918,2008,ELEC,0
Octa,M100000US3957918,2009,ELEC,0
Octa,M100000US3957918,2010,ELEC,0
Octa,M100000US3957918,2011,ELEC,0
Octa,M100000US3957918,2012,ELEC,0
Octa,M100000US3957918,2013,ELEC,0
Octa,M100000US3957918,2014.0,ELEC,0.0
Octa,M100000US3957918,2015,ELEC,0
Octa,M100000US3957918,2016,ELEC,0
Octa,M100000US3957918,2017,ELEC,0
Octa,M100000US3957918,2018,ELEC,0
Octa,M100000US3957918,2019,ELEC,0
Octa,M100000US3957918,2020,ELEC,0
Octa,M100000US3957918,2021,ELEC,0
Octa,M100000US3957918,2022,ELEC,0
Octa,M100000US3957918,2023,ELEC,0
Octa,M100000US3957918,2024,ELEC,0
Octa,M100000US3957918,2025,ELEC,0
Orange,M100000US390415861899999,1999,ELEC,0
Orange,M100000US390415861899999,2000,ELEC,0
Orange,M100000US390415861899999,2001,ELEC,0
Orange,M100000US390415861899999,2002,ELEC,0
Orange,M100000US390415861899999,2003,ELEC,0
Orange,M100000US390415861899999,2004,ELEC,0
Orange,M100000US390415861899999,2005,ELEC,0
Orange,M100000US390415861899999,2006,ELEC,0
Orange,M100000US390415861899999,2007,ELEC,0
Orange,M100000US390415861899999,2008.0,ELEC,0.0
Orange,M100000US390415861899999,2009,ELEC,0
Orange,M100000US390415861899999,2010,ELEC,0
Orange,M100000US390415861899999,2011,ELEC,0
Orange,M100000US390415861899999,2012,ELEC,0
Orange,M100000US390415861899999,2013,ELEC,0
Orange,M100000US390415861899999,2014,ELEC,0
Orange,M100000US390415861899999,2015,ELEC,0
Orange,M100000US390415861899999,2016,ELEC,0
Orange,M100000US390415861899999,2017.0,ELEC,1.0
Orange,M100000US390415861899999,2018,ELEC,0
Orange,M100000US390415861899999,2019,ELEC,0
Orange,M100000US390415861899999,2020.0,ELEC,1.0
Orange,M100000US390415861899999,2021,ELEC,0
Orange,M100000US390415861899999,2022.0,ELEC,1.0
Orange,M100000US390415861899999,2023.0,ELEC,2.0
Orange,M100000US390415861899999,2024.0,ELEC,1.0
Orange,M100000US390415861899999,2025,ELEC,0
Pataskala,M100000US3961112,1999,ELEC,0
Pataskala,M100000US3961112,2000,ELEC,0
Pataskala,M100000US3961112,2001,ELEC,0
Pataskala,M100000US3961112,2002,ELEC,0
Pataskala,M100000US3961112,2003,ELEC,0
Pataskala,M100000US3961112,2004,ELEC,0
Pataskala,M100000US3961112,2005,ELEC,0
Pataskala,M100000US3961112,2006,ELEC,0
Pataskala,M100000US3961112,2007,ELEC,0
Pataskala,M100000US3961112,2008,ELEC,0
Pataskala,M100000US3961112,2009,ELEC,0
Pataskala,M100000US3961112,2010,ELEC,0
Pataskala,M100000US3961112,2011,ELEC,0
Pataskala,M100000US3961112,2012,ELEC,0
Pataskala,M100000US3961112,2013,ELEC,0
Pataskala,M100000US3961112,2014,ELEC,0
Pataskala,M100000US3961112,2015,ELEC,0
Pataskala,M100000US3961112,2016,ELEC,0
Pataskala,M100000US3961112,2017,ELEC,0
Pataskala,M100000US3961112,2018,ELEC,0
Pataskala,M100000US3961112,2019,ELEC,0
Pataskala,M100000US3961112,2020,ELEC,0
Pataskala,M100000US3961112,2021,ELEC,0
Pataskala,M100000US3961112,2022,ELEC,0
Pataskala,M100000US3961112,2023,ELEC,0
Pataskala,M100000US3961112,2024.0,ELEC,1.0
Pataskala,M100000US3961112,2025,ELEC,0
Perry,M100000US390916193899999,1999,ELEC,0
Perry,M100000US390916193899999,2000,ELEC,0
Perry,M100000US390916193899999,2001,ELEC,0
Perry,M100000US390916193899999,2002,ELEC,0
Perry,M100000US390916193899999,2003,ELEC,0
Perry,M100000US390916193899999,2004,ELEC,0
Perry,M100000US390916193899999,2005,ELEC,0
Perry,M100000US390916193899999,2006,ELEC,0
Perry,M100000US390916193899999,2007,ELEC,0
Perry,M100000US390916193899999,2008,ELEC,0
Perry,M100000US390916193899999,2009,ELEC,0
Perry,M100000US390916193899999,2010,ELEC,0
Perry,M100000US390916193899999,2011,ELEC,0
Perry,M100000US390916193899999,2012,ELEC,0
Perry,M100000US390916193899999,2013,ELEC,0
Perry,M100000US390916193899999,2014,ELEC,0
Perry,M100000US390916193899999,2015,ELEC,0
Perry,M100000US390916193899999,2016,ELEC,0
Perry,M100000US390916193899999,2017,ELEC,0
Perry,M100000US390916193899999,2018,ELEC,0
Perry,M100000US390916193899999,2019.0,ELEC,1.0
Perry,M100000US390916193899999,2020,ELEC,0
Perry,M100000US390916193899999,2021.0,ELEC,1.0
Perry,M100000US390916193899999,2022,ELEC,0
Perry,M100000US390916193899999,2023,ELEC,0
Perry,M100000US390916193899999,2024,ELEC,0
Perry,M100000US390916193899999,2025,ELEC,0
Pickerington,M100000US3962498,1999,ELEC,0
Pickerington,M100000US3962498,2000,ELEC,0
Pickerington,M100000US3962498,2001,ELEC,0
Pickerington,M100000US3962498,2002,ELEC,0
Pickerington,M100000US3962498,2003,ELEC,0
Pickerington,M100000US3962498,2004,ELEC,0
Pickerington,M100000US3962498,2005,ELEC,0
Pickerington,M100000US3962498,2006,ELEC,0
Pickerington,M100000US3962498,2007,ELEC,0
Pickerington,M100000US3962498,2008,ELEC,0
Pickerington,M100000US3962498,2009,ELEC,0
Pickerington,M100000US3962498,2010,ELEC,0
Pickerington,M100000US3962498,2011,ELEC,0
Pickerington,M100000US3962498,2012,ELEC,0
Pickerington,M100000US3962498,2013,ELEC,0
Pickerington,M100000US3962498,2014,ELEC,0
Pickerington,M100000US3962498,2015,ELEC,0
Pickerington,M100000US3962498,2016,ELEC,0
Pickerington,M100000US3962498,2017,ELEC,0
Pickerington,M100000US3962498,2018,ELEC,0
Pickerington,M100000US3962498,2019,ELEC,0
Pickerington,M100000US3962498,2020,ELEC,0
Pickerington,M100000US3962498,2021.0,ELEC,2.0
Pickerington,M100000US3962498,2022.0,ELEC,1.0
Pickerington,M100000US3962498,2023,ELEC,0
Pickerington,M100000US3962498,2024.0,ELEC,5.0
Pickerington,M100000US3962498,2025,ELEC,0
Powell,M100000US3964486,1999,ELEC,0
Powell,M100000US3964486,2000,ELEC,0
Powell,M100000US3964486,2001,ELEC,0
Powell,M100000US3964486,2002,ELEC,0
Powell,M100000US3964486,2003,ELEC,0
Powell,M100000US3964486,2004,ELEC,0
Powell,M100000US3964486,2005,ELEC,0
Powell,M100000US3964486,2006,ELEC,0
Powell,M100000US3964486,2007,ELEC,0
Powell,M100000US3964486,2008,ELEC,0
Powell,M100000US3964486,2009,ELEC,0
Powell,M100000US3964486,2010,ELEC,0
Powell,M100000US3964486,2011,ELEC,0
Powell,M100000US3964486,2012,ELEC,0
Powell,M100000US3964486,2013,ELEC,0
Powell,M100000US3964486,2014,ELEC,0
Powell,M100000US3964486,2015,ELEC,0
Powell,M100000US3964486,2016,ELEC,0
Powell,M100000US3964486,2017,ELEC,0
Powell,M100000US3964486,2018.0,ELEC,1.0
Powell,M100000US3964486,2019.0,ELEC,2.0
Powell,M100000US3964486,2020,ELEC,0
Powell,M100000US3964486,2021.0,ELEC,1.0
Powell,M100000US3964486,2022,ELEC,0
Powell,M100000US3964486,2023.0,ELEC,1.0
Powell,M100000US3964486,2024.0,ELEC,2.0
Powell,M100000US3964486,2025,ELEC,0
Reynoldsburg,M100000US3966390,1999,ELEC,0
Reynoldsburg,M100000US3966390,2000,ELEC,0
Reynoldsburg,M100000US3966390,2001,ELEC,0
Reynoldsburg,M100000US3966390,2002,ELEC,0
Reynoldsburg,M100000US3966390,2003,ELEC,0
Reynoldsburg,M100000US3966390,2004,ELEC,0
Reynoldsburg,M100000US3966390,2005,ELEC,0
Reynoldsburg,M100000US3966390,2006,ELEC,0
Reynoldsburg,M100000US3966390,2007,ELEC,0
Reynoldsburg,M100000US3966390,2008,ELEC,0
Reynoldsburg,M100000US3966390,2009,ELEC,0
Reynoldsburg,M100000US3966390,2010,ELEC,0
Reynoldsburg,M100000US3966390,2011,ELEC,0
Reynoldsburg,M100000US3966390,2012,ELEC,0
Reynoldsburg,M100000US3966390,2013,ELEC,0
Reynoldsburg,M100000US3966390,2014,ELEC,0
Reynoldsburg,M100000US3966390,2015,ELEC,0
Reynoldsburg,M100000US3966390,2016,ELEC,0
Reynoldsburg,M100000US3966390,2017.0,ELEC,1.0
Reynoldsburg,M100000US3966390,2018,ELEC,0
Reynoldsburg,M100000US3966390,2019,ELEC,0
Reynoldsburg,M100000US3966390,2020.0,ELEC,2.0
Reynoldsburg,M100000US3966390,2021.0,ELEC,1.0
Reynoldsburg,M100000US3966390,2022,ELEC,0
Reynoldsburg,M100000US3966390,2023,ELEC,0
Reynoldsburg,M100000US3966390,2024.0,ELEC,2.0
Reynoldsburg,M100000US3966390,2025,ELEC,0
Somerset,M100000US3972977,1999,ELEC,0
Somerset,M100000US3972977,2000,ELEC,0
Somerset,M100000US3972977,2001,ELEC,0
Somerset,M100000US3972977,2002,ELEC,0
Somerset,M100000US3972977,2003,ELEC,0
Somerset,M100000US3972977,2004,ELEC,0
Somerset,M100000US3972977,2005,ELEC,0
Somerset,M100000US3972977,2006,ELEC,0
Somerset,M100000US3972977,2007,ELEC,0
Somerset,M100000US3972977,2008,ELEC,0
Somerset,M100000US3972977,2009,ELEC,0
Somerset,M100000US3972977,2010,ELEC,0
Somerset,M100000US3972977,2011,ELEC,0
Somerset,M100000US3972977,2012,ELEC,0
Somerset,M100000US3972977,2013,ELEC,0
Somerset,M100000US3972977,2014,ELEC,0
Somerset,M100000US3972977,2015,ELEC,0
Somerset,M100000US3972977,2016,ELEC,0
Somerset,M100000US3972977,2017,ELEC,0
Somerset,M100000US3972977,2018,ELEC,0
Somerset,M100000US3972977,2019.0,ELEC,1.0
Somerset,M100000US3972977,2020,ELEC,0
Somerset,M100000US3972977,2021,ELEC,0
Somerset,M100000US3972977,2022,ELEC,0
Somerset,M100000US3972977,2023,ELEC,0
Somerset,M100000US3972977,2024,ELEC,0
Somerset,M100000US3972977,2025,ELEC,0
Sunbury,M100000US3975602,1999,ELEC,0
Sunbury,M100000US3975602,2000,ELEC,0
Sunbury,M100000US3975602,2001,ELEC,0
Sunbury,M100000US3975602,2002,ELEC,0
Sunbury,M100000US3975602,2003,ELEC,0
Sunbury,M100000US3975602,2004,ELEC,0
Sunbury,M100000US3975602,2005,ELEC,0
Sunbury,M100000US3975602,2006,ELEC,0
Sunbury,M100000US3975602,2007,ELEC,0
Sunbury,M100000US3975602,2008,ELEC,0
Sunbury,M100000US3975602,2009,ELEC,0
Sunbury,M100000US3975602,2010,ELEC,0
Sunbury,M100000US3975602,2011,ELEC,0
Sunbury,M100000US3975602,2012,ELEC,0
Sunbury,M100000US3975602,2013,ELEC,0
Sunbury,M100000US3975602,2014,ELEC,0
Sunbury,M100000US3975602,2015,ELEC,0
Sunbury,M100000US3975602,2016,ELEC,0
Sunbury,M100000US3975602,2017,ELEC,0
Sunbury,M100000US3975602,2018,ELEC,0
Sunbury,M100000US3975602,2019,ELEC,0
Sunbury,M100000US3975602,2020.0,ELEC,1.0
Sunbury,M100000US3975602,2021,ELEC,0
Sunbury,M100000US3975602,2022,ELEC,0
Sunbury,M100000US3975602,2023,ELEC,0
Sunbury,M100000US3975602,2024,ELEC,0
Sunbury,M100000US3975602,2025,ELEC,0
Union,M100000US391417854099999,1999,ELEC,0
Union,M100000US390897840099999,1999,ELEC,0
Union,M100000US391417854099999,2000,ELEC,0
Union,M100000US390897840099999,2000,ELEC,0
Union,M100000US391417854099999,2001,ELEC,0
Union,M100000US390897840099999,2001,ELEC,0
Union,M100000US391417854099999,2002,ELEC,0
Union,M100000US390897840099999,2002,ELEC,0
Union,M100000US391417854099999,2003,ELEC,0
Union,M100000US390897840099999,2003,ELEC,0
Union,M100000US391417854099999,2004,ELEC,0
Union,M100000US390897840099999,2004,ELEC,0
Union,M100000US391417854099999,2005,ELEC,0
Union,M100000US390897840099999,2005,ELEC,0
Union,M100000US391417854099999,2006,ELEC,0
Union,M100000US390897840099999,2006,ELEC,0
Union,M100000US391417854099999,2007,ELEC,0
Union,M100000US390897840099999,2007,ELEC,0
Union,M100000US391417854099999,2008,ELEC,0
Union,M100000US390897840099999,2008,ELEC,0
Union,M100000US391417854099999,2009.0,ELEC,0.0
Union,M100000US390897840099999,2009.0,ELEC,0.0
Union,M100000US391417854099999,2010,ELEC,0
Union,M100000US390897840099999,2010,ELEC,0
Union,M100000US391417854099999,2011,ELEC,0
Union,M100000US390897840099999,2011,ELEC,0
Union,M100000US391417854099999,2012,ELEC,0
Union,M100000US390897840099999,2012,ELEC,0
Union,M100000US391417854099999,2013,ELEC,0
Union,M100000US390897840099999,2013,ELEC,0
Union,M100000US391417854099999,2014,ELEC,0
Union,M100000US390897840099999,2014,ELEC,0
Union,M100000US391417854099999,2015.0,ELEC,0.0
Union,M100000US390897840099999,2015.0,ELEC,0.0
Union,M100000US391417854099999,2016,ELEC,0
Union,M100000US390897840099999,2016,ELEC,0
Union,M100000US391417854099999,2017,ELEC,0
Union,M100000US390897840099999,2017,ELEC,0
Union,M100000US391417854099999,2018,ELEC,0
Union,M100000US390897840099999,2018,ELEC,0
Union,M100000US391417854099999,2019,ELEC,0
Union,M100000US390897840099999,2019,ELEC,0
Union,M100000US391417854099999,2020,ELEC,0
Union,M100000US390897840099999,2020,ELEC,0
Union,M100000US391417854099999,2021,ELEC,0
Union,M100000US390897840099999,2021,ELEC,0
Union,M100000US391417854099999,2022,ELEC,0
Union,M100000US390897840099999,2022,ELEC,0
Union,M100000US391417854099999,2023,ELEC,0
Union,M100000US390897840099999,2023,ELEC,0
Union,M100000US391417854099999,2024,ELEC,0
Union,M100000US390897840099999,2024,ELEC,0
Union,M100000US391417854099999,2025,ELEC,0
Union,M100000US390897840099999,2025,ELEC,0
Upper Arlington,M100000US3979002,1999,ELEC,0
Upper Arlington,M100000US3979002,2000,ELEC,0
Upper Arlington,M100000US3979002,2001,ELEC,0
Upper Arlington,M100000US3979002,2002,ELEC,0
Upper Arlington,M100000US3979002,2003,ELEC,0
Upper Arlington,M100000US3979002,2004,ELEC,0
Upper Arlington,M100000US3979002,2005,ELEC,0
Upper Arlington,M100000US3979002,2006,ELEC,0
Upper Arlington,M100000US3979002,2007,ELEC,0
Upper Arlington,M100000US3979002,2008,ELEC,0
Upper Arlington,M100000US3979002,2009,ELEC,0
Upper Arlington,M100000US3979002,2010,ELEC,0
Upper Arlington,M100000US3979002,2011,ELEC,0
Upper Arlington,M100000US3979002,2012,ELEC,0
Upper Arlington,M100000US3979002,2013,ELEC,0
Upper Arlington,M100000US3979002,2014,ELEC,0
Upper Arlington,M100000US3979002,2015,ELEC,0
Upper Arlington,M100000US3979002,2016,ELEC,0
Upper Arlington,M100000US3979002,2017,ELEC,0
Upper Arlington,M100000US3979002,2018,ELEC,0
Upper Arlington,M100000US3979002,2019.0,ELEC,3.0
Upper Arlington,M100000US3979002,2020.0,ELEC,2.0
Upper Arlington,M100000US3979002,2021.0,ELEC,3.0
Upper Arlington,M100000US3979002,2022,ELEC,0
Upper Arlington,M100000US3979002,2023,ELEC,0
Upper Arlington,M100000US3979002,2024.0,ELEC,7.0
Upper Arlington,M100000US3979002,2025,ELEC,0
Washington,M100000US390918142499999,1999,ELEC,0
Washington,M100000US390738135499999,1999,ELEC,0
Washington,M100000US390918142499999,2000,ELEC,0
Washington,M100000US390738135499999,2000,ELEC,0
Washington,M100000US390918142499999,2001,ELEC,0
Washington,M100000US390738135499999,2001,ELEC,0
Washington,M100000US390918142499999,2002,ELEC,0
Washington,M100000US390738135499999,2002,ELEC,0
Washington,M100000US390918142499999,2003,ELEC,0
Washington,M100000US390738135499999,2003,ELEC,0
Washington,M100000US390918142499999,2004,ELEC,0
Washington,M100000US390738135499999,2004,ELEC,0
Washington,M100000US390918142499999,2005,ELEC,0
Washington,M100000US390738135499999,2005,ELEC,0
Washington,M100000US390918142499999,2006,ELEC,0
Washington,M100000US390738135499999,2006,ELEC,0
Washington,M100000US390918142499999,2007,ELEC,0
Washington,M100000US390738135499999,2007,ELEC,0
Washington,M100000US390918142499999,2008,ELEC,0
Washington,M100000US390738135499999,2008,ELEC,0
Washington,M100000US390918142499999,2009,ELEC,0
Washington,M100000US390738135499999,2009,ELEC,0
Washington,M100000US390918142499999,2010,ELEC,0
Washington,M100000US390738135499999,2010,ELEC,0
Washington,M100000US390918142499999,2011,ELEC,0
Washington,M100000US390738135499999,2011,ELEC,0
Washington,M100000US390918142499999,2012,ELEC,0
Washington,M100000US390738135499999,2012,ELEC,0
Washington,M100000US390918142499999,2013,ELEC,0
Washington,M100000US390738135499999,2013,ELEC,0
Washington,M100000US390918142499999,2014,ELEC,0
Washington,M100000US390738135499999,2014,ELEC,0
Washington,M100000US390918142499999,2015,ELEC,0
Washington,M100000US390738135499999,2015,ELEC,0
Washington,M100000US390918142499999,2016,ELEC,0
Washington,M100000US390738135499999,2016,ELEC,0
Washington,M100000US390918142499999,2017,ELEC,0
Washington,M100000US390738135499999,2017,ELEC,0
Washington,M100000US390918142499999,2018.0,ELEC,1.0
Washington,M100000US390738135499999,2018.0,ELEC,1.0
Washington,M100000US390918142499999,2019,ELEC,0
Washington,M100000US390738135499999,2019,ELEC,0
Washington,M100000US390918142499999,2020.0,ELEC,1.0
Washington,M100000US390738135499999,2020.0,ELEC,1.0
Washington,M100000US390918142499999,2021.0,ELEC,4.0
Washington,M100000US390738135499999,2021.0,ELEC,4.0
Washington,M100000US390918142499999,2022,ELEC,0
Washington,M100000US390738135499999,2022,ELEC,0
Washington,M100000US390918142499999,2023.0,ELEC,2.0
Washington,M100000US390738135499999,2023.0,ELEC,2.0
Washington,M100000US390918142499999,2024.0,ELEC,1.0
Washington,M100000US390738135499999,2024.0,ELEC,1.0
Washington,M100000US390918142499999,2025,ELEC,0
Washington,M100000US390738135499999,2025,ELEC,0
Washington Court House,M100000US3981718,1999,ELEC,0
Washington Court House,M100000US3981718,2000,ELEC,0
Washington Court House,M100000US3981718,2001,ELEC,0
Washington Court House,M100000US3981718,2002,ELEC,0
Washington Court House,M100000US3981718,2003,ELEC,0
Washington Court House,M100000US3981718,2004,ELEC,0
Washington Court House,M100000US3981718,2005,ELEC,0
Washington Court House,M100000US3981718,2006,ELEC,0
Washington Court House,M100000US3981718,2007,ELEC,0
Washington Court House,M100000US3981718,2008,ELEC,0
Washington Court House,M100000US3981718,2009,ELEC,0
Washington Court House,M100000US3981718,2010,ELEC,0
Washington Court House,M100000US3981718,2011,ELEC,0
Washington Court House,M100000US3981718,2012,ELEC,0
Washington Court House,M100000US3981718,2013,ELEC,0
Washington Court House,M100000US3981718,2014,ELEC,0
Washington Court House,M100000US3981718,2015,ELEC,0
Washington Court House,M100000US3981718,2016,ELEC,0
Washington Court House,M100000US3981718,2017,ELEC,0
Washington Court House,M100000US3981718,2018,ELEC,0
Washington Court House,M100000US3981718,2019,ELEC,0
Washington Court House,M100000US3981718,2020,ELEC,0
Washington Court House,M100000US3981718,2021,ELEC,0
Washington Court House,M100000US3981718,2022.0,ELEC,1.0
Washington Court House,M100000US3981718,2023,ELEC,0
Washington Court House,M100000US3981718,2024,ELEC,0
Washington Court House,M100000US3981718,2025,ELEC,0
Wayne,M100000US390838219499999,1999,ELEC,0
Wayne,M100000US390838219499999,2000,ELEC,0
Wayne,M100000US390838219499999,2001,ELEC,0
Wayne,M100000US390838219499999,2002,ELEC,0
Wayne,M100000US390838219499999,2003,ELEC,0
Wayne,M100000US390838219499999,2004,ELEC,0
Wayne,M100000US390838219499999,2005,ELEC,0
Wayne,M100000US390838219499999,2006,ELEC,0
Wayne,M100000US390838219499999,2007,ELEC,0
Wayne,M100000US390838219499999,2008,ELEC,0
Wayne,M100000US390838219499999,2009,ELEC,0
Wayne,M100000US390838219499999,2010,ELEC,0
Wayne,M100000US390838219499999,2011,ELEC,0
Wayne,M100000US390838219499999,2012,ELEC,0
Wayne,M100000US390838219499999,2013,ELEC,0
Wayne,M100000US390838219499999,2014,ELEC,0
Wayne,M100000US390838219499999,2015,ELEC,0
Wayne,M100000US390838219499999,2016,ELEC,0
Wayne,M100000US390838219499999,2017.0,ELEC,0.0
Wayne,M100000US390838219499999,2018,ELEC,0
Wayne,M100000US390838219499999,2019,ELEC,0
Wayne,M100000US390838219499999,2020,ELEC,0
Wayne,M100000US390838219499999,2021,ELEC,0
Wayne,M100000US390838219499999,2022,ELEC,0
Wayne,M100000US390838219499999,2023,ELEC,0
Wayne,M100000US390838219499999,2024,ELEC,0
Wayne,M100000US390838219499999,2025,ELEC,0
West Jefferson,M100000US3983580,1999,ELEC,0
West Jefferson,M100000US3983580,2000,ELEC,0
West Jefferson,M100000US3983580,2001,ELEC,0
West Jefferson,M100000US3983580,2002,ELEC,0
West Jefferson,M100000US3983580,2003,ELEC,0
West Jefferson,M100000US3983580,2004,ELEC,0
West Jefferson,M100000US3983580,2005,ELEC,0
West Jefferson,M100000US3983580,2006,ELEC,0
West Jefferson,M100000US3983580,2007,ELEC,0
West Jefferson,M100000US3983580,2008,ELEC,0
West Jefferson,M100000US3983580,2009,ELEC,0
West Jefferson,M100000US3983580,2010,ELEC,0
West Jefferson,M100000US3983580,2011,ELEC,0
West Jefferson,M100000US3983580,2012,ELEC,0
West Jefferson,M100000US3983580,2013,ELEC,0
West Jefferson,M100000US3983580,2014,ELEC,0
West Jefferson,M100000US3983580,2015,ELEC,0
West Jefferson,M100000US3983580,2016.0,ELEC,1.0
West Jefferson,M100000US3983580,2017,ELEC,0
West Jefferson,M100000US3983580,2018,ELEC,0
West Jefferson,M100000US3983580,2019,ELEC,0
West Jefferson,M100000US3983580,2020,ELEC,0
West Jefferson,M100000US3983580,2021,ELEC,0
West Jefferson,M100000US3983580,2022,ELEC,0
West Jefferson,M100000US3983580,2023,ELEC,0
West Jefferson,M100000US3983580,2024,ELEC,0
West Jefferson,M100000US3983580,2025,ELEC,0
Westerville,M100000US3983342,1999,ELEC,0
Westerville,M100000US3983342,2000,ELEC,0
Westerville,M100000US3983342,2001,ELEC,0
Westerville,M100000US3983342,2002,ELEC,0
Westerville,M100000US3983342,2003,ELEC,0
Westerville,M100000US3983342,2004,ELEC,0
Westerville,M100000US3983342,2005,ELEC,0
Westerville,M100000US3983342,2006,ELEC,0
Westerville,M100000US3983342,2007,ELEC,0
Westerville,M100000US3983342,2008,ELEC,0
Westerville,M100000US3983342,2009,ELEC,0
Westerville,M100000US3983342,2010,ELEC,0
Westerville,M100000US3983342,2011,ELEC,0
Westerville,M100000US3983342,2012,ELEC,0
Westerville,M100000US3983342,2013,ELEC,0
Westerville,M100000US3983342,2014,ELEC,0
Westerville,M100000US3983342,2015,ELEC,0
Westerville,M100000US3983342,2016,ELEC,0
Westerville,M100000US3983342,2017,ELEC,0
Westerville,M100000US3983342,2018,ELEC,0
Westerville,M100000US3983342,2019.0,ELEC,2.0
Westerville,M100000US3983342,2020.0,ELEC,1.0
Westerville,M100000US3983342,2021.0,ELEC,3.0
Westerville,M100000US3983342,2022.0,ELEC,6.0
Westerville,M100000US3983342,2023,ELEC,0
Westerville,M100000US3983342,2024.0,ELEC,1.0
Westerville,M100000US3983342,2025,ELEC,0
Whitehall,M100000US3984742,1999,ELEC,0
Whitehall,M100000US3984742,2000,ELEC,0
Whitehall,M100000US3984742,2001,ELEC,0
Whitehall,M100000US3984742,2002,ELEC,0
Whitehall,M100000US3984742,2003,ELEC,0
Whitehall,M100000US3984742,2004,ELEC,0
Whitehall,M100000US3984742,2005,ELEC,0
Whitehall,M100000US3984742,2006,ELEC,0
Whitehall,M100000US3984742,2007,ELEC,0
Whitehall,M100000US3984742,2008,ELEC,0
Whitehall,M100000US3984742,2009,ELEC,0
Whitehall,M100000US3984742,2010,ELEC,0
Whitehall,M100000US3984742,2011,ELEC,0
Whitehall,M100000US3984742,2012,ELEC,0
Whitehall,M100000US3984742,2013,ELEC,0
Whitehall,M100000US3984742,2014,ELEC,0
Whitehall,M100000US3984742,2015.0,ELEC,1.0
Whitehall,M100000US3984742,2016,ELEC,0
Whitehall,M100000US3984742,2017,ELEC,0
Whitehall,M100000US3984742,2018,ELEC,0
Whitehall,M100000US3984742,2019.0,ELEC,1.0
Whitehall,M100000US3984742,2020,ELEC,0
Whitehall,M100000US3984742,2021.0,ELEC,3.0
Whitehall,M100000US3984742,2022,ELEC,0
Whitehall,M100000US3984742,2023,ELEC,0
Whitehall,M100000US3984742,2024.0,ELEC,1.0
Whitehall,M100000US3984742,2025.0,ELEC,1.0
Worthington,M100000US3986604,1999,ELEC,0
Worthington,M100000US3986604,2000,ELEC,0
Worthington,M100000US3986604,2001,ELEC,0
Worthington,M100000US3986604,2002,ELEC,0
Worthington,M100000US3986604,2003,ELEC,0
Worthington,M100000US3986604,2004,ELEC,0
Worthington,M100000US3986604,2005,ELEC,0
Worthington,M100000US3986604,2006,ELEC,0
Worthington,M100000US3986604,2007,ELEC,0
Worthington,M100000US3986604,2008,ELEC,0
Worthington,M100000US3986604,2009,ELEC,0
Worthington,M100000US3986604,2010,ELEC,0
Worthington,M100000US3986604,2011,ELEC,0
Worthington,M100000US3986604,2012,ELEC,0
Worthington,M100000US3986604,2013,ELEC,0
Worthington,M100000US3986604,2014,ELEC,0
Worthington,M100000US3986604,2015,ELEC,0
Worthington,M100000US3986604,2016,ELEC,0
Worthington,M100000US3986604,2017,ELEC,0
Worthington,M100000US3986604,2018,ELEC,0
Worthington,M100000US3986604,2019,ELEC,0
Worthington,M100000US3986604,2020.0,ELEC,2.0
Worthington,M100000US3986604,2021.0,ELEC,1.0
Worthington,M100000US3986604,2022.0,ELEC,1.0
Worthington,M100000US3986604,2023.0,ELEC,2.0
Worthington,M100000US3986604,2024.0,ELEC,1.0
Worthington,M100000US3986604,2025,ELEC,0
Allen,M100000US391590133699999,1999,HY,0
Allen,M100000US391590133699999,2000,HY,0
Allen,M100000US391590133699999,2001,HY,0
Allen,M100000US391590133699999,2002,HY,0
Allen,M100000US391590133699999,2003,HY,0
Allen,M100000US391590133699999,2004,HY,0
Allen,M100000US391590133699999,2005,HY,0
Allen,M100000US391590133699999,2006,HY,0
Allen,M100000US391590133699999,2007,HY,0
Allen,M100000US391590133699999,2008,HY,0
Allen,M100000US391590133699999,2009,HY,0
Allen,M100000US391590133699999,2010,HY,0
Allen,M100000US391590133699999,2011,HY,0
Allen,M100000US391590133699999,2012,HY,0
Allen,M100000US391590133699999,2013,HY,0
Allen,M100000US391590133699999,2014,HY,0
Allen,M100000US391590133699999,2015.0,HY,0.0
Allen,M100000US391590133699999,2016,HY,0
Allen,M100000US391590133699999,2017,HY,0
Allen,M100000US391590133699999,2018,HY,0
Allen,M100000US391590133699999,2019,HY,0
Allen,M100000US391590133699999,2020,HY,0
Allen,M100000US391590133699999,2021,HY,0
Allen,M100000US391590133699999,2022,HY,0
Allen,M100000US391590133699999,2023,HY,0
Allen,M100000US391590133699999,2024.0,HY,0.0
Allen,M100000US391590133699999,2025,HY,0
Ashville,M100000US3902680,1999,HY,0
Ashville,M100000US3902680,2000,HY,0
Ashville,M100000US3902680,2001,HY,0
Ashville,M100000US3902680,2002,HY,0
Ashville,M100000US3902680,2003,HY,0
Ashville,M100000US3902680,2004,HY,0
Ashville,M100000US3902680,2005,HY,0
Ashville,M100000US3902680,2006,HY,0
Ashville,M100000US3902680,2007,HY,0
Ashville,M100000US3902680,2008,HY,0
Ashville,M100000US3902680,2009,HY,0
Ashville,M100000US3902680,2010,HY,0
Ashville,M100000US3902680,2011,HY,0
Ashville,M100000US3902680,2012,HY,0
Ashville,M100000US3902680,2013,HY,0
Ashville,M100000US3902680,2014,HY,0
Ashville,M100000US3902680,2015,HY,0
Ashville,M100000US3902680,2016,HY,0
Ashville,M100000US3902680,2017,HY,0
Ashville,M100000US3902680,2018,HY,0
Ashville,M100000US3902680,2019,HY,0
Ashville,M100000US3902680,2020,HY,0
Ashville,M100000US3902680,2021,HY,0
Ashville,M100000US3902680,2022,HY,0
Ashville,M100000US3902680,2023,HY,0
Ashville,M100000US3902680,2024.0,HY,0.0
Ashville,M100000US3902680,2025,HY,0
Bellefontaine,M100000US3905130,1999,HY,0
Bellefontaine,M100000US3905130,2000,HY,0
Bellefontaine,M100000US3905130,2001,HY,0
Bellefontaine,M100000US3905130,2002,HY,0
Bellefontaine,M100000US3905130,2003,HY,0
Bellefontaine,M100000US3905130,2004,HY,0
Bellefontaine,M100000US3905130,2005,HY,0
Bellefontaine,M100000US3905130,2006,HY,0
Bellefontaine,M100000US3905130,2007,HY,0
Bellefontaine,M100000US3905130,2008,HY,0
Bellefontaine,M100000US3905130,2009,HY,0
Bellefontaine,M100000US3905130,2010,HY,0
Bellefontaine,M100000US3905130,2011,HY,0
Bellefontaine,M100000US3905130,2012,HY,0
Bellefontaine,M100000US3905130,2013,HY,0
Bellefontaine,M100000US3905130,2014.0,HY,0.0
Bellefontaine,M100000US3905130,2015,HY,0
Bellefontaine,M100000US3905130,2016,HY,0
Bellefontaine,M100000US3905130,2017,HY,0
Bellefontaine,M100000US3905130,2018,HY,0
Bellefontaine,M100000US3905130,2019,HY,0
Bellefontaine,M100000US3905130,2020.0,HY,0.0
Bellefontaine,M100000US3905130,2021,HY,0
Bellefontaine,M100000US3905130,2022,HY,0
Bellefontaine,M100000US3905130,2023,HY,0
Bellefontaine,M100000US3905130,2024,HY,0
Bellefontaine,M100000US3905130,2025,HY,0
Bennington,M100000US391170550899999,1999,HY,0
Bennington,M100000US391170550899999,2000,HY,0
Bennington,M100000US391170550899999,2001,HY,0
Bennington,M100000US391170550899999,2002,HY,0
Bennington,M100000US391170550899999,2003,HY,0
Bennington,M100000US391170550899999,2004,HY,0
Bennington,M100000US391170550899999,2005,HY,0
Bennington,M100000US391170550899999,2006,HY,0
Bennington,M100000US391170550899999,2007,HY,0
Bennington,M100000US391170550899999,2008,HY,0
Bennington,M100000US391170550899999,2009,HY,0
Bennington,M100000US391170550899999,2010,HY,0
Bennington,M100000US391170550899999,2011,HY,0
Bennington,M100000US391170550899999,2012,HY,0
Bennington,M100000US391170550899999,2013,HY,0
Bennington,M100000US391170550899999,2014,HY,0
Bennington,M100000US391170550899999,2015.0,HY,0.0
Bennington,M100000US391170550899999,2016,HY,0
Bennington,M100000US391170550899999,2017,HY,0
Bennington,M100000US391170550899999,2018,HY,0
Bennington,M100000US391170550899999,2019,HY,0
Bennington,M100000US391170550899999,2020,HY,0
Bennington,M100000US391170550899999,2021,HY,0
Bennington,M100000US391170550899999,2022,HY,0
Bennington,M100000US391170550899999,2023,HY,0
Bennington,M100000US391170550899999,2024.0,HY,0.0
Bennington,M100000US391170550899999,2025,HY,0
Benton,M100000US390730557899999,1999,HY,0
Benton,M100000US390730557899999,2000,HY,0
Benton,M100000US390730557899999,2001,HY,0
Benton,M100000US390730557899999,2002,HY,0
Benton,M100000US390730557899999,2003,HY,0
Benton,M100000US390730557899999,2004,HY,0
Benton,M100000US390730557899999,2005,HY,0
Benton,M100000US390730557899999,2006,HY,0
Benton,M100000US390730557899999,2007,HY,0
Benton,M100000US390730557899999,2008,HY,0
Benton,M100000US390730557899999,2009,HY,0
Benton,M100000US390730557899999,2010,HY,0
Benton,M100000US390730557899999,2011,HY,0
Benton,M100000US390730557899999,2012,HY,0
Benton,M100000US390730557899999,2013,HY,0
Benton,M100000US390730557899999,2014,HY,0
Benton,M100000US390730557899999,2015.0,HY,0.0
Benton,M100000US390730557899999,2016,HY,0
Benton,M100000US390730557899999,2017,HY,0
Benton,M100000US390730557899999,2018,HY,0
Benton,M100000US390730557899999,2019,HY,0
Benton,M100000US390730557899999,2020,HY,0
Benton,M100000US390730557899999,2021.0,HY,0.0
Benton,M100000US390730557899999,2022.0,HY,0.0
Benton,M100000US390730557899999,2023,HY,0
Benton,M100000US390730557899999,2024,HY,0
Benton,M100000US390730557899999,2025,HY,0
Berkshire,M100000US390410577499999,1999,HY,0
Berkshire,M100000US390410577499999,2000,HY,0
Berkshire,M100000US390410577499999,2001,HY,0
Berkshire,M100000US390410577499999,2002,HY,0
Berkshire,M100000US390410577499999,2003,HY,0
Berkshire,M100000US390410577499999,2004,HY,0
Berkshire,M100000US390410577499999,2005,HY,0
Berkshire,M100000US390410577499999,2006,HY,0
Berkshire,M100000US390410577499999,2007,HY,0
Berkshire,M100000US390410577499999,2008,HY,0
Berkshire,M100000US390410577499999,2009,HY,0
Berkshire,M100000US390410577499999,2010,HY,0
Berkshire,M100000US390410577499999,2011,HY,0
Berkshire,M100000US390410577499999,2012,HY,0
Berkshire,M100000US390410577499999,2013,HY,0
Berkshire,M100000US390410577499999,2014,HY,0
Berkshire,M100000US390410577499999,2015,HY,0
Berkshire,M100000US390410577499999,2016.0,HY,0.0
Berkshire,M100000US390410577499999,2017,HY,0
Berkshire,M100000US390410577499999,2018,HY,0
Berkshire,M100000US390410577499999,2019,HY,0
Berkshire,M100000US390410577499999,2020.0,HY,0.0
Berkshire,M100000US390410577499999,2021,HY,0
Berkshire,M100000US390410577499999,2022,HY,0
Berkshire,M100000US390410577499999,2023,HY,0
Berkshire,M100000US390410577499999,2024.0,HY,0.0
Berkshire,M100000US390410577499999,2025,HY,0
Berlin,M100000US390410578899999,1999,HY,0
Berlin,M100000US390410578899999,2000,HY,0
Berlin,M100000US390410578899999,2001,HY,0
Berlin,M100000US390410578899999,2002,HY,0
Berlin,M100000US390410578899999,2003,HY,0
Berlin,M100000US390410578899999,2004,HY,0
Berlin,M100000US390410578899999,2005,HY,0
Berlin,M100000US390410578899999,2006,HY,0
Berlin,M100000US390410578899999,2007,HY,0
Berlin,M100000US390410578899999,2008,HY,0
Berlin,M100000US390410578899999,2009,HY,0
Berlin,M100000US390410578899999,2010,HY,0
Berlin,M100000US390410578899999,2011,HY,0
Berlin,M100000US390410578899999,2012,HY,0
Berlin,M100000US390410578899999,2013,HY,0
Berlin,M100000US390410578899999,2014,HY,0
Berlin,M100000US390410578899999,2015,HY,0
Berlin,M100000US390410578899999,2016,HY,0
Berlin,M100000US390410578899999,2017,HY,0
Berlin,M100000US390410578899999,2018,HY,0
Berlin,M100000US390410578899999,2019,HY,0
Berlin,M100000US390410578899999,2020,HY,0
Berlin,M100000US390410578899999,2021.0,HY,0.0
Berlin,M100000US390410578899999,2022.0,HY,0.0
Berlin,M100000US390410578899999,2023,HY,0
Berlin,M100000US390410578899999,2024,HY,0
Berlin,M100000US390410578899999,2025,HY,0
Berne,M100000US390450595699999,1999,HY,0
Berne,M100000US390450595699999,2000,HY,0
Berne,M100000US390450595699999,2001,HY,0
Berne,M100000US390450595699999,2002,HY,0
Berne,M100000US390450595699999,2003,HY,0
Berne,M100000US390450595699999,2004,HY,0
Berne,M100000US390450595699999,2005,HY,0
Berne,M100000US390450595699999,2006,HY,0
Berne,M100000US390450595699999,2007,HY,0
Berne,M100000US390450595699999,2008,HY,0
Berne,M100000US390450595699999,2009,HY,0
Berne,M100000US390450595699999,2010,HY,0
Berne,M100000US390450595699999,2011,HY,0
Berne,M100000US390450595699999,2012,HY,0
Berne,M100000US390450595699999,2013,HY,0
Berne,M100000US390450595699999,2014,HY,0
Berne,M100000US390450595699999,2015,HY,0
Berne,M100000US390450595699999,2016,HY,0
Berne,M100000US390450595699999,2017,HY,0
Berne,M100000US390450595699999,2018,HY,0
Berne,M100000US390450595699999,2019,HY,0
Berne,M100000US390450595699999,2020,HY,0
Berne,M100000US390450595699999,2021,HY,0
Berne,M100000US390450595699999,2022,HY,0
Berne,M100000US390450595699999,2023.0,HY,0.0
Berne,M100000US390450595699999,2024,HY,0
Berne,M100000US390450595699999,2025,HY,0
Bexley,M100000US3906278,1999,HY,0
Bexley,M100000US3906278,2000,HY,0
Bexley,M100000US3906278,2001,HY,0
Bexley,M100000US3906278,2002,HY,0
Bexley,M100000US3906278,2003,HY,0
Bexley,M100000US3906278,2004,HY,0
Bexley,M100000US3906278,2005,HY,0
Bexley,M100000US3906278,2006,HY,0
Bexley,M100000US3906278,2007,HY,0
Bexley,M100000US3906278,2008,HY,0
Bexley,M100000US3906278,2009,HY,0
Bexley,M100000US3906278,2010,HY,0
Bexley,M100000US3906278,2011,HY,0
Bexley,M100000US3906278,2012,HY,0
Bexley,M100000US3906278,2013,HY,0
Bexley,M100000US3906278,2014,HY,0
Bexley,M100000US3906278,2015.0,HY,0.0
Bexley,M100000US3906278,2016,HY,0
Bexley,M100000US3906278,2017.0,HY,0.0
Bexley,M100000US3906278,2018,HY,0
Bexley,M100000US3906278,2019,HY,0
Bexley,M100000US3906278,2020.0,HY,0.0
Bexley,M100000US3906278,2021,HY,0
Bexley,M100000US3906278,2022,HY,0
Bexley,M100000US3906278,2023,HY,0
Bexley,M100000US3906278,2024.0,HY,0.0
Bexley,M100000US3906278,2025,HY,0
Big Island,M100000US391010634899999,1999,HY,0
Big Island,M100000US391010634899999,2000,HY,0
Big Island,M100000US391010634899999,2001,HY,0
Big Island,M100000US391010634899999,2002,HY,0
Big Island,M100000US391010634899999,2003,HY,0
Big Island,M100000US391010634899999,2004,HY,0
Big Island,M100000US391010634899999,2005,HY,0
Big Island,M100000US391010634899999,2006,HY,0
Big Island,M100000US391010634899999,2007,HY,0
Big Island,M100000US391010634899999,2008,HY,0
Big Island,M100000US391010634899999,2009,HY,0
Big Island,M100000US391010634899999,2010,HY,0
Big Island,M100000US391010634899999,2011,HY,0
Big Island,M100000US391010634899999,2012,HY,0
Big Island,M100000US391010634899999,2013,HY,0
Big Island,M100000US391010634899999,2014,HY,0
Big Island,M100000US391010634899999,2015,HY,0
Big Island,M100000US391010634899999,2016,HY,0
Big Island,M100000US391010634899999,2017,HY,0
Big Island,M100000US391010634899999,2018,HY,0
Big Island,M100000US391010634899999,2019,HY,0
Big Island,M100000US391010634899999,2020,HY,0
Big Island,M100000US391010634899999,2021,HY,0
Big Island,M100000US391010634899999,2022.0,HY,0.0
Big Island,M100000US391010634899999,2023,HY,0
Big Island,M100000US391010634899999,2024,HY,0
Big Island,M100000US391010634899999,2025,HY,0
Blendon,M100000US390490692299999,1999.0,HY,0.0
Blendon,M100000US390490692299999,2000.0,HY,0.0
Blendon,M100000US390490692299999,2001,HY,0
Blendon,M100000US390490692299999,2002,HY,0
Blendon,M100000US390490692299999,2003,HY,0
Blendon,M100000US390490692299999,2004,HY,0
Blendon,M100000US390490692299999,2005,HY,0
Blendon,M100000US390490692299999,2006,HY,0
Blendon,M100000US390490692299999,2007,HY,0
Blendon,M100000US390490692299999,2008,HY,0
Blendon,M100000US390490692299999,2009,HY,0
Blendon,M100000US390490692299999,2010,HY,0
Blendon,M100000US390490692299999,2011,HY,0
Blendon,M100000US390490692299999,2012,HY,0
Blendon,M100000US390490692299999,2013.0,HY,0.0
Blendon,M100000US390490692299999,2014,HY,0
Blendon,M100000US390490692299999,2015,HY,0
Blendon,M100000US390490692299999,2016,HY,0
Blendon,M100000US390490692299999,2017,HY,0
Blendon,M100000US390490692299999,2018,HY,0
Blendon,M100000US390490692299999,2019,HY,0
Blendon,M100000US390490692299999,2020,HY,0
Blendon,M100000US390490692299999,2021,HY,0
Blendon,M100000US390490692299999,2022,HY,0
Blendon,M100000US390490692299999,2023,HY,0
Blendon,M100000US390490692299999,2024,HY,0
Blendon,M100000US390490692299999,2025,HY,0
Brown,M100000US390410942899999,1999,HY,0
Brown,M100000US390490944299999,1999,HY,0
Brown,M100000US390410942899999,2000,HY,0
Brown,M100000US390490944299999,2000,HY,0
Brown,M100000US390410942899999,2001,HY,0
Brown,M100000US390490944299999,2001,HY,0
Brown,M100000US390410942899999,2002,HY,0
Brown,M100000US390490944299999,2002,HY,0
Brown,M100000US390410942899999,2003,HY,0
Brown,M100000US390490944299999,2003,HY,0
Brown,M100000US390410942899999,2004,HY,0
Brown,M100000US390490944299999,2004,HY,0
Brown,M100000US390410942899999,2005,HY,0
Brown,M100000US390490944299999,2005,HY,0
Brown,M100000US390410942899999,2006,HY,0
Brown,M100000US390490944299999,2006,HY,0
Brown,M100000US390410942899999,2007,HY,0
Brown,M100000US390490944299999,2007,HY,0
Brown,M100000US390410942899999,2008,HY,0
Brown,M100000US390490944299999,2008,HY,0
Brown,M100000US390410942899999,2009,HY,0
Brown,M100000US390490944299999,2009,HY,0
Brown,M100000US390410942899999,2010,HY,0
Brown,M100000US390490944299999,2010,HY,0
Brown,M100000US390410942899999,2011.0,HY,0.0
Brown,M100000US390490944299999,2011.0,HY,0.0
Brown,M100000US390410942899999,2012,HY,0
Brown,M100000US390490944299999,2012,HY,0
Brown,M100000US390410942899999,2013,HY,0
Brown,M100000US390490944299999,2013,HY,0
Brown,M100000US390410942899999,2014,HY,0
Brown,M100000US390490944299999,2014,HY,0
Brown,M100000US390410942899999,2015,HY,0
Brown,M100000US390490944299999,2015,HY,0
Brown,M100000US390410942899999,2016,HY,0
Brown,M100000US390490944299999,2016,HY,0
Brown,M100000US390410942899999,2017,HY,0
Brown,M100000US390490944299999,2017,HY,0
Brown,M100000US390410942899999,2018,HY,0
Brown,M100000US390490944299999,2018,HY,0
Brown,M100000US390410942899999,2019,HY,0
Brown,M100000US390490944299999,2019,HY,0
Brown,M100000US390410942899999,2020,HY,0
Brown,M100000US390490944299999,2020,HY,0
Brown,M100000US390410942899999,2021,HY,0
Brown,M100000US390490944299999,2021,HY,0
Brown,M100000US390410942899999,2022.0,HY,0.0
Brown,M100000US390490944299999,2022.0,HY,0.0
Brown,M100000US390410942899999,2023,HY,0
Brown,M100000US390490944299999,2023,HY,0
Brown,M100000US390410942899999,2024,HY,0
Brown,M100000US390490944299999,2024,HY,0
Brown,M100000US390410942899999,2025,HY,0
Brown,M100000US390490944299999,2025,HY,0
Butler,M100000US390831059099999,1999,HY,0
Butler,M100000US390831059099999,2000,HY,0
Butler,M100000US390831059099999,2001,HY,0
Butler,M100000US390831059099999,2002,HY,0
Butler,M100000US390831059099999,2003,HY,0
Butler,M100000US390831059099999,2004,HY,0
Butler,M100000US390831059099999,2005,HY,0
Butler,M100000US390831059099999,2006,HY,0
Butler,M100000US390831059099999,2007,HY,0
Butler,M100000US390831059099999,2008,HY,0
Butler,M100000US390831059099999,2009,HY,0
Butler,M100000US390831059099999,2010,HY,0
Butler,M100000US390831059099999,2011,HY,0
Butler,M100000US390831059099999,2012,HY,0
Butler,M100000US390831059099999,2013,HY,0
Butler,M100000US390831059099999,2014,HY,0
Butler,M100000US390831059099999,2015.0,HY,0.0
Butler,M100000US390831059099999,2016,HY,0
Butler,M100000US390831059099999,2017,HY,0
Butler,M100000US390831059099999,2018,HY,0
Butler,M100000US390831059099999,2019,HY,0
Butler,M100000US390831059099999,2020,HY,0
Butler,M100000US390831059099999,2021,HY,0
Butler,M100000US390831059099999,2022,HY,0
Butler,M100000US390831059099999,2023,HY,0
Butler,M100000US390831059099999,2024,HY,0
Butler,M100000US390831059099999,2025,HY,0
Canaan,M100000US390971123499999,1999,HY,0
Canaan,M100000US390971123499999,2000,HY,0
Canaan,M100000US390971123499999,2001,HY,0
Canaan,M100000US390971123499999,2002,HY,0
Canaan,M100000US390971123499999,2003,HY,0
Canaan,M100000US390971123499999,2004,HY,0
Canaan,M100000US390971123499999,2005,HY,0
Canaan,M100000US390971123499999,2006,HY,0
Canaan,M100000US390971123499999,2007,HY,0
Canaan,M100000US390971123499999,2008,HY,0
Canaan,M100000US390971123499999,2009,HY,0
Canaan,M100000US390971123499999,2010,HY,0
Canaan,M100000US390971123499999,2011,HY,0
Canaan,M100000US390971123499999,2012,HY,0
Canaan,M100000US390971123499999,2013,HY,0
Canaan,M100000US390971123499999,2014,HY,0
Canaan,M100000US390971123499999,2015,HY,0
Canaan,M100000US390971123499999,2016,HY,0
Canaan,M100000US390971123499999,2017,HY,0
Canaan,M100000US390971123499999,2018,HY,0
Canaan,M100000US390971123499999,2019.0,HY,0.0
Canaan,M100000US390971123499999,2020,HY,0
Canaan,M100000US390971123499999,2021.0,HY,0.0
Canaan,M100000US390971123499999,2022,HY,0
Canaan,M100000US390971123499999,2023,HY,0
Canaan,M100000US390971123499999,2024,HY,0
Canaan,M100000US390971123499999,2025,HY,0
Canal Winchester,M100000US3911332,1999,HY,0
Canal Winchester,M100000US3911332,2000,HY,0
Canal Winchester,M100000US3911332,2001,HY,0
Canal Winchester,M100000US3911332,2002,HY,0
Canal Winchester,M100000US3911332,2003,HY,0
Canal Winchester,M100000US3911332,2004,HY,0
Canal Winchester,M100000US3911332,2005,HY,0
Canal Winchester,M100000US3911332,2006,HY,0
Canal Winchester,M100000US3911332,2007,HY,0
Canal Winchester,M100000US3911332,2008.0,HY,0.0
Canal Winchester,M100000US3911332,2009,HY,0
Canal Winchester,M100000US3911332,2010,HY,0
Canal Winchester,M100000US3911332,2011,HY,0
Canal Winchester,M100000US3911332,2012.0,HY,0.0
Canal Winchester,M100000US3911332,2013,HY,0
Canal Winchester,M100000US3911332,2014,HY,0
Canal Winchester,M100000US3911332,2015,HY,0
Canal Winchester,M100000US3911332,2016,HY,0
Canal Winchester,M100000US3911332,2017,HY,0
Canal Winchester,M100000US3911332,2018,HY,0
Canal Winchester,M100000US3911332,2019,HY,0
Canal Winchester,M100000US3911332,2020.0,HY,0.0
Canal Winchester,M100000US3911332,2021.0,HY,0.0
Canal Winchester,M100000US3911332,2022,HY,0
Canal Winchester,M100000US3911332,2023,HY,0
Canal Winchester,M100000US3911332,2024.0,HY,0.0
Canal Winchester,M100000US3911332,2025,HY,0
Chester,M100000US391171403099999,1999,HY,0
Chester,M100000US391171403099999,2000,HY,0
Chester,M100000US391171403099999,2001,HY,0
Chester,M100000US391171403099999,2002,HY,0
Chester,M100000US391171403099999,2003,HY,0
Chester,M100000US391171403099999,2004,HY,0
Chester,M100000US391171403099999,2005,HY,0
Chester,M100000US391171403099999,2006,HY,0
Chester,M100000US391171403099999,2007,HY,0
Chester,M100000US391171403099999,2008,HY,0
Chester,M100000US391171403099999,2009,HY,0
Chester,M100000US391171403099999,2010,HY,0
Chester,M100000US391171403099999,2011,HY,0
Chester,M100000US391171403099999,2012,HY,0
Chester,M100000US391171403099999,2013,HY,0
Chester,M100000US391171403099999,2014,HY,0
Chester,M100000US391171403099999,2015,HY,0
Chester,M100000US391171403099999,2016.0,HY,0.0
Chester,M100000US391171403099999,2017,HY,0
Chester,M100000US391171403099999,2018,HY,0
Chester,M100000US391171403099999,2019,HY,0
Chester,M100000US391171403099999,2020,HY,0
Chester,M100000US391171403099999,2021,HY,0
Chester,M100000US391171403099999,2022,HY,0
Chester,M100000US391171403099999,2023,HY,0
Chester,M100000US391171403099999,2024,HY,0
Chester,M100000US391171403099999,2025,HY,0
Chillicothe,M100000US3914184,1999,HY,0
Chillicothe,M100000US3914184,2000,HY,0
Chillicothe,M100000US3914184,2001,HY,0
Chillicothe,M100000US3914184,2002,HY,0
Chillicothe,M100000US3914184,2003,HY,0
Chillicothe,M100000US3914184,2004,HY,0
Chillicothe,M100000US3914184,2005,HY,0
Chillicothe,M100000US3914184,2006,HY,0
Chillicothe,M100000US3914184,2007,HY,0
Chillicothe,M100000US3914184,2008,HY,0
Chillicothe,M100000US3914184,2009,HY,0
Chillicothe,M100000US3914184,2010,HY,0
Chillicothe,M100000US3914184,2011,HY,0
Chillicothe,M100000US3914184,2012,HY,0
Chillicothe,M100000US3914184,2013,HY,0
Chillicothe,M100000US3914184,2014,HY,0
Chillicothe,M100000US3914184,2015,HY,0
Chillicothe,M100000US3914184,2016.0,HY,0.0
Chillicothe,M100000US3914184,2017,HY,0
Chillicothe,M100000US3914184,2018,HY,0
Chillicothe,M100000US3914184,2019,HY,0
Chillicothe,M100000US3914184,2020.0,HY,0.0
Chillicothe,M100000US3914184,2021,HY,0
Chillicothe,M100000US3914184,2022.0,HY,0.0
Chillicothe,M100000US3914184,2023,HY,0
Chillicothe,M100000US3914184,2024.0,HY,0.0
Chillicothe,M100000US3914184,2025,HY,0
Circleville,M100000US3915070,1999,HY,0
Circleville,M100000US3915070,2000,HY,0
Circleville,M100000US3915070,2001,HY,0
Circleville,M100000US3915070,2002,HY,0
Circleville,M100000US3915070,2003,HY,0
Circleville,M100000US3915070,2004,HY,0
Circleville,M100000US3915070,2005,HY,0
Circleville,M100000US3915070,2006,HY,0
Circleville,M100000US3915070,2007,HY,0
Circleville,M100000US3915070,2008,HY,0
Circleville,M100000US3915070,2009,HY,0
Circleville,M100000US3915070,2010,HY,0
Circleville,M100000US3915070,2011,HY,0
Circleville,M100000US3915070,2012,HY,0
Circleville,M100000US3915070,2013,HY,0
Circleville,M100000US3915070,2014,HY,0
Circleville,M100000US3915070,2015,HY,0
Circleville,M100000US3915070,2016,HY,0
Circleville,M100000US3915070,2017,HY,0
Circleville,M100000US3915070,2018,HY,0
Circleville,M100000US3915070,2019,HY,0
Circleville,M100000US3915070,2020,HY,0
Circleville,M100000US3915070,2021,HY,0
Circleville,M100000US3915070,2022.0,HY,0.0
Circleville,M100000US3915070,2023.0,HY,0.0
Circleville,M100000US3915070,2024,HY,0
Circleville,M100000US3915070,2025,HY,0
Claridon,M100000US391011519699999,1999,HY,0
Claridon,M100000US391011519699999,2000,HY,0
Claridon,M100000US391011519699999,2001,HY,0
Claridon,M100000US391011519699999,2002,HY,0
Claridon,M100000US391011519699999,2003,HY,0
Claridon,M100000US391011519699999,2004,HY,0
Claridon,M100000US391011519699999,2005,HY,0
Claridon,M100000US391011519699999,2006,HY,0
Claridon,M100000US391011519699999,2007.0,HY,0.0
Claridon,M100000US391011519699999,2008,HY,0
Claridon,M100000US391011519699999,2009,HY,0
Claridon,M100000US391011519699999,2010,HY,0
Claridon,M100000US391011519699999,2011,HY,0
Claridon,M100000US391011519699999,2012,HY,0
Claridon,M100000US391011519699999,2013,HY,0
Claridon,M100000US391011519699999,2014,HY,0
Claridon,M100000US391011519699999,2015,HY,0
Claridon,M100000US391011519699999,2016,HY,0
Claridon,M100000US391011519699999,2017,HY,0
Claridon,M100000US391011519699999,2018,HY,0
Claridon,M100000US391011519699999,2019,HY,0
Claridon,M100000US391011519699999,2020,HY,0
Claridon,M100000US391011519699999,2021,HY,0
Claridon,M100000US391011519699999,2022,HY,0
Claridon,M100000US391011519699999,2023,HY,0
Claridon,M100000US391011519699999,2024,HY,0
Claridon,M100000US391011519699999,2025,HY,0
Clay,M100000US390831550499999,1999,HY,0
Clay,M100000US390831550499999,2000,HY,0
Clay,M100000US390831550499999,2001,HY,0
Clay,M100000US390831550499999,2002,HY,0
Clay,M100000US390831550499999,2003,HY,0
Clay,M100000US390831550499999,2004,HY,0
Clay,M100000US390831550499999,2005,HY,0
Clay,M100000US390831550499999,2006,HY,0
Clay,M100000US390831550499999,2007,HY,0
Clay,M100000US390831550499999,2008,HY,0
Clay,M100000US390831550499999,2009,HY,0
Clay,M100000US390831550499999,2010,HY,0
Clay,M100000US390831550499999,2011,HY,0
Clay,M100000US390831550499999,2012,HY,0
Clay,M100000US390831550499999,2013,HY,0
Clay,M100000US390831550499999,2014,HY,0
Clay,M100000US390831550499999,2015,HY,0
Clay,M100000US390831550499999,2016,HY,0
Clay,M100000US390831550499999,2017,HY,0
Clay,M100000US390831550499999,2018,HY,0
Clay,M100000US390831550499999,2019,HY,0
Clay,M100000US390831550499999,2020,HY,0
Clay,M100000US390831550499999,2021,HY,0
Clay,M100000US390831550499999,2022,HY,0
Clay,M100000US390831550499999,2023.0,HY,0.0
Clay,M100000US390831550499999,2024,HY,0
Clay,M100000US390831550499999,2025,HY,0
Clinton,M100000US390491611299999,1999,HY,0
Clinton,M100000US390491611299999,2000,HY,0
Clinton,M100000US390491611299999,2001,HY,0
Clinton,M100000US390491611299999,2002,HY,0
Clinton,M100000US390491611299999,2003,HY,0
Clinton,M100000US390491611299999,2004,HY,0
Clinton,M100000US390491611299999,2005,HY,0
Clinton,M100000US390491611299999,2006,HY,0
Clinton,M100000US390491611299999,2007,HY,0
Clinton,M100000US390491611299999,2008,HY,0
Clinton,M100000US390491611299999,2009,HY,0
Clinton,M100000US390491611299999,2010,HY,0
Clinton,M100000US390491611299999,2011,HY,0
Clinton,M100000US390491611299999,2012,HY,0
Clinton,M100000US390491611299999,2013,HY,0
Clinton,M100000US390491611299999,2014,HY,0
Clinton,M100000US390491611299999,2015,HY,0
Clinton,M100000US390491611299999,2016,HY,0
Clinton,M100000US390491611299999,2017,HY,0
Clinton,M100000US390491611299999,2018,HY,0
Clinton,M100000US390491611299999,2019,HY,0
Clinton,M100000US390491611299999,2020.0,HY,0.0
Clinton,M100000US390491611299999,2021.0,HY,0.0
Clinton,M100000US390491611299999,2022,HY,0
Clinton,M100000US390491611299999,2023,HY,0
Clinton,M100000US390491611299999,2024,HY,0
Clinton,M100000US390491611299999,2025,HY,0
Columbus,M100000US3918000,1999,HY,0
Columbus,M100000US3918000,2000.0,HY,0.0
Columbus,M100000US3918000,2001,HY,0
Columbus,M100000US3918000,2002,HY,0
Columbus,M100000US3918000,2003,HY,0
Columbus,M100000US3918000,2004.0,HY,0.0
Columbus,M100000US3918000,2005,HY,0
Columbus,M100000US3918000,2006.0,HY,0.0
Columbus,M100000US3918000,2007,HY,0
Columbus,M100000US3918000,2008.0,HY,0.0
Columbus,M100000US3918000,2009,HY,0
Columbus,M100000US3918000,2010,HY,0
Columbus,M100000US3918000,2011.0,HY,0.0
Columbus,M100000US3918000,2012.0,HY,0.0
Columbus,M100000US3918000,2013.0,HY,0.0
Columbus,M100000US3918000,2014.0,HY,0.0
Columbus,M100000US3918000,2015.0,HY,0.0
Columbus,M100000US3918000,2016.0,HY,0.0
Columbus,M100000US3918000,2017.0,HY,0.0
Columbus,M100000US3918000,2018.0,HY,0.0
Columbus,M100000US3918000,2019.0,HY,0.0
Columbus,M100000US3918000,2020.0,HY,0.0
Columbus,M100000US3918000,2021.0,HY,0.0
Columbus,M100000US3918000,2022.0,HY,0.0
Columbus,M100000US3918000,2023.0,HY,0.0
Columbus,M100000US3918000,2024.0,HY,0.0
Columbus,M100000US3918000,2025.0,HY,0.0
Delaware,M100000US3921434,1999,HY,0
Delaware,M100000US390412144899999,1999,HY,0
Delaware,M100000US3921434,2000,HY,0
Delaware,M100000US390412144899999,2000,HY,0
Delaware,M100000US3921434,2001,HY,0
Delaware,M100000US390412144899999,2001,HY,0
Delaware,M100000US3921434,2002,HY,0
Delaware,M100000US390412144899999,2002,HY,0
Delaware,M100000US3921434,2003,HY,0
Delaware,M100000US390412144899999,2003,HY,0
Delaware,M100000US3921434,2004,HY,0
Delaware,M100000US390412144899999,2004,HY,0
Delaware,M100000US3921434,2005,HY,0
Delaware,M100000US390412144899999,2005,HY,0
Delaware,M100000US3921434,2006,HY,0
Delaware,M100000US390412144899999,2006,HY,0
Delaware,M100000US3921434,2007,HY,0
Delaware,M100000US390412144899999,2007,HY,0
Delaware,M100000US3921434,2008,HY,0
Delaware,M100000US390412144899999,2008,HY,0
Delaware,M100000US3921434,2009,HY,0
Delaware,M100000US390412144899999,2009,HY,0
Delaware,M100000US3921434,2010,HY,0
Delaware,M100000US390412144899999,2010,HY,0
Delaware,M100000US3921434,2011.0,HY,0.0
Delaware,M100000US390412144899999,2011.0,HY,0.0
Delaware,M100000US3921434,2012,HY,0
Delaware,M100000US390412144899999,2012,HY,0
Delaware,M100000US3921434,2013.0,HY,0.0
Delaware,M100000US390412144899999,2013.0,HY,0.0
Delaware,M100000US3921434,2014,HY,0
Delaware,M100000US390412144899999,2014,HY,0
Delaware,M100000US3921434,2015,HY,0
Delaware,M100000US390412144899999,2015,HY,0
Delaware,M100000US3921434,2016,HY,0
Delaware,M100000US390412144899999,2016,HY,0
Delaware,M100000US3921434,2017.0,HY,0.0
Delaware,M100000US390412144899999,2017.0,HY,0.0
Delaware,M100000US3921434,2018,HY,0
Delaware,M100000US390412144899999,2018,HY,0
Delaware,M100000US3921434,2019.0,HY,0.0
Delaware,M100000US390412144899999,2019.0,HY,0.0
Delaware,M100000US3921434,2020,HY,0
Delaware,M100000US390412144899999,2020,HY,0
Delaware,M100000US3921434,2021.0,HY,0.0
Delaware,M100000US390412144899999,2021.0,HY,0.0
Delaware,M100000US3921434,2022.0,HY,0.0
Delaware,M100000US390412144899999,2022.0,HY,0.0
Delaware,M100000US3921434,2023.0,HY,0.0
Delaware,M100000US390412144899999,2023.0,HY,0.0
Delaware,M100000US3921434,2024.0,HY,0.0
Delaware,M100000US390412144899999,2024.0,HY,0.0
Delaware,M100000US3921434,2025.0,HY,0.0
Delaware,M100000US390412144899999,2025.0,HY,0.0
Dublin,M100000US3922694,1999,HY,0
Dublin,M100000US3922694,2000,HY,0
Dublin,M100000US3922694,2001,HY,0
Dublin,M100000US3922694,2002,HY,0
Dublin,M100000US3922694,2003,HY,0
Dublin,M100000US3922694,2004,HY,0
Dublin,M100000US3922694,2005,HY,0
Dublin,M100000US3922694,2006,HY,0
Dublin,M100000US3922694,2007,HY,0
Dublin,M100000US3922694,2008,HY,0
Dublin,M100000US3922694,2009,HY,0
Dublin,M100000US3922694,2010,HY,0
Dublin,M100000US3922694,2011,HY,0
Dublin,M100000US3922694,2012.0,HY,0.0
Dublin,M100000US3922694,2013,HY,0
Dublin,M100000US3922694,2014,HY,0
Dublin,M100000US3922694,2015,HY,0
Dublin,M100000US3922694,2016,HY,0
Dublin,M100000US3922694,2017,HY,0
Dublin,M100000US3922694,2018.0,HY,0.0
Dublin,M100000US3922694,2019.0,HY,0.0
Dublin,M100000US3922694,2020.0,HY,0.0
Dublin,M100000US3922694,2021.0,HY,0.0
Dublin,M100000US3922694,2022.0,HY,0.0
Dublin,M100000US3922694,2023.0,HY,0.0
Dublin,M100000US3922694,2024.0,HY,0.0
Dublin,M100000US3922694,2025,HY,0
Franklin,M100000US390492828099999,1999,HY,0
Franklin,M100000US390492828099999,2000,HY,0
Franklin,M100000US390492828099999,2001,HY,0
Franklin,M100000US390492828099999,2002,HY,0
Franklin,M100000US390492828099999,2003,HY,0
Franklin,M100000US390492828099999,2004,HY,0
Franklin,M100000US390492828099999,2005,HY,0
Franklin,M100000US390492828099999,2006,HY,0
Franklin,M100000US390492828099999,2007,HY,0
Franklin,M100000US390492828099999,2008,HY,0
Franklin,M100000US390492828099999,2009.0,HY,0.0
Franklin,M100000US390492828099999,2010,HY,0
Franklin,M100000US390492828099999,2011,HY,0
Franklin,M100000US390492828099999,2012,HY,0
Franklin,M100000US390492828099999,2013,HY,0
Franklin,M100000US390492828099999,2014,HY,0
Franklin,M100000US390492828099999,2015,HY,0
Franklin,M100000US390492828099999,2016,HY,0
Franklin,M100000US390492828099999,2017,HY,0
Franklin,M100000US390492828099999,2018,HY,0
Franklin,M100000US390492828099999,2019,HY,0
Franklin,M100000US390492828099999,2020,HY,0
Franklin,M100000US390492828099999,2021,HY,0
Franklin,M100000US390492828099999,2022.0,HY,0.0
Franklin,M100000US390492828099999,2023,HY,0
Franklin,M100000US390492828099999,2024,HY,0
Franklin,M100000US390492828099999,2025,HY,0
Fredericktown,M100000US3928658,1999,HY,0
Fredericktown,M100000US3928658,2000,HY,0
Fredericktown,M100000US3928658,2001,HY,0
Fredericktown,M100000US3928658,2002,HY,0
Fredericktown,M100000US3928658,2003,HY,0
Fredericktown,M100000US3928658,2004,HY,0
Fredericktown,M100000US3928658,2005,HY,0
Fredericktown,M100000US3928658,2006,HY,0
Fredericktown,M100000US3928658,2007,HY,0
Fredericktown,M100000US3928658,2008,HY,0
Fredericktown,M100000US3928658,2009,HY,0
Fredericktown,M100000US3928658,2010,HY,0
Fredericktown,M100000US3928658,2011,HY,0
Fredericktown,M100000US3928658,2012,HY,0
Fredericktown,M100000US3928658,2013,HY,0
Fredericktown,M100000US3928658,2014,HY,0
Fredericktown,M100000US3928658,2015,HY,0
Fredericktown,M100000US3928658,2016,HY,0
Fredericktown,M100000US3928658,2017,HY,0
Fredericktown,M100000US3928658,2018,HY,0
Fredericktown,M100000US3928658,2019,HY,0
Fredericktown,M100000US3928658,2020,HY,0
Fredericktown,M100000US3928658,2021,HY,0
Fredericktown,M100000US3928658,2022,HY,0
Fredericktown,M100000US3928658,2023.0,HY,0.0
Fredericktown,M100000US3928658,2024,HY,0
Fredericktown,M100000US3928658,2025,HY,0
Gahanna,M100000US3929106,1999,HY,0
Gahanna,M100000US3929106,2000,HY,0
Gahanna,M100000US3929106,2001,HY,0
Gahanna,M100000US3929106,2002,HY,0
Gahanna,M100000US3929106,2003,HY,0
Gahanna,M100000US3929106,2004,HY,0
Gahanna,M100000US3929106,2005,HY,0
Gahanna,M100000US3929106,2006,HY,0
Gahanna,M100000US3929106,2007,HY,0
Gahanna,M100000US3929106,2008,HY,0
Gahanna,M100000US3929106,2009,HY,0
Gahanna,M100000US3929106,2010,HY,0
Gahanna,M100000US3929106,2011,HY,0
Gahanna,M100000US3929106,2012,HY,0
Gahanna,M100000US3929106,2013,HY,0
Gahanna,M100000US3929106,2014,HY,0
Gahanna,M100000US3929106,2015.0,HY,0.0
Gahanna,M100000US3929106,2016,HY,0
Gahanna,M100000US3929106,2017,HY,0
Gahanna,M100000US3929106,2018,HY,0
Gahanna,M100000US3929106,2019.0,HY,0.0
Gahanna,M100000US3929106,2020.0,HY,0.0
Gahanna,M100000US3929106,2021.0,HY,0.0
Gahanna,M100000US3929106,2022.0,HY,0.0
Gahanna,M100000US3929106,2023,HY,0
Gahanna,M100000US3929106,2024,HY,0
Gahanna,M100000US3929106,2025,HY,0
Gambier,M100000US3929246,1999,HY,0
Gambier,M100000US3929246,2000,HY,0
Gambier,M100000US3929246,2001,HY,0
Gambier,M100000US3929246,2002,HY,0
Gambier,M100000US3929246,2003,HY,0
Gambier,M100000US3929246,2004,HY,0
Gambier,M100000US3929246,2005,HY,0
Gambier,M100000US3929246,2006,HY,0
Gambier,M100000US3929246,2007,HY,0
Gambier,M100000US3929246,2008,HY,0
Gambier,M100000US3929246,2009,HY,0
Gambier,M100000US3929246,2010,HY,0
Gambier,M100000US3929246,2011,HY,0
Gambier,M100000US3929246,2012,HY,0
Gambier,M100000US3929246,2013,HY,0
Gambier,M100000US3929246,2014,HY,0
Gambier,M100000US3929246,2015,HY,0
Gambier,M100000US3929246,2016,HY,0
Gambier,M100000US3929246,2017.0,HY,0.0
Gambier,M100000US3929246,2018,HY,0
Gambier,M100000US3929246,2019,HY,0
Gambier,M100000US3929246,2020.0,HY,0.0
Gambier,M100000US3929246,2021.0,HY,0.0
Gambier,M100000US3929246,2022,HY,0
Gambier,M100000US3929246,2023.0,HY,0.0
Gambier,M100000US3929246,2024,HY,0
Gambier,M100000US3929246,2025,HY,0
Grand Prairie,M100000US391013119299999,1999,HY,0
Grand Prairie,M100000US391013119299999,2000,HY,0
Grand Prairie,M100000US391013119299999,2001,HY,0
Grand Prairie,M100000US391013119299999,2002,HY,0
Grand Prairie,M100000US391013119299999,2003,HY,0
Grand Prairie,M100000US391013119299999,2004,HY,0
Grand Prairie,M100000US391013119299999,2005,HY,0
Grand Prairie,M100000US391013119299999,2006,HY,0
Grand Prairie,M100000US391013119299999,2007,HY,0
Grand Prairie,M100000US391013119299999,2008,HY,0
Grand Prairie,M100000US391013119299999,2009,HY,0
Grand Prairie,M100000US391013119299999,2010,HY,0
Grand Prairie,M100000US391013119299999,2011,HY,0
Grand Prairie,M100000US391013119299999,2012,HY,0
Grand Prairie,M100000US391013119299999,2013,HY,0
Grand Prairie,M100000US391013119299999,2014,HY,0
Grand Prairie,M100000US391013119299999,2015,HY,0
Grand Prairie,M100000US391013119299999,2016,HY,0
Grand Prairie,M100000US391013119299999,2017,HY,0
Grand Prairie,M100000US391013119299999,2018,HY,0
Grand Prairie,M100000US391013119299999,2019,HY,0
Grand Prairie,M100000US391013119299999,2020,HY,0
Grand Prairie,M100000US391013119299999,2021,HY,0
Grand Prairie,M100000US391013119299999,2022,HY,0
Grand Prairie,M100000US391013119299999,2023.0,HY,0.0
Grand Prairie,M100000US391013119299999,2024,HY,0
Grand Prairie,M100000US391013119299999,2025,HY,0
Grandview Heights,M100000US3931304,1999,HY,0
Grandview Heights,M100000US3931304,2000,HY,0
Grandview Heights,M100000US3931304,2001,HY,0
Grandview Heights,M100000US3931304,2002,HY,0
Grandview Heights,M100000US3931304,2003,HY,0
Grandview Heights,M100000US3931304,2004,HY,0
Grandview Heights,M100000US3931304,2005,HY,0
Grandview Heights,M100000US3931304,2006,HY,0
Grandview Heights,M100000US3931304,2007,HY,0
Grandview Heights,M100000US3931304,2008,HY,0
Grandview Heights,M100000US3931304,2009,HY,0
Grandview Heights,M100000US3931304,2010,HY,0
Grandview Heights,M100000US3931304,2011,HY,0
Grandview Heights,M100000US3931304,2012,HY,0
Grandview Heights,M100000US3931304,2013,HY,0
Grandview Heights,M100000US3931304,2014,HY,0
Grandview Heights,M100000US3931304,2015,HY,0
Grandview Heights,M100000US3931304,2016,HY,0
Grandview Heights,M100000US3931304,2017,HY,0
Grandview Heights,M100000US3931304,2018,HY,0
Grandview Heights,M100000US3931304,2019.0,HY,0.0
Grandview Heights,M100000US3931304,2020.0,HY,0.0
Grandview Heights,M100000US3931304,2021.0,HY,0.0
Grandview Heights,M100000US3931304,2022.0,HY,0.0
Grandview Heights,M100000US3931304,2023.0,HY,0.0
Grandview Heights,M100000US3931304,2024,HY,0
Grandview Heights,M100000US3931304,2025,HY,0
Granville,M100000US3931402,1999,HY,0
Granville,M100000US3931402,2000,HY,0
Granville,M100000US3931402,2001,HY,0
Granville,M100000US3931402,2002,HY,0
Granville,M100000US3931402,2003,HY,0
Granville,M100000US3931402,2004,HY,0
Granville,M100000US3931402,2005,HY,0
Granville,M100000US3931402,2006,HY,0
Granville,M100000US3931402,2007,HY,0
Granville,M100000US3931402,2008,HY,0
Granville,M100000US3931402,2009,HY,0
Granville,M100000US3931402,2010,HY,0
Granville,M100000US3931402,2011,HY,0
Granville,M100000US3931402,2012,HY,0
Granville,M100000US3931402,2013,HY,0
Granville,M100000US3931402,2014,HY,0
Granville,M100000US3931402,2015,HY,0
Granville,M100000US3931402,2016,HY,0
Granville,M100000US3931402,2017,HY,0
Granville,M100000US3931402,2018,HY,0
Granville,M100000US3931402,2019.0,HY,0.0
Granville,M100000US3931402,2020,HY,0
Granville,M100000US3931402,2021,HY,0
Granville,M100000US3931402,2022.0,HY,0.0
Granville,M100000US3931402,2023.0,HY,0.0
Granville,M100000US3931402,2024,HY,0
Granville,M100000US3931402,2025,HY,0
Green,M100000US391413182299999,1999,HY,0
Green,M100000US391413182299999,2000,HY,0
Green,M100000US391413182299999,2001,HY,0
Green,M100000US391413182299999,2002,HY,0
Green,M100000US391413182299999,2003,HY,0
Green,M100000US391413182299999,2004,HY,0
Green,M100000US391413182299999,2005,HY,0
Green,M100000US391413182299999,2006,HY,0
Green,M100000US391413182299999,2007,HY,0
Green,M100000US391413182299999,2008,HY,0
Green,M100000US391413182299999,2009,HY,0
Green,M100000US391413182299999,2010,HY,0
Green,M100000US391413182299999,2011,HY,0
Green,M100000US391413182299999,2012,HY,0
Green,M100000US391413182299999,2013,HY,0
Green,M100000US391413182299999,2014,HY,0
Green,M100000US391413182299999,2015.0,HY,0.0
Green,M100000US391413182299999,2016,HY,0
Green,M100000US391413182299999,2017,HY,0
Green,M100000US391413182299999,2018,HY,0
Green,M100000US391413182299999,2019.0,HY,0.0
Green,M100000US391413182299999,2020,HY,0
Green,M100000US391413182299999,2021.0,HY,0.0
Green,M100000US391413182299999,2022,HY,0
Green,M100000US391413182299999,2023,HY,0
Green,M100000US391413182299999,2024,HY,0
Green,M100000US391413182299999,2025,HY,0
Greenfield,M100000US390453206099999,1999,HY,0
Greenfield,M100000US390453206099999,2000,HY,0
Greenfield,M100000US390453206099999,2001,HY,0
Greenfield,M100000US390453206099999,2002,HY,0
Greenfield,M100000US390453206099999,2003,HY,0
Greenfield,M100000US390453206099999,2004,HY,0
Greenfield,M100000US390453206099999,2005,HY,0
Greenfield,M100000US390453206099999,2006,HY,0
Greenfield,M100000US390453206099999,2007,HY,0
Greenfield,M100000US390453206099999,2008,HY,0
Greenfield,M100000US390453206099999,2009,HY,0
Greenfield,M100000US390453206099999,2010,HY,0
Greenfield,M100000US390453206099999,2011,HY,0
Greenfield,M100000US390453206099999,2012,HY,0
Greenfield,M100000US390453206099999,2013,HY,0
Greenfield,M100000US390453206099999,2014,HY,0
Greenfield,M100000US390453206099999,2015,HY,0
Greenfield,M100000US390453206099999,2016.0,HY,0.0
Greenfield,M100000US390453206099999,2017,HY,0
Greenfield,M100000US390453206099999,2018,HY,0
Greenfield,M100000US390453206099999,2019,HY,0
Greenfield,M100000US390453206099999,2020,HY,0
Greenfield,M100000US390453206099999,2021,HY,0
Greenfield,M100000US390453206099999,2022.0,HY,0.0
Greenfield,M100000US390453206099999,2023,HY,0
Greenfield,M100000US390453206099999,2024.0,HY,0.0
Greenfield,M100000US390453206099999,2025,HY,0
Grove City,M100000US3932592,1999,HY,0
Grove City,M100000US3932592,2000,HY,0
Grove City,M100000US3932592,2001,HY,0
Grove City,M100000US3932592,2002,HY,0
Grove City,M100000US3932592,2003,HY,0
Grove City,M100000US3932592,2004,HY,0
Grove City,M100000US3932592,2005,HY,0
Grove City,M100000US3932592,2006,HY,0
Grove City,M100000US3932592,2007,HY,0
Grove City,M100000US3932592,2008.0,HY,0.0
Grove City,M100000US3932592,2009,HY,0
Grove City,M100000US3932592,2010,HY,0
Grove City,M100000US3932592,2011,HY,0
Grove City,M100000US3932592,2012,HY,0
Grove City,M100000US3932592,2013,HY,0
Grove City,M100000US3932592,2014,HY,0
Grove City,M100000US3932592,2015.0,HY,0.0
Grove City,M100000US3932592,2016,HY,0
Grove City,M100000US3932592,2017,HY,0
Grove City,M100000US3932592,2018,HY,0
Grove City,M100000US3932592,2019.0,HY,0.0
Grove City,M100000US3932592,2020.0,HY,0.0
Grove City,M100000US3932592,2021.0,HY,0.0
Grove City,M100000US3932592,2022.0,HY,0.0
Grove City,M100000US3932592,2023.0,HY,0.0
Grove City,M100000US3932592,2024,HY,0
Grove City,M100000US3932592,2025,HY,0
Groveport,M100000US3932606,1999,HY,0
Groveport,M100000US3932606,2000,HY,0
Groveport,M100000US3932606,2001,HY,0
Groveport,M100000US3932606,2002,HY,0
Groveport,M100000US3932606,2003,HY,0
Groveport,M100000US3932606,2004,HY,0
Groveport,M100000US3932606,2005,HY,0
Groveport,M100000US3932606,2006,HY,0
Groveport,M100000US3932606,2007,HY,0
Groveport,M100000US3932606,2008,HY,0
Groveport,M100000US3932606,2009,HY,0
Groveport,M100000US3932606,2010,HY,0
Groveport,M100000US3932606,2011,HY,0
Groveport,M100000US3932606,2012,HY,0
Groveport,M100000US3932606,2013,HY,0
Groveport,M100000US3932606,2014,HY,0
Groveport,M100000US3932606,2015,HY,0
Groveport,M100000US3932606,2016,HY,0
Groveport,M100000US3932606,2017,HY,0
Groveport,M100000US3932606,2018,HY,0
Groveport,M100000US3932606,2019,HY,0
Groveport,M100000US3932606,2020,HY,0
Groveport,M100000US3932606,2021,HY,0
Groveport,M100000US3932606,2022.0,HY,0.0
Groveport,M100000US3932606,2023,HY,0
Groveport,M100000US3932606,2024,HY,0
Groveport,M100000US3932606,2025,HY,0
Hamilton,M100000US390493302699999,1999,HY,0
Hamilton,M100000US390493302699999,2000,HY,0
Hamilton,M100000US390493302699999,2001,HY,0
Hamilton,M100000US390493302699999,2002,HY,0
Hamilton,M100000US390493302699999,2003,HY,0
Hamilton,M100000US390493302699999,2004,HY,0
Hamilton,M100000US390493302699999,2005,HY,0
Hamilton,M100000US390493302699999,2006,HY,0
Hamilton,M100000US390493302699999,2007,HY,0
Hamilton,M100000US390493302699999,2008,HY,0
Hamilton,M100000US390493302699999,2009,HY,0
Hamilton,M100000US390493302699999,2010,HY,0
Hamilton,M100000US390493302699999,2011,HY,0
Hamilton,M100000US390493302699999,2012,HY,0
Hamilton,M100000US390493302699999,2013,HY,0
Hamilton,M100000US390493302699999,2014,HY,0
Hamilton,M100000US390493302699999,2015,HY,0
Hamilton,M100000US390493302699999,2016,HY,0
Hamilton,M100000US390493302699999,2017,HY,0
Hamilton,M100000US390493302699999,2018,HY,0
Hamilton,M100000US390493302699999,2019,HY,0
Hamilton,M100000US390493302699999,2020,HY,0
Hamilton,M100000US390493302699999,2021,HY,0
Hamilton,M100000US390493302699999,2022.0,HY,0.0
Hamilton,M100000US390493302699999,2023,HY,0
Hamilton,M100000US390493302699999,2024,HY,0
Hamilton,M100000US390493302699999,2025,HY,0
Harrison,M100000US390913390899999,1999,HY,0
Harrison,M100000US390913390899999,2000,HY,0
Harrison,M100000US390913390899999,2001,HY,0
Harrison,M100000US390913390899999,2002,HY,0
Harrison,M100000US390913390899999,2003,HY,0
Harrison,M100000US390913390899999,2004,HY,0
Harrison,M100000US390913390899999,2005,HY,0
Harrison,M100000US390913390899999,2006,HY,0
Harrison,M100000US390913390899999,2007,HY,0
Harrison,M100000US390913390899999,2008,HY,0
Harrison,M100000US390913390899999,2009,HY,0
Harrison,M100000US390913390899999,2010,HY,0
Harrison,M100000US390913390899999,2011,HY,0
Harrison,M100000US390913390899999,2012,HY,0
Harrison,M100000US390913390899999,2013,HY,0
Harrison,M100000US390913390899999,2014,HY,0
Harrison,M100000US390913390899999,2015,HY,0
Harrison,M100000US390913390899999,2016,HY,0
Harrison,M100000US390913390899999,2017,HY,0
Harrison,M100000US390913390899999,2018,HY,0
Harrison,M100000US390913390899999,2019,HY,0
Harrison,M100000US390913390899999,2020,HY,0
Harrison,M100000US390913390899999,2021.0,HY,0.0
Harrison,M100000US390913390899999,2022,HY,0
Harrison,M100000US390913390899999,2023,HY,0
Harrison,M100000US390913390899999,2024,HY,0
Harrison,M100000US390913390899999,2025,HY,0
Heath,M100000US3934748,1999,HY,0
Heath,M100000US3934748,2000,HY,0
Heath,M100000US3934748,2001,HY,0
Heath,M100000US3934748,2002,HY,0
Heath,M100000US3934748,2003,HY,0
Heath,M100000US3934748,2004,HY,0
Heath,M100000US3934748,2005,HY,0
Heath,M100000US3934748,2006,HY,0
Heath,M100000US3934748,2007,HY,0
Heath,M100000US3934748,2008,HY,0
Heath,M100000US3934748,2009,HY,0
Heath,M100000US3934748,2010,HY,0
Heath,M100000US3934748,2011.0,HY,0.0
Heath,M100000US3934748,2012,HY,0
Heath,M100000US3934748,2013,HY,0
Heath,M100000US3934748,2014,HY,0
Heath,M100000US3934748,2015,HY,0
Heath,M100000US3934748,2016,HY,0
Heath,M100000US3934748,2017.0,HY,0.0
Heath,M100000US3934748,2018,HY,0
Heath,M100000US3934748,2019,HY,0
Heath,M100000US3934748,2020,HY,0
Heath,M100000US3934748,2021.0,HY,0.0
Heath,M100000US3934748,2022,HY,0
Heath,M100000US3934748,2023.0,HY,0.0
Heath,M100000US3934748,2024.0,HY,0.0
Heath,M100000US3934748,2025,HY,0
Hebron,M100000US3934790,1999,HY,0
Hebron,M100000US3934790,2000,HY,0
Hebron,M100000US3934790,2001,HY,0
Hebron,M100000US3934790,2002,HY,0
Hebron,M100000US3934790,2003,HY,0
Hebron,M100000US3934790,2004,HY,0
Hebron,M100000US3934790,2005,HY,0
Hebron,M100000US3934790,2006,HY,0
Hebron,M100000US3934790,2007,HY,0
Hebron,M100000US3934790,2008,HY,0
Hebron,M100000US3934790,2009,HY,0
Hebron,M100000US3934790,2010,HY,0
Hebron,M100000US3934790,2011,HY,0
Hebron,M100000US3934790,2012,HY,0
Hebron,M100000US3934790,2013,HY,0
Hebron,M100000US3934790,2014,HY,0
Hebron,M100000US3934790,2015,HY,0
Hebron,M100000US3934790,2016,HY,0
Hebron,M100000US3934790,2017,HY,0
Hebron,M100000US3934790,2018,HY,0
Hebron,M100000US3934790,2019,HY,0
Hebron,M100000US3934790,2020,HY,0
Hebron,M100000US3934790,2021,HY,0
Hebron,M100000US3934790,2022.0,HY,0.0
Hebron,M100000US3934790,2023,HY,0
Hebron,M100000US3934790,2024,HY,0
Hebron,M100000US3934790,2025,HY,0
Hilliard,M100000US3935476,1999,HY,0
Hilliard,M100000US3935476,2000,HY,0
Hilliard,M100000US3935476,2001,HY,0
Hilliard,M100000US3935476,2002,HY,0
Hilliard,M100000US3935476,2003,HY,0
Hilliard,M100000US3935476,2004,HY,0
Hilliard,M100000US3935476,2005,HY,0
Hilliard,M100000US3935476,2006,HY,0
Hilliard,M100000US3935476,2007,HY,0
Hilliard,M100000US3935476,2008,HY,0
Hilliard,M100000US3935476,2009,HY,0
Hilliard,M100000US3935476,2010,HY,0
Hilliard,M100000US3935476,2011.0,HY,0.0
Hilliard,M100000US3935476,2012.0,HY,0.0
Hilliard,M100000US3935476,2013,HY,0
Hilliard,M100000US3935476,2014.0,HY,0.0
Hilliard,M100000US3935476,2015,HY,0
Hilliard,M100000US3935476,2016,HY,0
Hilliard,M100000US3935476,2017.0,HY,0.0
Hilliard,M100000US3935476,2018,HY,0
Hilliard,M100000US3935476,2019.0,HY,0.0
Hilliard,M100000US3935476,2020.0,HY,0.0
Hilliard,M100000US3935476,2021,HY,0
Hilliard,M100000US3935476,2022.0,HY,0.0
Hilliard,M100000US3935476,2023,HY,0
Hilliard,M100000US3935476,2024.0,HY,0.0
Hilliard,M100000US3935476,2025,HY,0
Jefferson,M100000US390473859899999,1999,HY,0
Jefferson,M100000US390973869699999,1999,HY,0
Jefferson,M100000US390473859899999,2000,HY,0
Jefferson,M100000US390973869699999,2000,HY,0
Jefferson,M100000US390473859899999,2001,HY,0
Jefferson,M100000US390973869699999,2001,HY,0
Jefferson,M100000US390473859899999,2002,HY,0
Jefferson,M100000US390973869699999,2002,HY,0
Jefferson,M100000US390473859899999,2003,HY,0
Jefferson,M100000US390973869699999,2003,HY,0
Jefferson,M100000US390473859899999,2004,HY,0
Jefferson,M100000US390973869699999,2004,HY,0
Jefferson,M100000US390473859899999,2005,HY,0
Jefferson,M100000US390973869699999,2005,HY,0
Jefferson,M100000US390473859899999,2006,HY,0
Jefferson,M100000US390973869699999,2006,HY,0
Jefferson,M100000US390473859899999,2007,HY,0
Jefferson,M100000US390973869699999,2007,HY,0
Jefferson,M100000US390473859899999,2008,HY,0
Jefferson,M100000US390973869699999,2008,HY,0
Jefferson,M100000US390473859899999,2009,HY,0
Jefferson,M100000US390973869699999,2009,HY,0
Jefferson,M100000US390473859899999,2010,HY,0
Jefferson,M100000US390973869699999,2010,HY,0
Jefferson,M100000US390473859899999,2011,HY,0
Jefferson,M100000US390973869699999,2011,HY,0
Jefferson,M100000US390473859899999,2012,HY,0
Jefferson,M100000US390973869699999,2012,HY,0
Jefferson,M100000US390473859899999,2013,HY,0
Jefferson,M100000US390973869699999,2013,HY,0
Jefferson,M100000US390473859899999,2014,HY,0
Jefferson,M100000US390973869699999,2014,HY,0
Jefferson,M100000US390473859899999,2015,HY,0
Jefferson,M100000US390973869699999,2015,HY,0
Jefferson,M100000US390473859899999,2016,HY,0
Jefferson,M100000US390973869699999,2016,HY,0
Jefferson,M100000US390473859899999,2017,HY,0
Jefferson,M100000US390973869699999,2017,HY,0
Jefferson,M100000US390473859899999,2018,HY,0
Jefferson,M100000US390973869699999,2018,HY,0
Jefferson,M100000US390473859899999,2019,HY,0
Jefferson,M100000US390973869699999,2019,HY,0
Jefferson,M100000US390473859899999,2020,HY,0
Jefferson,M100000US390973869699999,2020,HY,0
Jefferson,M100000US390473859899999,2021,HY,0
Jefferson,M100000US390973869699999,2021,HY,0
Jefferson,M100000US390473859899999,2022.0,HY,0.0
Jefferson,M100000US390973869699999,2022.0,HY,0.0
Jefferson,M100000US390473859899999,2023.0,HY,0.0
Jefferson,M100000US390973869699999,2023.0,HY,0.0
Jefferson,M100000US390473859899999,2024,HY,0
Jefferson,M100000US390973869699999,2024,HY,0
Jefferson,M100000US390473859899999,2025,HY,0
Jefferson,M100000US390973869699999,2025,HY,0
Jeffersonville,M100000US3938920,1999,HY,0
Jeffersonville,M100000US3938920,2000,HY,0
Jeffersonville,M100000US3938920,2001,HY,0
Jeffersonville,M100000US3938920,2002,HY,0
Jeffersonville,M100000US3938920,2003,HY,0
Jeffersonville,M100000US3938920,2004,HY,0
Jeffersonville,M100000US3938920,2005,HY,0
Jeffersonville,M100000US3938920,2006,HY,0
Jeffersonville,M100000US3938920,2007,HY,0
Jeffersonville,M100000US3938920,2008,HY,0
Jeffersonville,M100000US3938920,2009,HY,0
Jeffersonville,M100000US3938920,2010,HY,0
Jeffersonville,M100000US3938920,2011,HY,0
Jeffersonville,M100000US3938920,2012,HY,0
Jeffersonville,M100000US3938920,2013,HY,0
Jeffersonville,M100000US3938920,2014,HY,0
Jeffersonville,M100000US3938920,2015.0,HY,0.0
Jeffersonville,M100000US3938920,2016,HY,0
Jeffersonville,M100000US3938920,2017,HY,0
Jeffersonville,M100000US3938920,2018,HY,0
Jeffersonville,M100000US3938920,2019,HY,0
Jeffersonville,M100000US3938920,2020,HY,0
Jeffersonville,M100000US3938920,2021,HY,0
Jeffersonville,M100000US3938920,2022,HY,0
Jeffersonville,M100000US3938920,2023,HY,0
Jeffersonville,M100000US3938920,2024.0,HY,0.0
Jeffersonville,M100000US3938920,2025,HY,0
Jerome,M100000US391593904699999,1999,HY,0
Jerome,M100000US391593904699999,2000,HY,0
Jerome,M100000US391593904699999,2001,HY,0
Jerome,M100000US391593904699999,2002,HY,0
Jerome,M100000US391593904699999,2003,HY,0
Jerome,M100000US391593904699999,2004,HY,0
Jerome,M100000US391593904699999,2005,HY,0
Jerome,M100000US391593904699999,2006,HY,0
Jerome,M100000US391593904699999,2007,HY,0
Jerome,M100000US391593904699999,2008,HY,0
Jerome,M100000US391593904699999,2009,HY,0
Jerome,M100000US391593904699999,2010,HY,0
Jerome,M100000US391593904699999,2011,HY,0
Jerome,M100000US391593904699999,2012,HY,0
Jerome,M100000US391593904699999,2013,HY,0
Jerome,M100000US391593904699999,2014,HY,0
Jerome,M100000US391593904699999,2015,HY,0
Jerome,M100000US391593904699999,2016,HY,0
Jerome,M100000US391593904699999,2017,HY,0
Jerome,M100000US391593904699999,2018,HY,0
Jerome,M100000US391593904699999,2019,HY,0
Jerome,M100000US391593904699999,2020,HY,0
Jerome,M100000US391593904699999,2021,HY,0
Jerome,M100000US391593904699999,2022,HY,0
Jerome,M100000US391593904699999,2023,HY,0
Jerome,M100000US391593904699999,2024.0,HY,0.0
Jerome,M100000US391593904699999,2025,HY,0
Jersey,M100000US390893910299999,1999,HY,0
Jersey,M100000US390893910299999,2000,HY,0
Jersey,M100000US390893910299999,2001,HY,0
Jersey,M100000US390893910299999,2002,HY,0
Jersey,M100000US390893910299999,2003,HY,0
Jersey,M100000US390893910299999,2004,HY,0
Jersey,M100000US390893910299999,2005,HY,0
Jersey,M100000US390893910299999,2006,HY,0
Jersey,M100000US390893910299999,2007,HY,0
Jersey,M100000US390893910299999,2008,HY,0
Jersey,M100000US390893910299999,2009,HY,0
Jersey,M100000US390893910299999,2010,HY,0
Jersey,M100000US390893910299999,2011,HY,0
Jersey,M100000US390893910299999,2012,HY,0
Jersey,M100000US390893910299999,2013,HY,0
Jersey,M100000US390893910299999,2014,HY,0
Jersey,M100000US390893910299999,2015,HY,0
Jersey,M100000US390893910299999,2016,HY,0
Jersey,M100000US390893910299999,2017,HY,0
Jersey,M100000US390893910299999,2018,HY,0
Jersey,M100000US390893910299999,2019,HY,0
Jersey,M100000US390893910299999,2020,HY,0
Jersey,M100000US390893910299999,2021,HY,0
Jersey,M100000US390893910299999,2022,HY,0
Jersey,M100000US390893910299999,2023,HY,0
Jersey,M100000US390893910299999,2024.0,HY,0.0
Jersey,M100000US390893910299999,2025,HY,0
Johnstown,M100000US3939340,1999,HY,0
Johnstown,M100000US3939340,2000,HY,0
Johnstown,M100000US3939340,2001,HY,0
Johnstown,M100000US3939340,2002,HY,0
Johnstown,M100000US3939340,2003,HY,0
Johnstown,M100000US3939340,2004,HY,0
Johnstown,M100000US3939340,2005,HY,0
Johnstown,M100000US3939340,2006,HY,0
Johnstown,M100000US3939340,2007,HY,0
Johnstown,M100000US3939340,2008,HY,0
Johnstown,M100000US3939340,2009,HY,0
Johnstown,M100000US3939340,2010,HY,0
Johnstown,M100000US3939340,2011,HY,0
Johnstown,M100000US3939340,2012,HY,0
Johnstown,M100000US3939340,2013,HY,0
Johnstown,M100000US3939340,2014,HY,0
Johnstown,M100000US3939340,2015,HY,0
Johnstown,M100000US3939340,2016,HY,0
Johnstown,M100000US3939340,2017,HY,0
Johnstown,M100000US3939340,2018,HY,0
Johnstown,M100000US3939340,2019,HY,0
Johnstown,M100000US3939340,2020,HY,0
Johnstown,M100000US3939340,2021,HY,0
Johnstown,M100000US3939340,2022.0,HY,0.0
Johnstown,M100000US3939340,2023,HY,0
Johnstown,M100000US3939340,2024,HY,0
Johnstown,M100000US3939340,2025,HY,0
Kirkersville,M100000US3940572,1999,HY,0
Kirkersville,M100000US3940572,2000,HY,0
Kirkersville,M100000US3940572,2001,HY,0
Kirkersville,M100000US3940572,2002,HY,0
Kirkersville,M100000US3940572,2003,HY,0
Kirkersville,M100000US3940572,2004,HY,0
Kirkersville,M100000US3940572,2005,HY,0
Kirkersville,M100000US3940572,2006,HY,0
Kirkersville,M100000US3940572,2007,HY,0
Kirkersville,M100000US3940572,2008,HY,0
Kirkersville,M100000US3940572,2009,HY,0
Kirkersville,M100000US3940572,2010,HY,0
Kirkersville,M100000US3940572,2011,HY,0
Kirkersville,M100000US3940572,2012,HY,0
Kirkersville,M100000US3940572,2013,HY,0
Kirkersville,M100000US3940572,2014,HY,0
Kirkersville,M100000US3940572,2015.0,HY,0.0
Kirkersville,M100000US3940572,2016,HY,0
Kirkersville,M100000US3940572,2017,HY,0
Kirkersville,M100000US3940572,2018,HY,0
Kirkersville,M100000US3940572,2019,HY,0
Kirkersville,M100000US3940572,2020,HY,0
Kirkersville,M100000US3940572,2021,HY,0
Kirkersville,M100000US3940572,2022,HY,0
Kirkersville,M100000US3940572,2023,HY,0
Kirkersville,M100000US3940572,2024.0,HY,0.0
Kirkersville,M100000US3940572,2025,HY,0
Lancaster,M100000US3941720,1999,HY,0
Lancaster,M100000US3941720,2000,HY,0
Lancaster,M100000US3941720,2001,HY,0
Lancaster,M100000US3941720,2002,HY,0
Lancaster,M100000US3941720,2003,HY,0
Lancaster,M100000US3941720,2004,HY,0
Lancaster,M100000US3941720,2005,HY,0
Lancaster,M100000US3941720,2006,HY,0
Lancaster,M100000US3941720,2007,HY,0
Lancaster,M100000US3941720,2008,HY,0
Lancaster,M100000US3941720,2009,HY,0
Lancaster,M100000US3941720,2010,HY,0
Lancaster,M100000US3941720,2011,HY,0
Lancaster,M100000US3941720,2012.0,HY,0.0
Lancaster,M100000US3941720,2013,HY,0
Lancaster,M100000US3941720,2014.0,HY,0.0
Lancaster,M100000US3941720,2015,HY,0
Lancaster,M100000US3941720,2016,HY,0
Lancaster,M100000US3941720,2017,HY,0
Lancaster,M100000US3941720,2018,HY,0
Lancaster,M100000US3941720,2019.0,HY,0.0
Lancaster,M100000US3941720,2020,HY,0
Lancaster,M100000US3941720,2021.0,HY,0.0
Lancaster,M100000US3941720,2022.0,HY,0.0
Lancaster,M100000US3941720,2023.0,HY,0.0
Lancaster,M100000US3941720,2024,HY,0
Lancaster,M100000US3941720,2025,HY,0
Laurel,M100000US390734205699999,1999,HY,0
Laurel,M100000US390734205699999,2000,HY,0
Laurel,M100000US390734205699999,2001,HY,0
Laurel,M100000US390734205699999,2002,HY,0
Laurel,M100000US390734205699999,2003,HY,0
Laurel,M100000US390734205699999,2004,HY,0
Laurel,M100000US390734205699999,2005,HY,0
Laurel,M100000US390734205699999,2006,HY,0
Laurel,M100000US390734205699999,2007,HY,0
Laurel,M100000US390734205699999,2008,HY,0
Laurel,M100000US390734205699999,2009,HY,0
Laurel,M100000US390734205699999,2010,HY,0
Laurel,M100000US390734205699999,2011,HY,0
Laurel,M100000US390734205699999,2012,HY,0
Laurel,M100000US390734205699999,2013,HY,0
Laurel,M100000US390734205699999,2014,HY,0
Laurel,M100000US390734205699999,2015.0,HY,0.0
Laurel,M100000US390734205699999,2016,HY,0
Laurel,M100000US390734205699999,2017,HY,0
Laurel,M100000US390734205699999,2018,HY,0
Laurel,M100000US390734205699999,2019,HY,0
Laurel,M100000US390734205699999,2020,HY,0
Laurel,M100000US390734205699999,2021,HY,0
Laurel,M100000US390734205699999,2022,HY,0
Laurel,M100000US390734205699999,2023,HY,0
Laurel,M100000US390734205699999,2024,HY,0
Laurel,M100000US390734205699999,2025,HY,0
Liberty,M100000US391594335899999,1999,HY,0
Liberty,M100000US390414310699999,1999,HY,0
Liberty,M100000US391594335899999,2000,HY,0
Liberty,M100000US390414310699999,2000,HY,0
Liberty,M100000US391594335899999,2001,HY,0
Liberty,M100000US390414310699999,2001,HY,0
Liberty,M100000US391594335899999,2002,HY,0
Liberty,M100000US390414310699999,2002,HY,0
Liberty,M100000US391594335899999,2003,HY,0
Liberty,M100000US390414310699999,2003,HY,0
Liberty,M100000US391594335899999,2004,HY,0
Liberty,M100000US390414310699999,2004,HY,0
Liberty,M100000US391594335899999,2005,HY,0
Liberty,M100000US390414310699999,2005,HY,0
Liberty,M100000US391594335899999,2006,HY,0
Liberty,M100000US390414310699999,2006,HY,0
Liberty,M100000US391594335899999,2007,HY,0
Liberty,M100000US390414310699999,2007,HY,0
Liberty,M100000US391594335899999,2008,HY,0
Liberty,M100000US390414310699999,2008,HY,0
Liberty,M100000US391594335899999,2009,HY,0
Liberty,M100000US390414310699999,2009,HY,0
Liberty,M100000US391594335899999,2010,HY,0
Liberty,M100000US390414310699999,2010,HY,0
Liberty,M100000US391594335899999,2011,HY,0
Liberty,M100000US390414310699999,2011,HY,0
Liberty,M100000US391594335899999,2012,HY,0
Liberty,M100000US390414310699999,2012,HY,0
Liberty,M100000US391594335899999,2013,HY,0
Liberty,M100000US390414310699999,2013,HY,0
Liberty,M100000US391594335899999,2014,HY,0
Liberty,M100000US390414310699999,2014,HY,0
Liberty,M100000US391594335899999,2015,HY,0
Liberty,M100000US390414310699999,2015,HY,0
Liberty,M100000US391594335899999,2016,HY,0
Liberty,M100000US390414310699999,2016,HY,0
Liberty,M100000US391594335899999,2017,HY,0
Liberty,M100000US390414310699999,2017,HY,0
Liberty,M100000US391594335899999,2018.0,HY,0.0
Liberty,M100000US390414310699999,2018.0,HY,0.0
Liberty,M100000US391594335899999,2019,HY,0
Liberty,M100000US390414310699999,2019,HY,0
Liberty,M100000US391594335899999,2020,HY,0
Liberty,M100000US390414310699999,2020,HY,0
Liberty,M100000US391594335899999,2021.0,HY,0.0
Liberty,M100000US390414310699999,2021.0,HY,0.0
Liberty,M100000US391594335899999,2022,HY,0
Liberty,M100000US390414310699999,2022,HY,0
Liberty,M100000US391594335899999,2023,HY,0
Liberty,M100000US390414310699999,2023,HY,0
Liberty,M100000US391594335899999,2024.0,HY,0.0
Liberty,M100000US390414310699999,2024.0,HY,0.0
Liberty,M100000US391594335899999,2025,HY,0
Liberty,M100000US390414310699999,2025,HY,0
Logan,M100000US3944632,1999,HY,0
Logan,M100000US3944632,2000,HY,0
Logan,M100000US3944632,2001,HY,0
Logan,M100000US3944632,2002,HY,0
Logan,M100000US3944632,2003,HY,0
Logan,M100000US3944632,2004,HY,0
Logan,M100000US3944632,2005,HY,0
Logan,M100000US3944632,2006,HY,0
Logan,M100000US3944632,2007,HY,0
Logan,M100000US3944632,2008,HY,0
Logan,M100000US3944632,2009,HY,0
Logan,M100000US3944632,2010,HY,0
Logan,M100000US3944632,2011,HY,0
Logan,M100000US3944632,2012,HY,0
Logan,M100000US3944632,2013,HY,0
Logan,M100000US3944632,2014,HY,0
Logan,M100000US3944632,2015,HY,0
Logan,M100000US3944632,2016,HY,0
Logan,M100000US3944632,2017,HY,0
Logan,M100000US3944632,2018,HY,0
Logan,M100000US3944632,2019,HY,0
Logan,M100000US3944632,2020,HY,0
Logan,M100000US3944632,2021.0,HY,0.0
Logan,M100000US3944632,2022,HY,0
Logan,M100000US3944632,2023.0,HY,0.0
Logan,M100000US3944632,2024,HY,0
Logan,M100000US3944632,2025,HY,0
London,M100000US3944674,1999,HY,0
London,M100000US3944674,2000,HY,0
London,M100000US3944674,2001,HY,0
London,M100000US3944674,2002,HY,0
London,M100000US3944674,2003,HY,0
London,M100000US3944674,2004,HY,0
London,M100000US3944674,2005,HY,0
London,M100000US3944674,2006,HY,0
London,M100000US3944674,2007,HY,0
London,M100000US3944674,2008,HY,0
London,M100000US3944674,2009,HY,0
London,M100000US3944674,2010,HY,0
London,M100000US3944674,2011,HY,0
London,M100000US3944674,2012,HY,0
London,M100000US3944674,2013,HY,0
London,M100000US3944674,2014,HY,0
London,M100000US3944674,2015,HY,0
London,M100000US3944674,2016,HY,0
London,M100000US3944674,2017,HY,0
London,M100000US3944674,2018,HY,0
London,M100000US3944674,2019,HY,0
London,M100000US3944674,2020,HY,0
London,M100000US3944674,2021.0,HY,0.0
London,M100000US3944674,2022.0,HY,0.0
London,M100000US3944674,2023.0,HY,0.0
London,M100000US3944674,2024.0,HY,0.0
London,M100000US3944674,2025,HY,0
Marble Cliff,M100000US3947474,1999,HY,0
Marble Cliff,M100000US3947474,2000,HY,0
Marble Cliff,M100000US3947474,2001,HY,0
Marble Cliff,M100000US3947474,2002,HY,0
Marble Cliff,M100000US3947474,2003,HY,0
Marble Cliff,M100000US3947474,2004,HY,0
Marble Cliff,M100000US3947474,2005,HY,0
Marble Cliff,M100000US3947474,2006,HY,0
Marble Cliff,M100000US3947474,2007,HY,0
Marble Cliff,M100000US3947474,2008,HY,0
Marble Cliff,M100000US3947474,2009,HY,0
Marble Cliff,M100000US3947474,2010,HY,0
Marble Cliff,M100000US3947474,2011,HY,0
Marble Cliff,M100000US3947474,2012,HY,0
Marble Cliff,M100000US3947474,2013,HY,0
Marble Cliff,M100000US3947474,2014,HY,0
Marble Cliff,M100000US3947474,2015,HY,0
Marble Cliff,M100000US3947474,2016,HY,0
Marble Cliff,M100000US3947474,2017,HY,0
Marble Cliff,M100000US3947474,2018,HY,0
Marble Cliff,M100000US3947474,2019,HY,0
Marble Cliff,M100000US3947474,2020.0,HY,0.0
Marble Cliff,M100000US3947474,2021.0,HY,0.0
Marble Cliff,M100000US3947474,2022,HY,0
Marble Cliff,M100000US3947474,2023,HY,0
Marble Cliff,M100000US3947474,2024,HY,0
Marble Cliff,M100000US3947474,2025,HY,0
Marion,M100000US391014776899999,1999,HY,0
Marion,M100000US3947754,1999,HY,0
Marion,M100000US391014776899999,2000,HY,0
Marion,M100000US3947754,2000,HY,0
Marion,M100000US391014776899999,2001,HY,0
Marion,M100000US3947754,2001,HY,0
Marion,M100000US391014776899999,2002,HY,0
Marion,M100000US3947754,2002,HY,0
Marion,M100000US391014776899999,2003,HY,0
Marion,M100000US3947754,2003,HY,0
Marion,M100000US391014776899999,2004,HY,0
Marion,M100000US3947754,2004,HY,0
Marion,M100000US391014776899999,2005,HY,0
Marion,M100000US3947754,2005,HY,0
Marion,M100000US391014776899999,2006,HY,0
Marion,M100000US3947754,2006,HY,0
Marion,M100000US391014776899999,2007,HY,0
Marion,M100000US3947754,2007,HY,0
Marion,M100000US391014776899999,2008,HY,0
Marion,M100000US3947754,2008,HY,0
Marion,M100000US391014776899999,2009,HY,0
Marion,M100000US3947754,2009,HY,0
Marion,M100000US391014776899999,2010,HY,0
Marion,M100000US3947754,2010,HY,0
Marion,M100000US391014776899999,2011.0,HY,0.0
Marion,M100000US3947754,2011.0,HY,0.0
Marion,M100000US391014776899999,2012,HY,0
Marion,M100000US3947754,2012,HY,0
Marion,M100000US391014776899999,2013,HY,0
Marion,M100000US3947754,2013,HY,0
Marion,M100000US391014776899999,2014,HY,0
Marion,M100000US3947754,2014,HY,0
Marion,M100000US391014776899999,2015,HY,0
Marion,M100000US3947754,2015,HY,0
Marion,M100000US391014776899999,2016,HY,0
Marion,M100000US3947754,2016,HY,0
Marion,M100000US391014776899999,2017,HY,0
Marion,M100000US3947754,2017,HY,0
Marion,M100000US391014776899999,2018,HY,0
Marion,M100000US3947754,2018,HY,0
Marion,M100000US391014776899999,2019.0,HY,0.0
Marion,M100000US3947754,2019.0,HY,0.0
Marion,M100000US391014776899999,2020.0,HY,0.0
Marion,M100000US3947754,2020.0,HY,0.0
Marion,M100000US391014776899999,2021.0,HY,0.0
Marion,M100000US3947754,2021.0,HY,0.0
Marion,M100000US391014776899999,2022,HY,0
Marion,M100000US3947754,2022,HY,0
Marion,M100000US391014776899999,2023.0,HY,0.0
Marion,M100000US3947754,2023.0,HY,0.0
Marion,M100000US391014776899999,2024.0,HY,0.0
Marion,M100000US3947754,2024.0,HY,0.0
Marion,M100000US391014776899999,2025,HY,0
Marion,M100000US3947754,2025,HY,0
Marysville,M100000US3948160,1999,HY,0
Marysville,M100000US3948160,2000,HY,0
Marysville,M100000US3948160,2001,HY,0
Marysville,M100000US3948160,2002,HY,0
Marysville,M100000US3948160,2003,HY,0
Marysville,M100000US3948160,2004,HY,0
Marysville,M100000US3948160,2005,HY,0
Marysville,M100000US3948160,2006,HY,0
Marysville,M100000US3948160,2007,HY,0
Marysville,M100000US3948160,2008,HY,0
Marysville,M100000US3948160,2009,HY,0
Marysville,M100000US3948160,2010,HY,0
Marysville,M100000US3948160,2011,HY,0
Marysville,M100000US3948160,2012,HY,0
Marysville,M100000US3948160,2013,HY,0
Marysville,M100000US3948160,2014,HY,0
Marysville,M100000US3948160,2015,HY,0
Marysville,M100000US3948160,2016,HY,0
Marysville,M100000US3948160,2017,HY,0
Marysville,M100000US3948160,2018,HY,0
Marysville,M100000US3948160,2019,HY,0
Marysville,M100000US3948160,2020.0,HY,0.0
Marysville,M100000US3948160,2021,HY,0
Marysville,M100000US3948160,2022.0,HY,0.0
Marysville,M100000US3948160,2023.0,HY,0.0
Marysville,M100000US3948160,2024.0,HY,0.0
Marysville,M100000US3948160,2025.0,HY,0.0
Mount Vernon,M100000US3953102,1999,HY,0
Mount Vernon,M100000US3953102,2000,HY,0
Mount Vernon,M100000US3953102,2001,HY,0
Mount Vernon,M100000US3953102,2002,HY,0
Mount Vernon,M100000US3953102,2003,HY,0
Mount Vernon,M100000US3953102,2004,HY,0
Mount Vernon,M100000US3953102,2005,HY,0
Mount Vernon,M100000US3953102,2006,HY,0
Mount Vernon,M100000US3953102,2007,HY,0
Mount Vernon,M100000US3953102,2008,HY,0
Mount Vernon,M100000US3953102,2009,HY,0
Mount Vernon,M100000US3953102,2010,HY,0
Mount Vernon,M100000US3953102,2011,HY,0
Mount Vernon,M100000US3953102,2012,HY,0
Mount Vernon,M100000US3953102,2013,HY,0
Mount Vernon,M100000US3953102,2014.0,HY,0.0
Mount Vernon,M100000US3953102,2015,HY,0
Mount Vernon,M100000US3953102,2016,HY,0
Mount Vernon,M100000US3953102,2017,HY,0
Mount Vernon,M100000US3953102,2018,HY,0
Mount Vernon,M100000US3953102,2019,HY,0
Mount Vernon,M100000US3953102,2020,HY,0
Mount Vernon,M100000US3953102,2021.0,HY,0.0
Mount Vernon,M100000US3953102,2022,HY,0
Mount Vernon,M100000US3953102,2023,HY,0
Mount Vernon,M100000US3953102,2024.0,HY,0.0
Mount Vernon,M100000US3953102,2025,HY,0
New Albany,M100000US3953970,1999,HY,0
New Albany,M100000US3953970,2000,HY,0
New Albany,M100000US3953970,2001,HY,0
New Albany,M100000US3953970,2002,HY,0
New Albany,M100000US3953970,2003,HY,0
New Albany,M100000US3953970,2004,HY,0
New Albany,M100000US3953970,2005,HY,0
New Albany,M100000US3953970,2006,HY,0
New Albany,M100000US3953970,2007,HY,0
New Albany,M100000US3953970,2008,HY,0
New Albany,M100000US3953970,2009,HY,0
New Albany,M100000US3953970,2010,HY,0
New Albany,M100000US3953970,2011,HY,0
New Albany,M100000US3953970,2012,HY,0
New Albany,M100000US3953970,2013,HY,0
New Albany,M100000US3953970,2014,HY,0
New Albany,M100000US3953970,2015,HY,0
New Albany,M100000US3953970,2016,HY,0
New Albany,M100000US3953970,2017,HY,0
New Albany,M100000US3953970,2018,HY,0
New Albany,M100000US3953970,2019,HY,0
New Albany,M100000US3953970,2020.0,HY,0.0
New Albany,M100000US3953970,2021.0,HY,0.0
New Albany,M100000US3953970,2022.0,HY,0.0
New Albany,M100000US3953970,2023.0,HY,0.0
New Albany,M100000US3953970,2024.0,HY,0.0
New Albany,M100000US3953970,2025,HY,0
New Holland,M100000US3954726,1999,HY,0
New Holland,M100000US3954726,2000,HY,0
New Holland,M100000US3954726,2001,HY,0
New Holland,M100000US3954726,2002,HY,0
New Holland,M100000US3954726,2003,HY,0
New Holland,M100000US3954726,2004,HY,0
New Holland,M100000US3954726,2005,HY,0
New Holland,M100000US3954726,2006,HY,0
New Holland,M100000US3954726,2007,HY,0
New Holland,M100000US3954726,2008,HY,0
New Holland,M100000US3954726,2009,HY,0
New Holland,M100000US3954726,2010,HY,0
New Holland,M100000US3954726,2011,HY,0
New Holland,M100000US3954726,2012,HY,0
New Holland,M100000US3954726,2013,HY,0
New Holland,M100000US3954726,2014,HY,0
New Holland,M100000US3954726,2015,HY,0
New Holland,M100000US3954726,2016,HY,0
New Holland,M100000US3954726,2017,HY,0
New Holland,M100000US3954726,2018,HY,0
New Holland,M100000US3954726,2019,HY,0
New Holland,M100000US3954726,2020,HY,0
New Holland,M100000US3954726,2021,HY,0
New Holland,M100000US3954726,2022,HY,0
New Holland,M100000US3954726,2023.0,HY,0.0
New Holland,M100000US3954726,2024,HY,0
New Holland,M100000US3954726,2025,HY,0
Newark,M100000US3954040,1999,HY,0
Newark,M100000US390895405499999,1999,HY,0
Newark,M100000US3954040,2000.0,HY,0.0
Newark,M100000US390895405499999,2000.0,HY,0.0
Newark,M100000US3954040,2001,HY,0
Newark,M100000US390895405499999,2001,HY,0
Newark,M100000US3954040,2002,HY,0
Newark,M100000US390895405499999,2002,HY,0
Newark,M100000US3954040,2003,HY,0
Newark,M100000US390895405499999,2003,HY,0
Newark,M100000US3954040,2004,HY,0
Newark,M100000US390895405499999,2004,HY,0
Newark,M100000US3954040,2005,HY,0
Newark,M100000US390895405499999,2005,HY,0
Newark,M100000US3954040,2006,HY,0
Newark,M100000US390895405499999,2006,HY,0
Newark,M100000US3954040,2007,HY,0
Newark,M100000US390895405499999,2007,HY,0
Newark,M100000US3954040,2008,HY,0
Newark,M100000US390895405499999,2008,HY,0
Newark,M100000US3954040,2009,HY,0
Newark,M100000US390895405499999,2009,HY,0
Newark,M100000US3954040,2010,HY,0
Newark,M100000US390895405499999,2010,HY,0
Newark,M100000US3954040,2011.0,HY,0.0
Newark,M100000US390895405499999,2011.0,HY,0.0
Newark,M100000US3954040,2012,HY,0
Newark,M100000US390895405499999,2012,HY,0
Newark,M100000US3954040,2013.0,HY,0.0
Newark,M100000US390895405499999,2013.0,HY,0.0
Newark,M100000US3954040,2014,HY,0
Newark,M100000US390895405499999,2014,HY,0
Newark,M100000US3954040,2015,HY,0
Newark,M100000US390895405499999,2015,HY,0
Newark,M100000US3954040,2016,HY,0
Newark,M100000US390895405499999,2016,HY,0
Newark,M100000US3954040,2017,HY,0
Newark,M100000US390895405499999,2017,HY,0
Newark,M100000US3954040,2018,HY,0
Newark,M100000US390895405499999,2018,HY,0
Newark,M100000US3954040,2019,HY,0
Newark,M100000US390895405499999,2019,HY,0
Newark,M100000US3954040,2020.0,HY,0.0
Newark,M100000US390895405499999,2020.0,HY,0.0
Newark,M100000US3954040,2021.0,HY,0.0
Newark,M100000US390895405499999,2021.0,HY,0.0
Newark,M100000US3954040,2022.0,HY,0.0
Newark,M100000US390895405499999,2022.0,HY,0.0
Newark,M100000US3954040,2023.0,HY,0.0
Newark,M100000US390895405499999,2023.0,HY,0.0
Newark,M100000US3954040,2024,HY,0
Newark,M100000US390895405499999,2024,HY,0
Newark,M100000US3954040,2025,HY,0
Newark,M100000US390895405499999,2025,HY,0
Obetz,M100000US3957862,1999,HY,0
Obetz,M100000US3957862,2000,HY,0
Obetz,M100000US3957862,2001,HY,0
Obetz,M100000US3957862,2002,HY,0
Obetz,M100000US3957862,2003,HY,0
Obetz,M100000US3957862,2004,HY,0
Obetz,M100000US3957862,2005,HY,0
Obetz,M100000US3957862,2006,HY,0
Obetz,M100000US3957862,2007,HY,0
Obetz,M100000US3957862,2008,HY,0
Obetz,M100000US3957862,2009,HY,0
Obetz,M100000US3957862,2010,HY,0
Obetz,M100000US3957862,2011,HY,0
Obetz,M100000US3957862,2012,HY,0
Obetz,M100000US3957862,2013,HY,0
Obetz,M100000US3957862,2014,HY,0
Obetz,M100000US3957862,2015.0,HY,0.0
Obetz,M100000US3957862,2016,HY,0
Obetz,M100000US3957862,2017,HY,0
Obetz,M100000US3957862,2018,HY,0
Obetz,M100000US3957862,2019,HY,0
Obetz,M100000US3957862,2020,HY,0
Obetz,M100000US3957862,2021,HY,0
Obetz,M100000US3957862,2022,HY,0
Obetz,M100000US3957862,2023,HY,0
Obetz,M100000US3957862,2024,HY,0
Obetz,M100000US3957862,2025,HY,0
Octa,M100000US3957918,1999,HY,0
Octa,M100000US3957918,2000,HY,0
Octa,M100000US3957918,2001,HY,0
Octa,M100000US3957918,2002,HY,0
Octa,M100000US3957918,2003,HY,0
Octa,M100000US3957918,2004,HY,0
Octa,M100000US3957918,2005,HY,0
Octa,M100000US3957918,2006,HY,0
Octa,M100000US3957918,2007,HY,0
Octa,M100000US3957918,2008,HY,0
Octa,M100000US3957918,2009,HY,0
Octa,M100000US3957918,2010,HY,0
Octa,M100000US3957918,2011,HY,0
Octa,M100000US3957918,2012,HY,0
Octa,M100000US3957918,2013,HY,0
Octa,M100000US3957918,2014.0,HY,0.0
Octa,M100000US3957918,2015,HY,0
Octa,M100000US3957918,2016,HY,0
Octa,M100000US3957918,2017,HY,0
Octa,M100000US3957918,2018,HY,0
Octa,M100000US3957918,2019,HY,0
Octa,M100000US3957918,2020,HY,0
Octa,M100000US3957918,2021,HY,0
Octa,M100000US3957918,2022,HY,0
Octa,M100000US3957918,2023,HY,0
Octa,M100000US3957918,2024,HY,0
Octa,M100000US3957918,2025,HY,0
Orange,M100000US390415861899999,1999,HY,0
Orange,M100000US390415861899999,2000,HY,0
Orange,M100000US390415861899999,2001,HY,0
Orange,M100000US390415861899999,2002,HY,0
Orange,M100000US390415861899999,2003,HY,0
Orange,M100000US390415861899999,2004,HY,0
Orange,M100000US390415861899999,2005,HY,0
Orange,M100000US390415861899999,2006,HY,0
Orange,M100000US390415861899999,2007,HY,0
Orange,M100000US390415861899999,2008.0,HY,0.0
Orange,M100000US390415861899999,2009,HY,0
Orange,M100000US390415861899999,2010,HY,0
Orange,M100000US390415861899999,2011,HY,0
Orange,M100000US390415861899999,2012,HY,0
Orange,M100000US390415861899999,2013,HY,0
Orange,M100000US390415861899999,2014,HY,0
Orange,M100000US390415861899999,2015,HY,0
Orange,M100000US390415861899999,2016,HY,0
Orange,M100000US390415861899999,2017.0,HY,0.0
Orange,M100000US390415861899999,2018,HY,0
Orange,M100000US390415861899999,2019,HY,0
Orange,M100000US390415861899999,2020.0,HY,0.0
Orange,M100000US390415861899999,2021,HY,0
Orange,M100000US390415861899999,2022.0,HY,0.0
Orange,M100000US390415861899999,2023.0,HY,0.0
Orange,M100000US390415861899999,2024.0,HY,0.0
Orange,M100000US390415861899999,2025,HY,0
Pataskala,M100000US3961112,1999,HY,0
Pataskala,M100000US3961112,2000,HY,0
Pataskala,M100000US3961112,2001,HY,0
Pataskala,M100000US3961112,2002,HY,0
Pataskala,M100000US3961112,2003,HY,0
Pataskala,M100000US3961112,2004,HY,0
Pataskala,M100000US3961112,2005,HY,0
Pataskala,M100000US3961112,2006,HY,0
Pataskala,M100000US3961112,2007,HY,0
Pataskala,M100000US3961112,2008,HY,0
Pataskala,M100000US3961112,2009,HY,0
Pataskala,M100000US3961112,2010,HY,0
Pataskala,M100000US3961112,2011,HY,0
Pataskala,M100000US3961112,2012,HY,0
Pataskala,M100000US3961112,2013,HY,0
Pataskala,M100000US3961112,2014,HY,0
Pataskala,M100000US3961112,2015,HY,0
Pataskala,M100000US3961112,2016,HY,0
Pataskala,M100000US3961112,2017,HY,0
Pataskala,M100000US3961112,2018,HY,0
Pataskala,M100000US3961112,2019,HY,0
Pataskala,M100000US3961112,2020,HY,0
Pataskala,M100000US3961112,2021,HY,0
Pataskala,M100000US3961112,2022,HY,0
Pataskala,M100000US3961112,2023,HY,0
Pataskala,M100000US3961112,2024.0,HY,0.0
Pataskala,M100000US3961112,2025,HY,0
Perry,M100000US390916193899999,1999,HY,0
Perry,M100000US390916193899999,2000,HY,0
Perry,M100000US390916193899999,2001,HY,0
Perry,M100000US390916193899999,2002,HY,0
Perry,M100000US390916193899999,2003,HY,0
Perry,M100000US390916193899999,2004,HY,0
Perry,M100000US390916193899999,2005,HY,0
Perry,M100000US390916193899999,2006,HY,0
Perry,M100000US390916193899999,2007,HY,0
Perry,M100000US390916193899999,2008,HY,0
Perry,M100000US390916193899999,2009,HY,0
Perry,M100000US390916193899999,2010,HY,0
Perry,M100000US390916193899999,2011,HY,0
Perry,M100000US390916193899999,2012,HY,0
Perry,M100000US390916193899999,2013,HY,0
Perry,M100000US390916193899999,2014,HY,0
Perry,M100000US390916193899999,2015,HY,0
Perry,M100000US390916193899999,2016,HY,0
Perry,M100000US390916193899999,2017,HY,0
Perry,M100000US390916193899999,2018,HY,0
Perry,M100000US390916193899999,2019.0,HY,0.0
Perry,M100000US390916193899999,2020,HY,0
Perry,M100000US390916193899999,2021.0,HY,0.0
Perry,M100000US390916193899999,2022,HY,0
Perry,M100000US390916193899999,2023,HY,0
Perry,M100000US390916193899999,2024,HY,0
Perry,M100000US390916193899999,2025,HY,0
Pickerington,M100000US3962498,1999,HY,0
Pickerington,M100000US3962498,2000,HY,0
Pickerington,M100000US3962498,2001,HY,0
Pickerington,M100000US3962498,2002,HY,0
Pickerington,M100000US3962498,2003,HY,0
Pickerington,M100000US3962498,2004,HY,0
Pickerington,M100000US3962498,2005,HY,0
Pickerington,M100000US3962498,2006,HY,0
Pickerington,M100000US3962498,2007,HY,0
Pickerington,M100000US3962498,2008,HY,0
Pickerington,M100000US3962498,2009,HY,0
Pickerington,M100000US3962498,2010,HY,0
Pickerington,M100000US3962498,2011,HY,0
Pickerington,M100000US3962498,2012,HY,0
Pickerington,M100000US3962498,2013,HY,0
Pickerington,M100000US3962498,2014,HY,0
Pickerington,M100000US3962498,2015,HY,0
Pickerington,M100000US3962498,2016,HY,0
Pickerington,M100000US3962498,2017,HY,0
Pickerington,M100000US3962498,2018,HY,0
Pickerington,M100000US3962498,2019,HY,0
Pickerington,M100000US3962498,2020,HY,0
Pickerington,M100000US3962498,2021.0,HY,0.0
Pickerington,M100000US3962498,2022.0,HY,0.0
Pickerington,M100000US3962498,2023,HY,0
Pickerington,M100000US3962498,2024.0,HY,0.0
Pickerington,M100000US3962498,2025,HY,0
Powell,M100000US3964486,1999,HY,0
Powell,M100000US3964486,2000,HY,0
Powell,M100000US3964486,2001,HY,0
Powell,M100000US3964486,2002,HY,0
Powell,M100000US3964486,2003,HY,0
Powell,M100000US3964486,2004,HY,0
Powell,M100000US3964486,2005,HY,0
Powell,M100000US3964486,2006,HY,0
Powell,M100000US3964486,2007,HY,0
Powell,M100000US3964486,2008,HY,0
Powell,M100000US3964486,2009,HY,0
Powell,M100000US3964486,2010,HY,0
Powell,M100000US3964486,2011,HY,0
Powell,M100000US3964486,2012,HY,0
Powell,M100000US3964486,2013,HY,0
Powell,M100000US3964486,2014,HY,0
Powell,M100000US3964486,2015,HY,0
Powell,M100000US3964486,2016,HY,0
Powell,M100000US3964486,2017,HY,0
Powell,M100000US3964486,2018.0,HY,0.0
Powell,M100000US3964486,2019.0,HY,0.0
Powell,M100000US3964486,2020,HY,0
Powell,M100000US3964486,2021.0,HY,0.0
Powell,M100000US3964486,2022,HY,0
Powell,M100000US3964486,2023.0,HY,0.0
Powell,M100000US3964486,2024.0,HY,0.0
Powell,M100000US3964486,2025,HY,0
Reynoldsburg,M100000US3966390,1999,HY,0
Reynoldsburg,M100000US3966390,2000,HY,0
Reynoldsburg,M100000US3966390,2001,HY,0
Reynoldsburg,M100000US3966390,2002,HY,0
Reynoldsburg,M100000US3966390,2003,HY,0
Reynoldsburg,M100000US3966390,2004,HY,0
Reynoldsburg,M100000US3966390,2005,HY,0
Reynoldsburg,M100000US3966390,2006,HY,0
Reynoldsburg,M100000US3966390,2007,HY,0
Reynoldsburg,M100000US3966390,2008,HY,0
Reynoldsburg,M100000US3966390,2009,HY,0
Reynoldsburg,M100000US3966390,2010,HY,0
Reynoldsburg,M100000US3966390,2011,HY,0
Reynoldsburg,M100000US3966390,2012,HY,0
Reynoldsburg,M100000US3966390,2013,HY,0
Reynoldsburg,M100000US3966390,2014,HY,0
Reynoldsburg,M100000US3966390,2015,HY,0
Reynoldsburg,M100000US3966390,2016,HY,0
Reynoldsburg,M100000US3966390,2017.0,HY,0.0
Reynoldsburg,M100000US3966390,2018,HY,0
Reynoldsburg,M100000US3966390,2019,HY,0
Reynoldsburg,M100000US3966390,2020.0,HY,0.0
Reynoldsburg,M100000US3966390,2021.0,HY,0.0
Reynoldsburg,M100000US3966390,2022,HY,0
Reynoldsburg,M100000US3966390,2023,HY,0
Reynoldsburg,M100000US3966390,2024.0,HY,0.0
Reynoldsburg,M100000US3966390,2025,HY,0
Somerset,M100000US3972977,1999,HY,0
Somerset,M100000US3972977,2000,HY,0
Somerset,M100000US3972977,2001,HY,0
Somerset,M100000US3972977,2002,HY,0
Somerset,M100000US3972977,2003,HY,0
Somerset,M100000US3972977,2004,HY,0
Somerset,M100000US3972977,2005,HY,0
Somerset,M100000US3972977,2006,HY,0
Somerset,M100000US3972977,2007,HY,0
Somerset,M100000US3972977,2008,HY,0
Somerset,M100000US3972977,2009,HY,0
Somerset,M100000US3972977,2010,HY,0
Somerset,M100000US3972977,2011,HY,0
Somerset,M100000US3972977,2012,HY,0
Somerset,M100000US3972977,2013,HY,0
Somerset,M100000US3972977,2014,HY,0
Somerset,M100000US3972977,2015,HY,0
Somerset,M100000US3972977,2016,HY,0
Somerset,M100000US3972977,2017,HY,0
Somerset,M100000US3972977,2018,HY,0
Somerset,M100000US3972977,2019.0,HY,0.0
Somerset,M100000US3972977,2020,HY,0
Somerset,M100000US3972977,2021,HY,0
Somerset,M100000US3972977,2022,HY,0
Somerset,M100000US3972977,2023,HY,0
Somerset,M100000US3972977,2024,HY,0
Somerset,M100000US3972977,2025,HY,0
Sunbury,M100000US3975602,1999,HY,0
Sunbury,M100000US3975602,2000,HY,0
Sunbury,M100000US3975602,2001,HY,0
Sunbury,M100000US3975602,2002,HY,0
Sunbury,M100000US3975602,2003,HY,0
Sunbury,M100000US3975602,2004,HY,0
Sunbury,M100000US3975602,2005,HY,0
Sunbury,M100000US3975602,2006,HY,0
Sunbury,M100000US3975602,2007,HY,0
Sunbury,M100000US3975602,2008,HY,0
Sunbury,M100000US3975602,2009,HY,0
Sunbury,M100000US3975602,2010,HY,0
Sunbury,M100000US3975602,2011,HY,0
Sunbury,M100000US3975602,2012,HY,0
Sunbury,M100000US3975602,2013,HY,0
Sunbury,M100000US3975602,2014,HY,0
Sunbury,M100000US3975602,2015,HY,0
Sunbury,M100000US3975602,2016,HY,0
Sunbury,M100000US3975602,2017,HY,0
Sunbury,M100000US3975602,2018,HY,0
Sunbury,M100000US3975602,2019,HY,0
Sunbury,M100000US3975602,2020.0,HY,0.0
Sunbury,M100000US3975602,2021,HY,0
Sunbury,M100000US3975602,2022,HY,0
Sunbury,M100000US3975602,2023,HY,0
Sunbury,M100000US3975602,2024,HY,0
Sunbury,M100000US3975602,2025,HY,0
Union,M100000US391417854099999,1999,HY,0
Union,M100000US390897840099999,1999,HY,0
Union,M100000US391417854099999,2000,HY,0
Union,M100000US390897840099999,2000,HY,0
Union,M100000US391417854099999,2001,HY,0
Union,M100000US390897840099999,2001,HY,0
Union,M100000US391417854099999,2002,HY,0
Union,M100000US390897840099999,2002,HY,0
Union,M100000US391417854099999,2003,HY,0
Union,M100000US390897840099999,2003,HY,0
Union,M100000US391417854099999,2004,HY,0
Union,M100000US390897840099999,2004,HY,0
Union,M100000US391417854099999,2005,HY,0
Union,M100000US390897840099999,2005,HY,0
Union,M100000US391417854099999,2006,HY,0
Union,M100000US390897840099999,2006,HY,0
Union,M100000US391417854099999,2007,HY,0
Union,M100000US390897840099999,2007,HY,0
Union,M100000US391417854099999,2008,HY,0
Union,M100000US390897840099999,2008,HY,0
Union,M100000US391417854099999,2009.0,HY,0.0
Union,M100000US390897840099999,2009.0,HY,0.0
Union,M100000US391417854099999,2010,HY,0
Union,M100000US390897840099999,2010,HY,0
Union,M100000US391417854099999,2011,HY,0
Union,M100000US390897840099999,2011,HY,0
Union,M100000US391417854099999,2012,HY,0
Union,M100000US390897840099999,2012,HY,0
Union,M100000US391417854099999,2013,HY,0
Union,M100000US390897840099999,2013,HY,0
Union,M100000US391417854099999,2014,HY,0
Union,M100000US390897840099999,2014,HY,0
Union,M100000US391417854099999,2015.0,HY,0.0
Union,M100000US390897840099999,2015.0,HY,0.0
Union,M100000US391417854099999,2016,HY,0
Union,M100000US390897840099999,2016,HY,0
Union,M100000US391417854099999,2017,HY,0
Union,M100000US390897840099999,2017,HY,0
Union,M100000US391417854099999,2018,HY,0
Union,M100000US390897840099999,2018,HY,0
Union,M100000US391417854099999,2019,HY,0
Union,M100000US390897840099999,2019,HY,0
Union,M100000US391417854099999,2020,HY,0
Union,M100000US390897840099999,2020,HY,0
Union,M100000US391417854099999,2021,HY,0
Union,M100000US390897840099999,2021,HY,0
Union,M100000US391417854099999,2022,HY,0
Union,M100000US390897840099999,2022,HY,0
Union,M100000US391417854099999,2023,HY,0
Union,M100000US390897840099999,2023,HY,0
Union,M100000US391417854099999,2024,HY,0
Union,M100000US390897840099999,2024,HY,0
Union,M100000US391417854099999,2025,HY,0
Union,M100000US390897840099999,2025,HY,0
Upper Arlington,M100000US3979002,1999,HY,0
Upper Arlington,M100000US3979002,2000,HY,0
Upper Arlington,M100000US3979002,2001,HY,0
Upper Arlington,M100000US3979002,2002,HY,0
Upper Arlington,M100000US3979002,2003,HY,0
Upper Arlington,M100000US3979002,2004,HY,0
Upper Arlington,M100000US3979002,2005,HY,0
Upper Arlington,M100000US3979002,2006,HY,0
Upper Arlington,M100000US3979002,2007,HY,0
Upper Arlington,M100000US3979002,2008,HY,0
Upper Arlington,M100000US3979002,2009,HY,0
Upper Arlington,M100000US3979002,2010,HY,0
Upper Arlington,M100000US3979002,2011,HY,0
Upper Arlington,M100000US3979002,2012,HY,0
Upper Arlington,M100000US3979002,2013,HY,0
Upper Arlington,M100000US3979002,2014,HY,0
Upper Arlington,M100000US3979002,2015,HY,0
Upper Arlington,M100000US3979002,2016,HY,0
Upper Arlington,M100000US3979002,2017,HY,0
Upper Arlington,M100000US3979002,2018,HY,0
Upper Arlington,M100000US3979002,2019.0,HY,0.0
Upper Arlington,M100000US3979002,2020.0,HY,0.0
Upper Arlington,M100000US3979002,2021.0,HY,0.0
Upper Arlington,M100000US3979002,2022,HY,0
Upper Arlington,M100000US3979002,2023,HY,0
Upper Arlington,M100000US3979002,2024.0,HY,0.0
Upper Arlington,M100000US3979002,2025,HY,0
Washington,M100000US390918142499999,1999,HY,0
Washington,M100000US390738135499999,1999,HY,0
Washington,M100000US390918142499999,2000,HY,0
Washington,M100000US390738135499999,2000,HY,0
Washington,M100000US390918142499999,2001,HY,0
Washington,M100000US390738135499999,2001,HY,0
Washington,M100000US390918142499999,2002,HY,0
Washington,M100000US390738135499999,2002,HY,0
Washington,M100000US390918142499999,2003,HY,0
Washington,M100000US390738135499999,2003,HY,0
Washington,M100000US390918142499999,2004,HY,0
Washington,M100000US390738135499999,2004,HY,0
Washington,M100000US390918142499999,2005,HY,0
Washington,M100000US390738135499999,2005,HY,0
Washington,M100000US390918142499999,2006,HY,0
Washington,M100000US390738135499999,2006,HY,0
Washington,M100000US390918142499999,2007,HY,0
Washington,M100000US390738135499999,2007,HY,0
Washington,M100000US390918142499999,2008,HY,0
Washington,M100000US390738135499999,2008,HY,0
Washington,M100000US390918142499999,2009,HY,0
Washington,M100000US390738135499999,2009,HY,0
Washington,M100000US390918142499999,2010,HY,0
Washington,M100000US390738135499999,2010,HY,0
Washington,M100000US390918142499999,2011,HY,0
Washington,M100000US390738135499999,2011,HY,0
Washington,M100000US390918142499999,2012,HY,0
Washington,M100000US390738135499999,2012,HY,0
Washington,M100000US390918142499999,2013,HY,0
Washington,M100000US390738135499999,2013,HY,0
Washington,M100000US390918142499999,2014,HY,0
Washington,M100000US390738135499999,2014,HY,0
Washington,M100000US390918142499999,2015,HY,0
Washington,M100000US390738135499999,2015,HY,0
Washington,M100000US390918142499999,2016,HY,0
Washington,M100000US390738135499999,2016,HY,0
Washington,M100000US390918142499999,2017,HY,0
Washington,M100000US390738135499999,2017,HY,0
Washington,M100000US390918142499999,2018.0,HY,0.0
Washington,M100000US390738135499999,2018.0,HY,0.0
Washington,M100000US390918142499999,2019,HY,0
Washington,M100000US390738135499999,2019,HY,0
Washington,M100000US390918142499999,2020.0,HY,0.0
Washington,M100000US390738135499999,2020.0,HY,0.0
Washington,M100000US390918142499999,2021.0,HY,0.0
Washington,M100000US390738135499999,2021.0,HY,0.0
Washington,M100000US390918142499999,2022,HY,0
Washington,M100000US390738135499999,2022,HY,0
Washington,M100000US390918142499999,2023.0,HY,0.0
Washington,M100000US390738135499999,2023.0,HY,0.0
Washington,M100000US390918142499999,2024.0,HY,0.0
Washington,M100000US390738135499999,2024.0,HY,0.0
Washington,M100000US390918142499999,2025,HY,0
Washington,M100000US390738135499999,2025,HY,0
Washington Court House,M100000US3981718,1999,HY,0
Washington Court House,M100000US3981718,2000,HY,0
Washington Court House,M100000US3981718,2001,HY,0
Washington Court House,M100000US3981718,2002,HY,0
Washington Court House,M100000US3981718,2003,HY,0
Washington Court House,M100000US3981718,2004,HY,0
Washington Court House,M100000US3981718,2005,HY,0
Washington Court House,M100000US3981718,2006,HY,0
Washington Court House,M100000US3981718,2007,HY,0
Washington Court House,M100000US3981718,2008,HY,0
Washington Court House,M100000US3981718,2009,HY,0
Washington Court House,M100000US3981718,2010,HY,0
Washington Court House,M100000US3981718,2011,HY,0
Washington Court House,M100000US3981718,2012,HY,0
Washington Court House,M100000US3981718,2013,HY,0
Washington Court House,M100000US3981718,2014,HY,0
Washington Court House,M100000US3981718,2015,HY,0
Washington Court House,M100000US3981718,2016,HY,0
Washington Court House,M100000US3981718,2017,HY,0
Washington Court House,M100000US3981718,2018,HY,0
Washington Court House,M100000US3981718,2019,HY,0
Washington Court House,M100000US3981718,2020,HY,0
Washington Court House,M100000US3981718,2021,HY,0
Washington Court House,M100000US3981718,2022.0,HY,0.0
Washington Court House,M100000US3981718,2023,HY,0
Washington Court House,M100000US3981718,2024,HY,0
Washington Court House,M100000US3981718,2025,HY,0
Wayne,M100000US390838219499999,1999,HY,0
Wayne,M100000US390838219499999,2000,HY,0
Wayne,M100000US390838219499999,2001,HY,0
Wayne,M100000US390838219499999,2002,HY,0
Wayne,M100000US390838219499999,2003,HY,0
Wayne,M100000US390838219499999,2004,HY,0
Wayne,M100000US390838219499999,2005,HY,0
Wayne,M100000US390838219499999,2006,HY,0
Wayne,M100000US390838219499999,2007,HY,0
Wayne,M100000US390838219499999,2008,HY,0
Wayne,M100000US390838219499999,2009,HY,0
Wayne,M100000US390838219499999,2010,HY,0
Wayne,M100000US390838219499999,2011,HY,0
Wayne,M100000US390838219499999,2012,HY,0
Wayne,M100000US390838219499999,2013,HY,0
Wayne,M100000US390838219499999,2014,HY,0
Wayne,M100000US390838219499999,2015,HY,0
Wayne,M100000US390838219499999,2016,HY,0
Wayne,M100000US390838219499999,2017.0,HY,0.0
Wayne,M100000US390838219499999,2018,HY,0
Wayne,M100000US390838219499999,2019,HY,0
Wayne,M100000US390838219499999,2020,HY,0
Wayne,M100000US390838219499999,2021,HY,0
Wayne,M100000US390838219499999,2022,HY,0
Wayne,M100000US390838219499999,2023,HY,0
Wayne,M100000US390838219499999,2024,HY,0
Wayne,M100000US390838219499999,2025,HY,0
West Jefferson,M100000US3983580,1999,HY,0
West Jefferson,M100000US3983580,2000,HY,0
West Jefferson,M100000US3983580,2001,HY,0
West Jefferson,M100000US3983580,2002,HY,0
West Jefferson,M100000US3983580,2003,HY,0
West Jefferson,M100000US3983580,2004,HY,0
West Jefferson,M100000US3983580,2005,HY,0
West Jefferson,M100000US3983580,2006,HY,0
West Jefferson,M100000US3983580,2007,HY,0
West Jefferson,M100000US3983580,2008,HY,0
West Jefferson,M100000US3983580,2009,HY,0
West Jefferson,M100000US3983580,2010,HY,0
West Jefferson,M100000US3983580,2011,HY,0
West Jefferson,M100000US3983580,2012,HY,0
West Jefferson,M100000US3983580,2013,HY,0
West Jefferson,M100000US3983580,2014,HY,0
West Jefferson,M100000US3983580,2015,HY,0
West Jefferson,M100000US3983580,2016.0,HY,0.0
West Jefferson,M100000US3983580,2017,HY,0
West Jefferson,M100000US3983580,2018,HY,0
West Jefferson,M100000US3983580,2019,HY,0
West Jefferson,M100000US3983580,2020,HY,0
West Jefferson,M100000US3983580,2021,HY,0
West Jefferson,M100000US3983580,2022,HY,0
West Jefferson,M100000US3983580,2023,HY,0
West Jefferson,M100000US3983580,2024,HY,0
West Jefferson,M100000US3983580,2025,HY,0
Westerville,M100000US3983342,1999,HY,0
Westerville,M100000US3983342,2000,HY,0
Westerville,M100000US3983342,2001,HY,0
Westerville,M100000US3983342,2002,HY,0
Westerville,M100000US3983342,2003,HY,0
Westerville,M100000US3983342,2004,HY,0
Westerville,M100000US3983342,2005,HY,0
Westerville,M100000US3983342,2006,HY,0
Westerville,M100000US3983342,2007,HY,0
Westerville,M100000US3983342,2008,HY,0
Westerville,M100000US3983342,2009,HY,0
Westerville,M100000US3983342,2010,HY,0
Westerville,M100000US3983342,2011,HY,0
Westerville,M100000US3983342,2012,HY,0
Westerville,M100000US3983342,2013,HY,0
Westerville,M100000US3983342,2014,HY,0
Westerville,M100000US3983342,2015,HY,0
Westerville,M100000US3983342,2016,HY,0
Westerville,M100000US3983342,2017,HY,0
Westerville,M100000US3983342,2018,HY,0
Westerville,M100000US3983342,2019.0,HY,0.0
Westerville,M100000US3983342,2020.0,HY,0.0
Westerville,M100000US3983342,2021.0,HY,0.0
Westerville,M100000US3983342,2022.0,HY,0.0
Westerville,M100000US3983342,2023,HY,0
Westerville,M100000US3983342,2024.0,HY,0.0
Westerville,M100000US3983342,2025,HY,0
Whitehall,M100000US3984742,1999,HY,0
Whitehall,M100000US3984742,2000,HY,0
Whitehall,M100000US3984742,2001,HY,0
Whitehall,M100000US3984742,2002,HY,0
Whitehall,M100000US3984742,2003,HY,0
Whitehall,M100000US3984742,2004,HY,0
Whitehall,M100000US3984742,2005,HY,0
Whitehall,M100000US3984742,2006,HY,0
Whitehall,M100000US3984742,2007,HY,0
Whitehall,M100000US3984742,2008,HY,0
Whitehall,M100000US3984742,2009,HY,0
Whitehall,M100000US3984742,2010,HY,0
Whitehall,M100000US3984742,2011,HY,0
Whitehall,M100000US3984742,2012,HY,0
Whitehall,M100000US3984742,2013,HY,0
Whitehall,M100000US3984742,2014,HY,0
Whitehall,M100000US3984742,2015.0,HY,0.0
Whitehall,M100000US3984742,2016,HY,0
Whitehall,M100000US3984742,2017,HY,0
Whitehall,M100000US3984742,2018,HY,0
Whitehall,M100000US3984742,2019.0,HY,0.0
Whitehall,M100000US3984742,2020,HY,0
Whitehall,M100000US3984742,2021.0,HY,1.0
Whitehall,M100000US3984742,2022,HY,0
Whitehall,M100000US3984742,2023,HY,0
Whitehall,M100000US3984742,2024.0,HY,0.0
Whitehall,M100000US3984742,2025.0,HY,0.0
Worthington,M100000US3986604,1999,HY,0
Worthington,M100000US3986604,2000,HY,0
Worthington,M100000US3986604,2001,HY,0
Worthington,M100000US3986604,2002,HY,0
Worthington,M100000US3986604,2003,HY,0
Worthington,M100000US3986604,2004,HY,0
Worthington,M100000US3986604,2005,HY,0
Worthington,M100000US3986604,2006,HY,0
Worthington,M100000US3986604,2007,HY,0
Worthington,M100000US3986604,2008,HY,0
Worthington,M100000US3986604,2009,HY,0
Worthington,M100000US3986604,2010,HY,0
Worthington,M100000US3986604,2011,HY,0
Worthington,M100000US3986604,2012,HY,0
Worthington,M100000US3986604,2013,HY,0
Worthington,M100000US3986604,2014,HY,0
Worthington,M100000US3986604,2015,HY,0
Worthington,M100000US3986604,2016,HY,0
Worthington,M100000US3986604,2017,HY,0
Worthington,M100000US3986604,2018,HY,0
Worthington,M100000US3986604,2019,HY,0
Worthington,M100000US3986604,2020.0,HY,0.0
Worthington,M100000US3986604,2021.0,HY,0.0
Worthington,M100000US3986604,2022.0,HY,0.0
Worthington,M100000US3986604,2023.0,HY,0.0
Worthington,M100000US3986604,2024.0,HY,0.0
Worthington,M100000US3986604,2025,HY,0
Allen,M100000US391590133699999,1999,LNG,0
Allen,M100000US391590133699999,2000,LNG,0
Allen,M100000US391590133699999,2001,LNG,0
Allen,M100000US391590133699999,2002,LNG,0
Allen,M100000US391590133699999,2003,LNG,0
Allen,M100000US391590133699999,2004,LNG,0
Allen,M100000US391590133699999,2005,LNG,0
Allen,M100000US391590133699999,2006,LNG,0
Allen,M100000US391590133699999,2007,LNG,0
Allen,M100000US391590133699999,2008,LNG,0
Allen,M100000US391590133699999,2009,LNG,0
Allen,M100000US391590133699999,2010,LNG,0
Allen,M100000US391590133699999,2011,LNG,0
Allen,M100000US391590133699999,2012,LNG,0
Allen,M100000US391590133699999,2013,LNG,0
Allen,M100000US391590133699999,2014,LNG,0
Allen,M100000US391590133699999,2015.0,LNG,0.0
Allen,M100000US391590133699999,2016,LNG,0
Allen,M100000US391590133699999,2017,LNG,0
Allen,M100000US391590133699999,2018,LNG,0
Allen,M100000US391590133699999,2019,LNG,0
Allen,M100000US391590133699999,2020,LNG,0
Allen,M100000US391590133699999,2021,LNG,0
Allen,M100000US391590133699999,2022,LNG,0
Allen,M100000US391590133699999,2023,LNG,0
Allen,M100000US391590133699999,2024.0,LNG,0.0
Allen,M100000US391590133699999,2025,LNG,0
Ashville,M100000US3902680,1999,LNG,0
Ashville,M100000US3902680,2000,LNG,0
Ashville,M100000US3902680,2001,LNG,0
Ashville,M100000US3902680,2002,LNG,0
Ashville,M100000US3902680,2003,LNG,0
Ashville,M100000US3902680,2004,LNG,0
Ashville,M100000US3902680,2005,LNG,0
Ashville,M100000US3902680,2006,LNG,0
Ashville,M100000US3902680,2007,LNG,0
Ashville,M100000US3902680,2008,LNG,0
Ashville,M100000US3902680,2009,LNG,0
Ashville,M100000US3902680,2010,LNG,0
Ashville,M100000US3902680,2011,LNG,0
Ashville,M100000US3902680,2012,LNG,0
Ashville,M100000US3902680,2013,LNG,0
Ashville,M100000US3902680,2014,LNG,0
Ashville,M100000US3902680,2015,LNG,0
Ashville,M100000US3902680,2016,LNG,0
Ashville,M100000US3902680,2017,LNG,0
Ashville,M100000US3902680,2018,LNG,0
Ashville,M100000US3902680,2019,LNG,0
Ashville,M100000US3902680,2020,LNG,0
Ashville,M100000US3902680,2021,LNG,0
Ashville,M100000US3902680,2022,LNG,0
Ashville,M100000US3902680,2023,LNG,0
Ashville,M100000US3902680,2024.0,LNG,0.0
Ashville,M100000US3902680,2025,LNG,0
Bellefontaine,M100000US3905130,1999,LNG,0
Bellefontaine,M100000US3905130,2000,LNG,0
Bellefontaine,M100000US3905130,2001,LNG,0
Bellefontaine,M100000US3905130,2002,LNG,0
Bellefontaine,M100000US3905130,2003,LNG,0
Bellefontaine,M100000US3905130,2004,LNG,0
Bellefontaine,M100000US3905130,2005,LNG,0
Bellefontaine,M100000US3905130,2006,LNG,0
Bellefontaine,M100000US3905130,2007,LNG,0
Bellefontaine,M100000US3905130,2008,LNG,0
Bellefontaine,M100000US3905130,2009,LNG,0
Bellefontaine,M100000US3905130,2010,LNG,0
Bellefontaine,M100000US3905130,2011,LNG,0
Bellefontaine,M100000US3905130,2012,LNG,0
Bellefontaine,M100000US3905130,2013,LNG,0
Bellefontaine,M100000US3905130,2014.0,LNG,0.0
Bellefontaine,M100000US3905130,2015,LNG,0
Bellefontaine,M100000US3905130,2016,LNG,0
Bellefontaine,M100000US3905130,2017,LNG,0
Bellefontaine,M100000US3905130,2018,LNG,0
Bellefontaine,M100000US3905130,2019,LNG,0
Bellefontaine,M100000US3905130,2020.0,LNG,0.0
Bellefontaine,M100000US3905130,2021,LNG,0
Bellefontaine,M100000US3905130,2022,LNG,0
Bellefontaine,M100000US3905130,2023,LNG,0
Bellefontaine,M100000US3905130,2024,LNG,0
Bellefontaine,M100000US3905130,2025,LNG,0
Bennington,M100000US391170550899999,1999,LNG,0
Bennington,M100000US391170550899999,2000,LNG,0
Bennington,M100000US391170550899999,2001,LNG,0
Bennington,M100000US391170550899999,2002,LNG,0
Bennington,M100000US391170550899999,2003,LNG,0
Bennington,M100000US391170550899999,2004,LNG,0
Bennington,M100000US391170550899999,2005,LNG,0
Bennington,M100000US391170550899999,2006,LNG,0
Bennington,M100000US391170550899999,2007,LNG,0
Bennington,M100000US391170550899999,2008,LNG,0
Bennington,M100000US391170550899999,2009,LNG,0
Bennington,M100000US391170550899999,2010,LNG,0
Bennington,M100000US391170550899999,2011,LNG,0
Bennington,M100000US391170550899999,2012,LNG,0
Bennington,M100000US391170550899999,2013,LNG,0
Bennington,M100000US391170550899999,2014,LNG,0
Bennington,M100000US391170550899999,2015.0,LNG,0.0
Bennington,M100000US391170550899999,2016,LNG,0
Bennington,M100000US391170550899999,2017,LNG,0
Bennington,M100000US391170550899999,2018,LNG,0
Bennington,M100000US391170550899999,2019,LNG,0
Bennington,M100000US391170550899999,2020,LNG,0
Bennington,M100000US391170550899999,2021,LNG,0
Bennington,M100000US391170550899999,2022,LNG,0
Bennington,M100000US391170550899999,2023,LNG,0
Bennington,M100000US391170550899999,2024.0,LNG,0.0
Bennington,M100000US391170550899999,2025,LNG,0
Benton,M100000US390730557899999,1999,LNG,0
Benton,M100000US390730557899999,2000,LNG,0
Benton,M100000US390730557899999,2001,LNG,0
Benton,M100000US390730557899999,2002,LNG,0
Benton,M100000US390730557899999,2003,LNG,0
Benton,M100000US390730557899999,2004,LNG,0
Benton,M100000US390730557899999,2005,LNG,0
Benton,M100000US390730557899999,2006,LNG,0
Benton,M100000US390730557899999,2007,LNG,0
Benton,M100000US390730557899999,2008,LNG,0
Benton,M100000US390730557899999,2009,LNG,0
Benton,M100000US390730557899999,2010,LNG,0
Benton,M100000US390730557899999,2011,LNG,0
Benton,M100000US390730557899999,2012,LNG,0
Benton,M100000US390730557899999,2013,LNG,0
Benton,M100000US390730557899999,2014,LNG,0
Benton,M100000US390730557899999,2015.0,LNG,0.0
Benton,M100000US390730557899999,2016,LNG,0
Benton,M100000US390730557899999,2017,LNG,0
Benton,M100000US390730557899999,2018,LNG,0
Benton,M100000US390730557899999,2019,LNG,0
Benton,M100000US390730557899999,2020,LNG,0
Benton,M100000US390730557899999,2021.0,LNG,0.0
Benton,M100000US390730557899999,2022.0,LNG,0.0
Benton,M100000US390730557899999,2023,LNG,0
Benton,M100000US390730557899999,2024,LNG,0
Benton,M100000US390730557899999,2025,LNG,0
Berkshire,M100000US390410577499999,1999,LNG,0
Berkshire,M100000US390410577499999,2000,LNG,0
Berkshire,M100000US390410577499999,2001,LNG,0
Berkshire,M100000US390410577499999,2002,LNG,0
Berkshire,M100000US390410577499999,2003,LNG,0
Berkshire,M100000US390410577499999,2004,LNG,0
Berkshire,M100000US390410577499999,2005,LNG,0
Berkshire,M100000US390410577499999,2006,LNG,0
Berkshire,M100000US390410577499999,2007,LNG,0
Berkshire,M100000US390410577499999,2008,LNG,0
Berkshire,M100000US390410577499999,2009,LNG,0
Berkshire,M100000US390410577499999,2010,LNG,0
Berkshire,M100000US390410577499999,2011,LNG,0
Berkshire,M100000US390410577499999,2012,LNG,0
Berkshire,M100000US390410577499999,2013,LNG,0
Berkshire,M100000US390410577499999,2014,LNG,0
Berkshire,M100000US390410577499999,2015,LNG,0
Berkshire,M100000US390410577499999,2016.0,LNG,0.0
Berkshire,M100000US390410577499999,2017,LNG,0
Berkshire,M100000US390410577499999,2018,LNG,0
Berkshire,M100000US390410577499999,2019,LNG,0
Berkshire,M100000US390410577499999,2020.0,LNG,0.0
Berkshire,M100000US390410577499999,2021,LNG,0
Berkshire,M100000US390410577499999,2022,LNG,0
Berkshire,M100000US390410577499999,2023,LNG,0
Berkshire,M100000US390410577499999,2024.0,LNG,0.0
Berkshire,M100000US390410577499999,2025,LNG,0
Berlin,M100000US390410578899999,1999,LNG,0
Berlin,M100000US390410578899999,2000,LNG,0
Berlin,M100000US390410578899999,2001,LNG,0
Berlin,M100000US390410578899999,2002,LNG,0
Berlin,M100000US390410578899999,2003,LNG,0
Berlin,M100000US390410578899999,2004,LNG,0
Berlin,M100000US390410578899999,2005,LNG,0
Berlin,M100000US390410578899999,2006,LNG,0
Berlin,M100000US390410578899999,2007,LNG,0
Berlin,M100000US390410578899999,2008,LNG,0
Berlin,M100000US390410578899999,2009,LNG,0
Berlin,M100000US390410578899999,2010,LNG,0
Berlin,M100000US390410578899999,2011,LNG,0
Berlin,M100000US390410578899999,2012,LNG,0
Berlin,M100000US390410578899999,2013,LNG,0
Berlin,M100000US390410578899999,2014,LNG,0
Berlin,M100000US390410578899999,2015,LNG,0
Berlin,M100000US390410578899999,2016,LNG,0
Berlin,M100000US390410578899999,2017,LNG,0
Berlin,M100000US390410578899999,2018,LNG,0
Berlin,M100000US390410578899999,2019,LNG,0
Berlin,M100000US390410578899999,2020,LNG,0
Berlin,M100000US390410578899999,2021.0,LNG,0.0
Berlin,M100000US390410578899999,2022.0,LNG,0.0
Berlin,M100000US390410578899999,2023,LNG,0
Berlin,M100000US390410578899999,2024,LNG,0
Berlin,M100000US390410578899999,2025,LNG,0
Berne,M100000US390450595699999,1999,LNG,0
Berne,M100000US390450595699999,2000,LNG,0
Berne,M100000US390450595699999,2001,LNG,0
Berne,M100000US390450595699999,2002,LNG,0
Berne,M100000US390450595699999,2003,LNG,0
Berne,M100000US390450595699999,2004,LNG,0
Berne,M100000US390450595699999,2005,LNG,0
Berne,M100000US390450595699999,2006,LNG,0
Berne,M100000US390450595699999,2007,LNG,0
Berne,M100000US390450595699999,2008,LNG,0
Berne,M100000US390450595699999,2009,LNG,0
Berne,M100000US390450595699999,2010,LNG,0
Berne,M100000US390450595699999,2011,LNG,0
Berne,M100000US390450595699999,2012,LNG,0
Berne,M100000US390450595699999,2013,LNG,0
Berne,M100000US390450595699999,2014,LNG,0
Berne,M100000US390450595699999,2015,LNG,0
Berne,M100000US390450595699999,2016,LNG,0
Berne,M100000US390450595699999,2017,LNG,0
Berne,M100000US390450595699999,2018,LNG,0
Berne,M100000US390450595699999,2019,LNG,0
Berne,M100000US390450595699999,2020,LNG,0
Berne,M100000US390450595699999,2021,LNG,0
Berne,M100000US390450595699999,2022,LNG,0
Berne,M100000US390450595699999,2023.0,LNG,0.0
Berne,M100000US390450595699999,2024,LNG,0
Berne,M100000US390450595699999,2025,LNG,0
Bexley,M100000US3906278,1999,LNG,0
Bexley,M100000US3906278,2000,LNG,0
Bexley,M100000US3906278,2001,LNG,0
Bexley,M100000US3906278,2002,LNG,0
Bexley,M100000US3906278,2003,LNG,0
Bexley,M100000US3906278,2004,LNG,0
Bexley,M100000US3906278,2005,LNG,0
Bexley,M100000US3906278,2006,LNG,0
Bexley,M100000US3906278,2007,LNG,0
Bexley,M100000US3906278,2008,LNG,0
Bexley,M100000US3906278,2009,LNG,0
Bexley,M100000US3906278,2010,LNG,0
Bexley,M100000US3906278,2011,LNG,0
Bexley,M100000US3906278,2012,LNG,0
Bexley,M100000US3906278,2013,LNG,0
Bexley,M100000US3906278,2014,LNG,0
Bexley,M100000US3906278,2015.0,LNG,0.0
Bexley,M100000US3906278,2016,LNG,0
Bexley,M100000US3906278,2017.0,LNG,0.0
Bexley,M100000US3906278,2018,LNG,0
Bexley,M100000US3906278,2019,LNG,0
Bexley,M100000US3906278,2020.0,LNG,0.0
Bexley,M100000US3906278,2021,LNG,0
Bexley,M100000US3906278,2022,LNG,0
Bexley,M100000US3906278,2023,LNG,0
Bexley,M100000US3906278,2024.0,LNG,0.0
Bexley,M100000US3906278,2025,LNG,0
Big Island,M100000US391010634899999,1999,LNG,0
Big Island,M100000US391010634899999,2000,LNG,0
Big Island,M100000US391010634899999,2001,LNG,0
Big Island,M100000US391010634899999,2002,LNG,0
Big Island,M100000US391010634899999,2003,LNG,0
Big Island,M100000US391010634899999,2004,LNG,0
Big Island,M100000US391010634899999,2005,LNG,0
Big Island,M100000US391010634899999,2006,LNG,0
Big Island,M100000US391010634899999,2007,LNG,0
Big Island,M100000US391010634899999,2008,LNG,0
Big Island,M100000US391010634899999,2009,LNG,0
Big Island,M100000US391010634899999,2010,LNG,0
Big Island,M100000US391010634899999,2011,LNG,0
Big Island,M100000US391010634899999,2012,LNG,0
Big Island,M100000US391010634899999,2013,LNG,0
Big Island,M100000US391010634899999,2014,LNG,0
Big Island,M100000US391010634899999,2015,LNG,0
Big Island,M100000US391010634899999,2016,LNG,0
Big Island,M100000US391010634899999,2017,LNG,0
Big Island,M100000US391010634899999,2018,LNG,0
Big Island,M100000US391010634899999,2019,LNG,0
Big Island,M100000US391010634899999,2020,LNG,0
Big Island,M100000US391010634899999,2021,LNG,0
Big Island,M100000US391010634899999,2022.0,LNG,0.0
Big Island,M100000US391010634899999,2023,LNG,0
Big Island,M100000US391010634899999,2024,LNG,0
Big Island,M100000US391010634899999,2025,LNG,0
Blendon,M100000US390490692299999,1999.0,LNG,0.0
Blendon,M100000US390490692299999,2000.0,LNG,0.0
Blendon,M100000US390490692299999,2001,LNG,0
Blendon,M100000US390490692299999,2002,LNG,0
Blendon,M100000US390490692299999,2003,LNG,0
Blendon,M100000US390490692299999,2004,LNG,0
Blendon,M100000US390490692299999,2005,LNG,0
Blendon,M100000US390490692299999,2006,LNG,0
Blendon,M100000US390490692299999,2007,LNG,0
Blendon,M100000US390490692299999,2008,LNG,0
Blendon,M100000US390490692299999,2009,LNG,0
Blendon,M100000US390490692299999,2010,LNG,0
Blendon,M100000US390490692299999,2011,LNG,0
Blendon,M100000US390490692299999,2012,LNG,0
Blendon,M100000US390490692299999,2013.0,LNG,0.0
Blendon,M100000US390490692299999,2014,LNG,0
Blendon,M100000US390490692299999,2015,LNG,0
Blendon,M100000US390490692299999,2016,LNG,0
Blendon,M100000US390490692299999,2017,LNG,0
Blendon,M100000US390490692299999,2018,LNG,0
Blendon,M100000US390490692299999,2019,LNG,0
Blendon,M100000US390490692299999,2020,LNG,0
Blendon,M100000US390490692299999,2021,LNG,0
Blendon,M100000US390490692299999,2022,LNG,0
Blendon,M100000US390490692299999,2023,LNG,0
Blendon,M100000US390490692299999,2024,LNG,0
Blendon,M100000US390490692299999,2025,LNG,0
Brown,M100000US390410942899999,1999,LNG,0
Brown,M100000US390490944299999,1999,LNG,0
Brown,M100000US390410942899999,2000,LNG,0
Brown,M100000US390490944299999,2000,LNG,0
Brown,M100000US390410942899999,2001,LNG,0
Brown,M100000US390490944299999,2001,LNG,0
Brown,M100000US390410942899999,2002,LNG,0
Brown,M100000US390490944299999,2002,LNG,0
Brown,M100000US390410942899999,2003,LNG,0
Brown,M100000US390490944299999,2003,LNG,0
Brown,M100000US390410942899999,2004,LNG,0
Brown,M100000US390490944299999,2004,LNG,0
Brown,M100000US390410942899999,2005,LNG,0
Brown,M100000US390490944299999,2005,LNG,0
Brown,M100000US390410942899999,2006,LNG,0
Brown,M100000US390490944299999,2006,LNG,0
Brown,M100000US390410942899999,2007,LNG,0
Brown,M100000US390490944299999,2007,LNG,0
Brown,M100000US390410942899999,2008,LNG,0
Brown,M100000US390490944299999,2008,LNG,0
Brown,M100000US390410942899999,2009,LNG,0
Brown,M100000US390490944299999,2009,LNG,0
Brown,M100000US390410942899999,2010,LNG,0
Brown,M100000US390490944299999,2010,LNG,0
Brown,M100000US390410942899999,2011.0,LNG,0.0
Brown,M100000US390490944299999,2011.0,LNG,0.0
Brown,M100000US390410942899999,2012,LNG,0
Brown,M100000US390490944299999,2012,LNG,0
Brown,M100000US390410942899999,2013,LNG,0
Brown,M100000US390490944299999,2013,LNG,0
Brown,M100000US390410942899999,2014,LNG,0
Brown,M100000US390490944299999,2014,LNG,0
Brown,M100000US390410942899999,2015,LNG,0
Brown,M100000US390490944299999,2015,LNG,0
Brown,M100000US390410942899999,2016,LNG,0
Brown,M100000US390490944299999,2016,LNG,0
Brown,M100000US390410942899999,2017,LNG,0
Brown,M100000US390490944299999,2017,LNG,0
Brown,M100000US390410942899999,2018,LNG,0
Brown,M100000US390490944299999,2018,LNG,0
Brown,M100000US390410942899999,2019,LNG,0
Brown,M100000US390490944299999,2019,LNG,0
Brown,M100000US390410942899999,2020,LNG,0
Brown,M100000US390490944299999,2020,LNG,0
Brown,M100000US390410942899999,2021,LNG,0
Brown,M100000US390490944299999,2021,LNG,0
Brown,M100000US390410942899999,2022.0,LNG,0.0
Brown,M100000US390490944299999,2022.0,LNG,0.0
Brown,M100000US390410942899999,2023,LNG,0
Brown,M100000US390490944299999,2023,LNG,0
Brown,M100000US390410942899999,2024,LNG,0
Brown,M100000US390490944299999,2024,LNG,0
Brown,M100000US390410942899999,2025,LNG,0
Brown,M100000US390490944299999,2025,LNG,0
Butler,M100000US390831059099999,1999,LNG,0
Butler,M100000US390831059099999,2000,LNG,0
Butler,M100000US390831059099999,2001,LNG,0
Butler,M100000US390831059099999,2002,LNG,0
Butler,M100000US390831059099999,2003,LNG,0
Butler,M100000US390831059099999,2004,LNG,0
Butler,M100000US390831059099999,2005,LNG,0
Butler,M100000US390831059099999,2006,LNG,0
Butler,M100000US390831059099999,2007,LNG,0
Butler,M100000US390831059099999,2008,LNG,0
Butler,M100000US390831059099999,2009,LNG,0
Butler,M100000US390831059099999,2010,LNG,0
Butler,M100000US390831059099999,2011,LNG,0
Butler,M100000US390831059099999,2012,LNG,0
Butler,M100000US390831059099999,2013,LNG,0
Butler,M100000US390831059099999,2014,LNG,0
Butler,M100000US390831059099999,2015.0,LNG,0.0
Butler,M100000US390831059099999,2016,LNG,0
Butler,M100000US390831059099999,2017,LNG,0
Butler,M100000US390831059099999,2018,LNG,0
Butler,M100000US390831059099999,2019,LNG,0
Butler,M100000US390831059099999,2020,LNG,0
Butler,M100000US390831059099999,2021,LNG,0
Butler,M100000US390831059099999,2022,LNG,0
Butler,M100000US390831059099999,2023,LNG,0
Butler,M100000US390831059099999,2024,LNG,0
Butler,M100000US390831059099999,2025,LNG,0
Canaan,M100000US390971123499999,1999,LNG,0
Canaan,M100000US390971123499999,2000,LNG,0
Canaan,M100000US390971123499999,2001,LNG,0
Canaan,M100000US390971123499999,2002,LNG,0
Canaan,M100000US390971123499999,2003,LNG,0
Canaan,M100000US390971123499999,2004,LNG,0
Canaan,M100000US390971123499999,2005,LNG,0
Canaan,M100000US390971123499999,2006,LNG,0
Canaan,M100000US390971123499999,2007,LNG,0
Canaan,M100000US390971123499999,2008,LNG,0
Canaan,M100000US390971123499999,2009,LNG,0
Canaan,M100000US390971123499999,2010,LNG,0
Canaan,M100000US390971123499999,2011,LNG,0
Canaan,M100000US390971123499999,2012,LNG,0
Canaan,M100000US390971123499999,2013,LNG,0
Canaan,M100000US390971123499999,2014,LNG,0
Canaan,M100000US390971123499999,2015,LNG,0
Canaan,M100000US390971123499999,2016,LNG,0
Canaan,M100000US390971123499999,2017,LNG,0
Canaan,M100000US390971123499999,2018,LNG,0
Canaan,M100000US390971123499999,2019.0,LNG,0.0
Canaan,M100000US390971123499999,2020,LNG,0
Canaan,M100000US390971123499999,2021.0,LNG,0.0
Canaan,M100000US390971123499999,2022,LNG,0
Canaan,M100000US390971123499999,2023,LNG,0
Canaan,M100000US390971123499999,2024,LNG,0
Canaan,M100000US390971123499999,2025,LNG,0
Canal Winchester,M100000US3911332,1999,LNG,0
Canal Winchester,M100000US3911332,2000,LNG,0
Canal Winchester,M100000US3911332,2001,LNG,0
Canal Winchester,M100000US3911332,2002,LNG,0
Canal Winchester,M100000US3911332,2003,LNG,0
Canal Winchester,M100000US3911332,2004,LNG,0
Canal Winchester,M100000US3911332,2005,LNG,0
Canal Winchester,M100000US3911332,2006,LNG,0
Canal Winchester,M100000US3911332,2007,LNG,0
Canal Winchester,M100000US3911332,2008.0,LNG,0.0
Canal Winchester,M100000US3911332,2009,LNG,0
Canal Winchester,M100000US3911332,2010,LNG,0
Canal Winchester,M100000US3911332,2011,LNG,0
Canal Winchester,M100000US3911332,2012.0,LNG,0.0
Canal Winchester,M100000US3911332,2013,LNG,0
Canal Winchester,M100000US3911332,2014,LNG,0
Canal Winchester,M100000US3911332,2015,LNG,0
Canal Winchester,M100000US3911332,2016,LNG,0
Canal Winchester,M100000US3911332,2017,LNG,0
Canal Winchester,M100000US3911332,2018,LNG,0
Canal Winchester,M100000US3911332,2019,LNG,0
Canal Winchester,M100000US3911332,2020.0,LNG,0.0
Canal Winchester,M100000US3911332,2021.0,LNG,0.0
Canal Winchester,M100000US3911332,2022,LNG,0
Canal Winchester,M100000US3911332,2023,LNG,0
Canal Winchester,M100000US3911332,2024.0,LNG,0.0
Canal Winchester,M100000US3911332,2025,LNG,0
Chester,M100000US391171403099999,1999,LNG,0
Chester,M100000US391171403099999,2000,LNG,0
Chester,M100000US391171403099999,2001,LNG,0
Chester,M100000US391171403099999,2002,LNG,0
Chester,M100000US391171403099999,2003,LNG,0
Chester,M100000US391171403099999,2004,LNG,0
Chester,M100000US391171403099999,2005,LNG,0
Chester,M100000US391171403099999,2006,LNG,0
Chester,M100000US391171403099999,2007,LNG,0
Chester,M100000US391171403099999,2008,LNG,0
Chester,M100000US391171403099999,2009,LNG,0
Chester,M100000US391171403099999,2010,LNG,0
Chester,M100000US391171403099999,2011,LNG,0
Chester,M100000US391171403099999,2012,LNG,0
Chester,M100000US391171403099999,2013,LNG,0
Chester,M100000US391171403099999,2014,LNG,0
Chester,M100000US391171403099999,2015,LNG,0
Chester,M100000US391171403099999,2016.0,LNG,0.0
Chester,M100000US391171403099999,2017,LNG,0
Chester,M100000US391171403099999,2018,LNG,0
Chester,M100000US391171403099999,2019,LNG,0
Chester,M100000US391171403099999,2020,LNG,0
Chester,M100000US391171403099999,2021,LNG,0
Chester,M100000US391171403099999,2022,LNG,0
Chester,M100000US391171403099999,2023,LNG,0
Chester,M100000US391171403099999,2024,LNG,0
Chester,M100000US391171403099999,2025,LNG,0
Chillicothe,M100000US3914184,1999,LNG,0
Chillicothe,M100000US3914184,2000,LNG,0
Chillicothe,M100000US3914184,2001,LNG,0
Chillicothe,M100000US3914184,2002,LNG,0
Chillicothe,M100000US3914184,2003,LNG,0
Chillicothe,M100000US3914184,2004,LNG,0
Chillicothe,M100000US3914184,2005,LNG,0
Chillicothe,M100000US3914184,2006,LNG,0
Chillicothe,M100000US3914184,2007,LNG,0
Chillicothe,M100000US3914184,2008,LNG,0
Chillicothe,M100000US3914184,2009,LNG,0
Chillicothe,M100000US3914184,2010,LNG,0
Chillicothe,M100000US3914184,2011,LNG,0
Chillicothe,M100000US3914184,2012,LNG,0
Chillicothe,M100000US3914184,2013,LNG,0
Chillicothe,M100000US3914184,2014,LNG,0
Chillicothe,M100000US3914184,2015,LNG,0
Chillicothe,M100000US3914184,2016.0,LNG,0.0
Chillicothe,M100000US3914184,2017,LNG,0
Chillicothe,M100000US3914184,2018,LNG,0
Chillicothe,M100000US3914184,2019,LNG,0
Chillicothe,M100000US3914184,2020.0,LNG,0.0
Chillicothe,M100000US3914184,2021,LNG,0
Chillicothe,M100000US3914184,2022.0,LNG,0.0
Chillicothe,M100000US3914184,2023,LNG,0
Chillicothe,M100000US3914184,2024.0,LNG,0.0
Chillicothe,M100000US3914184,2025,LNG,0
Circleville,M100000US3915070,1999,LNG,0
Circleville,M100000US3915070,2000,LNG,0
Circleville,M100000US3915070,2001,LNG,0
Circleville,M100000US3915070,2002,LNG,0
Circleville,M100000US3915070,2003,LNG,0
Circleville,M100000US3915070,2004,LNG,0
Circleville,M100000US3915070,2005,LNG,0
Circleville,M100000US3915070,2006,LNG,0
Circleville,M100000US3915070,2007,LNG,0
Circleville,M100000US3915070,2008,LNG,0
Circleville,M100000US3915070,2009,LNG,0
Circleville,M100000US3915070,2010,LNG,0
Circleville,M100000US3915070,2011,LNG,0
Circleville,M100000US3915070,2012,LNG,0
Circleville,M100000US3915070,2013,LNG,0
Circleville,M100000US3915070,2014,LNG,0
Circleville,M100000US3915070,2015,LNG,0
Circleville,M100000US3915070,2016,LNG,0
Circleville,M100000US3915070,2017,LNG,0
Circleville,M100000US3915070,2018,LNG,0
Circleville,M100000US3915070,2019,LNG,0
Circleville,M100000US3915070,2020,LNG,0
Circleville,M100000US3915070,2021,LNG,0
Circleville,M100000US3915070,2022.0,LNG,0.0
Circleville,M100000US3915070,2023.0,LNG,0.0
Circleville,M100000US3915070,2024,LNG,0
Circleville,M100000US3915070,2025,LNG,0
Claridon,M100000US391011519699999,1999,LNG,0
Claridon,M100000US391011519699999,2000,LNG,0
Claridon,M100000US391011519699999,2001,LNG,0
Claridon,M100000US391011519699999,2002,LNG,0
Claridon,M100000US391011519699999,2003,LNG,0
Claridon,M100000US391011519699999,2004,LNG,0
Claridon,M100000US391011519699999,2005,LNG,0
Claridon,M100000US391011519699999,2006,LNG,0
Claridon,M100000US391011519699999,2007.0,LNG,0.0
Claridon,M100000US391011519699999,2008,LNG,0
Claridon,M100000US391011519699999,2009,LNG,0
Claridon,M100000US391011519699999,2010,LNG,0
Claridon,M100000US391011519699999,2011,LNG,0
Claridon,M100000US391011519699999,2012,LNG,0
Claridon,M100000US391011519699999,2013,LNG,0
Claridon,M100000US391011519699999,2014,LNG,0
Claridon,M100000US391011519699999,2015,LNG,0
Claridon,M100000US391011519699999,2016,LNG,0
Claridon,M100000US391011519699999,2017,LNG,0
Claridon,M100000US391011519699999,2018,LNG,0
Claridon,M100000US391011519699999,2019,LNG,0
Claridon,M100000US391011519699999,2020,LNG,0
Claridon,M100000US391011519699999,2021,LNG,0
Claridon,M100000US391011519699999,2022,LNG,0
Claridon,M100000US391011519699999,2023,LNG,0
Claridon,M100000US391011519699999,2024,LNG,0
Claridon,M100000US391011519699999,2025,LNG,0
Clay,M100000US390831550499999,1999,LNG,0
Clay,M100000US390831550499999,2000,LNG,0
Clay,M100000US390831550499999,2001,LNG,0
Clay,M100000US390831550499999,2002,LNG,0
Clay,M100000US390831550499999,2003,LNG,0
Clay,M100000US390831550499999,2004,LNG,0
Clay,M100000US390831550499999,2005,LNG,0
Clay,M100000US390831550499999,2006,LNG,0
Clay,M100000US390831550499999,2007,LNG,0
Clay,M100000US390831550499999,2008,LNG,0
Clay,M100000US390831550499999,2009,LNG,0
Clay,M100000US390831550499999,2010,LNG,0
Clay,M100000US390831550499999,2011,LNG,0
Clay,M100000US390831550499999,2012,LNG,0
Clay,M100000US390831550499999,2013,LNG,0
Clay,M100000US390831550499999,2014,LNG,0
Clay,M100000US390831550499999,2015,LNG,0
Clay,M100000US390831550499999,2016,LNG,0
Clay,M100000US390831550499999,2017,LNG,0
Clay,M100000US390831550499999,2018,LNG,0
Clay,M100000US390831550499999,2019,LNG,0
Clay,M100000US390831550499999,2020,LNG,0
Clay,M100000US390831550499999,2021,LNG,0
Clay,M100000US390831550499999,2022,LNG,0
Clay,M100000US390831550499999,2023.0,LNG,0.0
Clay,M100000US390831550499999,2024,LNG,0
Clay,M100000US390831550499999,2025,LNG,0
Clinton,M100000US390491611299999,1999,LNG,0
Clinton,M100000US390491611299999,2000,LNG,0
Clinton,M100000US390491611299999,2001,LNG,0
Clinton,M100000US390491611299999,2002,LNG,0
Clinton,M100000US390491611299999,2003,LNG,0
Clinton,M100000US390491611299999,2004,LNG,0
Clinton,M100000US390491611299999,2005,LNG,0
Clinton,M100000US390491611299999,2006,LNG,0
Clinton,M100000US390491611299999,2007,LNG,0
Clinton,M100000US390491611299999,2008,LNG,0
Clinton,M100000US390491611299999,2009,LNG,0
Clinton,M100000US390491611299999,2010,LNG,0
Clinton,M100000US390491611299999,2011,LNG,0
Clinton,M100000US390491611299999,2012,LNG,0
Clinton,M100000US390491611299999,2013,LNG,0
Clinton,M100000US390491611299999,2014,LNG,0
Clinton,M100000US390491611299999,2015,LNG,0
Clinton,M100000US390491611299999,2016,LNG,0
Clinton,M100000US390491611299999,2017,LNG,0
Clinton,M100000US390491611299999,2018,LNG,0
Clinton,M100000US390491611299999,2019,LNG,0
Clinton,M100000US390491611299999,2020.0,LNG,0.0
Clinton,M100000US390491611299999,2021.0,LNG,0.0
Clinton,M100000US390491611299999,2022,LNG,0
Clinton,M100000US390491611299999,2023,LNG,0
Clinton,M100000US390491611299999,2024,LNG,0
Clinton,M100000US390491611299999,2025,LNG,0
Columbus,M100000US3918000,1999,LNG,0
Columbus,M100000US3918000,2000.0,LNG,0.0
Columbus,M100000US3918000,2001,LNG,0
Columbus,M100000US3918000,2002,LNG,0
Columbus,M100000US3918000,2003,LNG,0
Columbus,M100000US3918000,2004.0,LNG,0.0
Columbus,M100000US3918000,2005,LNG,0
Columbus,M100000US3918000,2006.0,LNG,0.0
Columbus,M100000US3918000,2007,LNG,0
Columbus,M100000US3918000,2008.0,LNG,0.0
Columbus,M100000US3918000,2009,LNG,0
Columbus,M100000US3918000,2010,LNG,0
Columbus,M100000US3918000,2011.0,LNG,0.0
Columbus,M100000US3918000,2012.0,LNG,0.0
Columbus,M100000US3918000,2013.0,LNG,0.0
Columbus,M100000US3918000,2014.0,LNG,0.0
Columbus,M100000US3918000,2015.0,LNG,0.0
Columbus,M100000US3918000,2016.0,LNG,1.0
Columbus,M100000US3918000,2017.0,LNG,0.0
Columbus,M100000US3918000,2018.0,LNG,0.0
Columbus,M100000US3918000,2019.0,LNG,0.0
Columbus,M100000US3918000,2020.0,LNG,0.0
Columbus,M100000US3918000,2021.0,LNG,0.0
Columbus,M100000US3918000,2022.0,LNG,0.0
Columbus,M100000US3918000,2023.0,LNG,0.0
Columbus,M100000US3918000,2024.0,LNG,0.0
Columbus,M100000US3918000,2025.0,LNG,0.0
Delaware,M100000US3921434,1999,LNG,0
Delaware,M100000US390412144899999,1999,LNG,0
Delaware,M100000US3921434,2000,LNG,0
Delaware,M100000US390412144899999,2000,LNG,0
Delaware,M100000US3921434,2001,LNG,0
Delaware,M100000US390412144899999,2001,LNG,0
Delaware,M100000US3921434,2002,LNG,0
Delaware,M100000US390412144899999,2002,LNG,0
Delaware,M100000US3921434,2003,LNG,0
Delaware,M100000US390412144899999,2003,LNG,0
Delaware,M100000US3921434,2004,LNG,0
Delaware,M100000US390412144899999,2004,LNG,0
Delaware,M100000US3921434,2005,LNG,0
Delaware,M100000US390412144899999,2005,LNG,0
Delaware,M100000US3921434,2006,LNG,0
Delaware,M100000US390412144899999,2006,LNG,0
Delaware,M100000US3921434,2007,LNG,0
Delaware,M100000US390412144899999,2007,LNG,0
Delaware,M100000US3921434,2008,LNG,0
Delaware,M100000US390412144899999,2008,LNG,0
Delaware,M100000US3921434,2009,LNG,0
Delaware,M100000US390412144899999,2009,LNG,0
Delaware,M100000US3921434,2010,LNG,0
Delaware,M100000US390412144899999,2010,LNG,0
Delaware,M100000US3921434,2011.0,LNG,0.0
Delaware,M100000US390412144899999,2011.0,LNG,0.0
Delaware,M100000US3921434,2012,LNG,0
Delaware,M100000US390412144899999,2012,LNG,0
Delaware,M100000US3921434,2013.0,LNG,0.0
Delaware,M100000US390412144899999,2013.0,LNG,0.0
Delaware,M100000US3921434,2014,LNG,0
Delaware,M100000US390412144899999,2014,LNG,0
Delaware,M100000US3921434,2015,LNG,0
Delaware,M100000US390412144899999,2015,LNG,0
Delaware,M100000US3921434,2016,LNG,0
Delaware,M100000US390412144899999,2016,LNG,0
Delaware,M100000US3921434,2017.0,LNG,0.0
Delaware,M100000US390412144899999,2017.0,LNG,0.0
Delaware,M100000US3921434,2018,LNG,0
Delaware,M100000US390412144899999,2018,LNG,0
Delaware,M100000US3921434,2019.0,LNG,0.0
Delaware,M100000US390412144899999,2019.0,LNG,0.0
Delaware,M100000US3921434,2020,LNG,0
Delaware,M100000US390412144899999,2020,LNG,0
Delaware,M100000US3921434,2021.0,LNG,0.0
Delaware,M100000US390412144899999,2021.0,LNG,0.0
Delaware,M100000US3921434,2022.0,LNG,0.0
Delaware,M100000US390412144899999,2022.0,LNG,0.0
Delaware,M100000US3921434,2023.0,LNG,0.0
Delaware,M100000US390412144899999,2023.0,LNG,0.0
Delaware,M100000US3921434,2024.0,LNG,0.0
Delaware,M100000US390412144899999,2024.0,LNG,0.0
Delaware,M100000US3921434,2025.0,LNG,0.0
Delaware,M100000US390412144899999,2025.0,LNG,0.0
Dublin,M100000US3922694,1999,LNG,0
Dublin,M100000US3922694,2000,LNG,0
Dublin,M100000US3922694,2001,LNG,0
Dublin,M100000US3922694,2002,LNG,0
Dublin,M100000US3922694,2003,LNG,0
Dublin,M100000US3922694,2004,LNG,0
Dublin,M100000US3922694,2005,LNG,0
Dublin,M100000US3922694,2006,LNG,0
Dublin,M100000US3922694,2007,LNG,0
Dublin,M100000US3922694,2008,LNG,0
Dublin,M100000US3922694,2009,LNG,0
Dublin,M100000US3922694,2010,LNG,0
Dublin,M100000US3922694,2011,LNG,0
Dublin,M100000US3922694,2012.0,LNG,0.0
Dublin,M100000US3922694,2013,LNG,0
Dublin,M100000US3922694,2014,LNG,0
Dublin,M100000US3922694,2015,LNG,0
Dublin,M100000US3922694,2016,LNG,0
Dublin,M100000US3922694,2017,LNG,0
Dublin,M100000US3922694,2018.0,LNG,0.0
Dublin,M100000US3922694,2019.0,LNG,0.0
Dublin,M100000US3922694,2020.0,LNG,0.0
Dublin,M100000US3922694,2021.0,LNG,0.0
Dublin,M100000US3922694,2022.0,LNG,0.0
Dublin,M100000US3922694,2023.0,LNG,0.0
Dublin,M100000US3922694,2024.0,LNG,0.0
Dublin,M100000US3922694,2025,LNG,0
Franklin,M100000US390492828099999,1999,LNG,0
Franklin,M100000US390492828099999,2000,LNG,0
Franklin,M100000US390492828099999,2001,LNG,0
Franklin,M100000US390492828099999,2002,LNG,0
Franklin,M100000US390492828099999,2003,LNG,0
Franklin,M100000US390492828099999,2004,LNG,0
Franklin,M100000US390492828099999,2005,LNG,0
Franklin,M100000US390492828099999,2006,LNG,0
Franklin,M100000US390492828099999,2007,LNG,0
Franklin,M100000US390492828099999,2008,LNG,0
Franklin,M100000US390492828099999,2009.0,LNG,0.0
Franklin,M100000US390492828099999,2010,LNG,0
Franklin,M100000US390492828099999,2011,LNG,0
Franklin,M100000US390492828099999,2012,LNG,0
Franklin,M100000US390492828099999,2013,LNG,0
Franklin,M100000US390492828099999,2014,LNG,0
Franklin,M100000US390492828099999,2015,LNG,0
Franklin,M100000US390492828099999,2016,LNG,0
Franklin,M100000US390492828099999,2017,LNG,0
Franklin,M100000US390492828099999,2018,LNG,0
Franklin,M100000US390492828099999,2019,LNG,0
Franklin,M100000US390492828099999,2020,LNG,0
Franklin,M100000US390492828099999,2021,LNG,0
Franklin,M100000US390492828099999,2022.0,LNG,0.0
Franklin,M100000US390492828099999,2023,LNG,0
Franklin,M100000US390492828099999,2024,LNG,0
Franklin,M100000US390492828099999,2025,LNG,0
Fredericktown,M100000US3928658,1999,LNG,0
Fredericktown,M100000US3928658,2000,LNG,0
Fredericktown,M100000US3928658,2001,LNG,0
Fredericktown,M100000US3928658,2002,LNG,0
Fredericktown,M100000US3928658,2003,LNG,0
Fredericktown,M100000US3928658,2004,LNG,0
Fredericktown,M100000US3928658,2005,LNG,0
Fredericktown,M100000US3928658,2006,LNG,0
Fredericktown,M100000US3928658,2007,LNG,0
Fredericktown,M100000US3928658,2008,LNG,0
Fredericktown,M100000US3928658,2009,LNG,0
Fredericktown,M100000US3928658,2010,LNG,0
Fredericktown,M100000US3928658,2011,LNG,0
Fredericktown,M100000US3928658,2012,LNG,0
Fredericktown,M100000US3928658,2013,LNG,0
Fredericktown,M100000US3928658,2014,LNG,0
Fredericktown,M100000US3928658,2015,LNG,0
Fredericktown,M100000US3928658,2016,LNG,0
Fredericktown,M100000US3928658,2017,LNG,0
Fredericktown,M100000US3928658,2018,LNG,0
Fredericktown,M100000US3928658,2019,LNG,0
Fredericktown,M100000US3928658,2020,LNG,0
Fredericktown,M100000US3928658,2021,LNG,0
Fredericktown,M100000US3928658,2022,LNG,0
Fredericktown,M100000US3928658,2023.0,LNG,0.0
Fredericktown,M100000US3928658,2024,LNG,0
Fredericktown,M100000US3928658,2025,LNG,0
Gahanna,M100000US3929106,1999,LNG,0
Gahanna,M100000US3929106,2000,LNG,0
Gahanna,M100000US3929106,2001,LNG,0
Gahanna,M100000US3929106,2002,LNG,0
Gahanna,M100000US3929106,2003,LNG,0
Gahanna,M100000US3929106,2004,LNG,0
Gahanna,M100000US3929106,2005,LNG,0
Gahanna,M100000US3929106,2006,LNG,0
Gahanna,M100000US3929106,2007,LNG,0
Gahanna,M100000US3929106,2008,LNG,0
Gahanna,M100000US3929106,2009,LNG,0
Gahanna,M100000US3929106,2010,LNG,0
Gahanna,M100000US3929106,2011,LNG,0
Gahanna,M100000US3929106,2012,LNG,0
Gahanna,M100000US3929106,2013,LNG,0
Gahanna,M100000US3929106,2014,LNG,0
Gahanna,M100000US3929106,2015.0,LNG,0.0
Gahanna,M100000US3929106,2016,LNG,0
Gahanna,M100000US3929106,2017,LNG,0
Gahanna,M100000US3929106,2018,LNG,0
Gahanna,M100000US3929106,2019.0,LNG,0.0
Gahanna,M100000US3929106,2020.0,LNG,0.0
Gahanna,M100000US3929106,2021.0,LNG,0.0
Gahanna,M100000US3929106,2022.0,LNG,0.0
Gahanna,M100000US3929106,2023,LNG,0
Gahanna,M100000US3929106,2024,LNG,0
Gahanna,M100000US3929106,2025,LNG,0
Gambier,M100000US3929246,1999,LNG,0
Gambier,M100000US3929246,2000,LNG,0
Gambier,M100000US3929246,2001,LNG,0
Gambier,M100000US3929246,2002,LNG,0
Gambier,M100000US3929246,2003,LNG,0
Gambier,M100000US3929246,2004,LNG,0
Gambier,M100000US3929246,2005,LNG,0
Gambier,M100000US3929246,2006,LNG,0
Gambier,M100000US3929246,2007,LNG,0
Gambier,M100000US3929246,2008,LNG,0
Gambier,M100000US3929246,2009,LNG,0
Gambier,M100000US3929246,2010,LNG,0
Gambier,M100000US3929246,2011,LNG,0
Gambier,M100000US3929246,2012,LNG,0
Gambier,M100000US3929246,2013,LNG,0
Gambier,M100000US3929246,2014,LNG,0
Gambier,M100000US3929246,2015,LNG,0
Gambier,M100000US3929246,2016,LNG,0
Gambier,M100000US3929246,2017.0,LNG,0.0
Gambier,M100000US3929246,2018,LNG,0
Gambier,M100000US3929246,2019,LNG,0
Gambier,M100000US3929246,2020.0,LNG,0.0
Gambier,M100000US3929246,2021.0,LNG,0.0
Gambier,M100000US3929246,2022,LNG,0
Gambier,M100000US3929246,2023.0,LNG,0.0
Gambier,M100000US3929246,2024,LNG,0
Gambier,M100000US3929246,2025,LNG,0
Grand Prairie,M100000US391013119299999,1999,LNG,0
Grand Prairie,M100000US391013119299999,2000,LNG,0
Grand Prairie,M100000US391013119299999,2001,LNG,0
Grand Prairie,M100000US391013119299999,2002,LNG,0
Grand Prairie,M100000US391013119299999,2003,LNG,0
Grand Prairie,M100000US391013119299999,2004,LNG,0
Grand Prairie,M100000US391013119299999,2005,LNG,0
Grand Prairie,M100000US391013119299999,2006,LNG,0
Grand Prairie,M100000US391013119299999,2007,LNG,0
Grand Prairie,M100000US391013119299999,2008,LNG,0
Grand Prairie,M100000US391013119299999,2009,LNG,0
Grand Prairie,M100000US391013119299999,2010,LNG,0
Grand Prairie,M100000US391013119299999,2011,LNG,0
Grand Prairie,M100000US391013119299999,2012,LNG,0
Grand Prairie,M100000US391013119299999,2013,LNG,0
Grand Prairie,M100000US391013119299999,2014,LNG,0
Grand Prairie,M100000US391013119299999,2015,LNG,0
Grand Prairie,M100000US391013119299999,2016,LNG,0
Grand Prairie,M100000US391013119299999,2017,LNG,0
Grand Prairie,M100000US391013119299999,2018,LNG,0
Grand Prairie,M100000US391013119299999,2019,LNG,0
Grand Prairie,M100000US391013119299999,2020,LNG,0
Grand Prairie,M100000US391013119299999,2021,LNG,0
Grand Prairie,M100000US391013119299999,2022,LNG,0
Grand Prairie,M100000US391013119299999,2023.0,LNG,0.0
Grand Prairie,M100000US391013119299999,2024,LNG,0
Grand Prairie,M100000US391013119299999,2025,LNG,0
Grandview Heights,M100000US3931304,1999,LNG,0
Grandview Heights,M100000US3931304,2000,LNG,0
Grandview Heights,M100000US3931304,2001,LNG,0
Grandview Heights,M100000US3931304,2002,LNG,0
Grandview Heights,M100000US3931304,2003,LNG,0
Grandview Heights,M100000US3931304,2004,LNG,0
Grandview Heights,M100000US3931304,2005,LNG,0
Grandview Heights,M100000US3931304,2006,LNG,0
Grandview Heights,M100000US3931304,2007,LNG,0
Grandview Heights,M100000US3931304,2008,LNG,0
Grandview Heights,M100000US3931304,2009,LNG,0
Grandview Heights,M100000US3931304,2010,LNG,0
Grandview Heights,M100000US3931304,2011,LNG,0
Grandview Heights,M100000US3931304,2012,LNG,0
Grandview Heights,M100000US3931304,2013,LNG,0
Grandview Heights,M100000US3931304,2014,LNG,0
Grandview Heights,M100000US3931304,2015,LNG,0
Grandview Heights,M100000US3931304,2016,LNG,0
Grandview Heights,M100000US3931304,2017,LNG,0
Grandview Heights,M100000US3931304,2018,LNG,0
Grandview Heights,M100000US3931304,2019.0,LNG,0.0
Grandview Heights,M100000US3931304,2020.0,LNG,0.0
Grandview Heights,M100000US3931304,2021.0,LNG,0.0
Grandview Heights,M100000US3931304,2022.0,LNG,0.0
Grandview Heights,M100000US3931304,2023.0,LNG,0.0
Grandview Heights,M100000US3931304,2024,LNG,0
Grandview Heights,M100000US3931304,2025,LNG,0
Granville,M100000US3931402,1999,LNG,0
Granville,M100000US3931402,2000,LNG,0
Granville,M100000US3931402,2001,LNG,0
Granville,M100000US3931402,2002,LNG,0
Granville,M100000US3931402,2003,LNG,0
Granville,M100000US3931402,2004,LNG,0
Granville,M100000US3931402,2005,LNG,0
Granville,M100000US3931402,2006,LNG,0
Granville,M100000US3931402,2007,LNG,0
Granville,M100000US3931402,2008,LNG,0
Granville,M100000US3931402,2009,LNG,0
Granville,M100000US3931402,2010,LNG,0
Granville,M100000US3931402,2011,LNG,0
Granville,M100000US3931402,2012,LNG,0
Granville,M100000US3931402,2013,LNG,0
Granville,M100000US3931402,2014,LNG,0
Granville,M100000US3931402,2015,LNG,0
Granville,M100000US3931402,2016,LNG,0
Granville,M100000US3931402,2017,LNG,0
Granville,M100000US3931402,2018,LNG,0
Granville,M100000US3931402,2019.0,LNG,0.0
Granville,M100000US3931402,2020,LNG,0
Granville,M100000US3931402,2021,LNG,0
Granville,M100000US3931402,2022.0,LNG,0.0
Granville,M100000US3931402,2023.0,LNG,0.0
Granville,M100000US3931402,2024,LNG,0
Granville,M100000US3931402,2025,LNG,0
Green,M100000US391413182299999,1999,LNG,0
Green,M100000US391413182299999,2000,LNG,0
Green,M100000US391413182299999,2001,LNG,0
Green,M100000US391413182299999,2002,LNG,0
Green,M100000US391413182299999,2003,LNG,0
Green,M100000US391413182299999,2004,LNG,0
Green,M100000US391413182299999,2005,LNG,0
Green,M100000US391413182299999,2006,LNG,0
Green,M100000US391413182299999,2007,LNG,0
Green,M100000US391413182299999,2008,LNG,0
Green,M100000US391413182299999,2009,LNG,0
Green,M100000US391413182299999,2010,LNG,0
Green,M100000US391413182299999,2011,LNG,0
Green,M100000US391413182299999,2012,LNG,0
Green,M100000US391413182299999,2013,LNG,0
Green,M100000US391413182299999,2014,LNG,0
Green,M100000US391413182299999,2015.0,LNG,0.0
Green,M100000US391413182299999,2016,LNG,0
Green,M100000US391413182299999,2017,LNG,0
Green,M100000US391413182299999,2018,LNG,0
Green,M100000US391413182299999,2019.0,LNG,0.0
Green,M100000US391413182299999,2020,LNG,0
Green,M100000US391413182299999,2021.0,LNG,0.0
Green,M100000US391413182299999,2022,LNG,0
Green,M100000US391413182299999,2023,LNG,0
Green,M100000US391413182299999,2024,LNG,0
Green,M100000US391413182299999,2025,LNG,0
Greenfield,M100000US390453206099999,1999,LNG,0
Greenfield,M100000US390453206099999,2000,LNG,0
Greenfield,M100000US390453206099999,2001,LNG,0
Greenfield,M100000US390453206099999,2002,LNG,0
Greenfield,M100000US390453206099999,2003,LNG,0
Greenfield,M100000US390453206099999,2004,LNG,0
Greenfield,M100000US390453206099999,2005,LNG,0
Greenfield,M100000US390453206099999,2006,LNG,0
Greenfield,M100000US390453206099999,2007,LNG,0
Greenfield,M100000US390453206099999,2008,LNG,0
Greenfield,M100000US390453206099999,2009,LNG,0
Greenfield,M100000US390453206099999,2010,LNG,0
Greenfield,M100000US390453206099999,2011,LNG,0
Greenfield,M100000US390453206099999,2012,LNG,0
Greenfield,M100000US390453206099999,2013,LNG,0
Greenfield,M100000US390453206099999,2014,LNG,0
Greenfield,M100000US390453206099999,2015,LNG,0
Greenfield,M100000US390453206099999,2016.0,LNG,0.0
Greenfield,M100000US390453206099999,2017,LNG,0
Greenfield,M100000US390453206099999,2018,LNG,0
Greenfield,M100000US390453206099999,2019,LNG,0
Greenfield,M100000US390453206099999,2020,LNG,0
Greenfield,M100000US390453206099999,2021,LNG,0
Greenfield,M100000US390453206099999,2022.0,LNG,0.0
Greenfield,M100000US390453206099999,2023,LNG,0
Greenfield,M100000US390453206099999,2024.0,LNG,0.0
Greenfield,M100000US390453206099999,2025,LNG,0
Grove City,M100000US3932592,1999,LNG,0
Grove City,M100000US3932592,2000,LNG,0
Grove City,M100000US3932592,2001,LNG,0
Grove City,M100000US3932592,2002,LNG,0
Grove City,M100000US3932592,2003,LNG,0
Grove City,M100000US3932592,2004,LNG,0
Grove City,M100000US3932592,2005,LNG,0
Grove City,M100000US3932592,2006,LNG,0
Grove City,M100000US3932592,2007,LNG,0
Grove City,M100000US3932592,2008.0,LNG,0.0
Grove City,M100000US3932592,2009,LNG,0
Grove City,M100000US3932592,2010,LNG,0
Grove City,M100000US3932592,2011,LNG,0
Grove City,M100000US3932592,2012,LNG,0
Grove City,M100000US3932592,2013,LNG,0
Grove City,M100000US3932592,2014,LNG,0
Grove City,M100000US3932592,2015.0,LNG,0.0
Grove City,M100000US3932592,2016,LNG,0
Grove City,M100000US3932592,2017,LNG,0
Grove City,M100000US3932592,2018,LNG,0
Grove City,M100000US3932592,2019.0,LNG,0.0
Grove City,M100000US3932592,2020.0,LNG,0.0
Grove City,M100000US3932592,2021.0,LNG,0.0
Grove City,M100000US3932592,2022.0,LNG,0.0
Grove City,M100000US3932592,2023.0,LNG,0.0
Grove City,M100000US3932592,2024,LNG,0
Grove City,M100000US3932592,2025,LNG,0
Groveport,M100000US3932606,1999,LNG,0
Groveport,M100000US3932606,2000,LNG,0
Groveport,M100000US3932606,2001,LNG,0
Groveport,M100000US3932606,2002,LNG,0
Groveport,M100000US3932606,2003,LNG,0
Groveport,M100000US3932606,2004,LNG,0
Groveport,M100000US3932606,2005,LNG,0
Groveport,M100000US3932606,2006,LNG,0
Groveport,M100000US3932606,2007,LNG,0
Groveport,M100000US3932606,2008,LNG,0
Groveport,M100000US3932606,2009,LNG,0
Groveport,M100000US3932606,2010,LNG,0
Groveport,M100000US3932606,2011,LNG,0
Groveport,M100000US3932606,2012,LNG,0
Groveport,M100000US3932606,2013,LNG,0
Groveport,M100000US3932606,2014,LNG,0
Groveport,M100000US3932606,2015,LNG,0
Groveport,M100000US3932606,2016,LNG,0
Groveport,M100000US3932606,2017,LNG,0
Groveport,M100000US3932606,2018,LNG,0
Groveport,M100000US3932606,2019,LNG,0
Groveport,M100000US3932606,2020,LNG,0
Groveport,M100000US3932606,2021,LNG,0
Groveport,M100000US3932606,2022.0,LNG,0.0
Groveport,M100000US3932606,2023,LNG,0
Groveport,M100000US3932606,2024,LNG,0
Groveport,M100000US3932606,2025,LNG,0
Hamilton,M100000US390493302699999,1999,LNG,0
Hamilton,M100000US390493302699999,2000,LNG,0
Hamilton,M100000US390493302699999,2001,LNG,0
Hamilton,M100000US390493302699999,2002,LNG,0
Hamilton,M100000US390493302699999,2003,LNG,0
Hamilton,M100000US390493302699999,2004,LNG,0
Hamilton,M100000US390493302699999,2005,LNG,0
Hamilton,M100000US390493302699999,2006,LNG,0
Hamilton,M100000US390493302699999,2007,LNG,0
Hamilton,M100000US390493302699999,2008,LNG,0
Hamilton,M100000US390493302699999,2009,LNG,0
Hamilton,M100000US390493302699999,2010,LNG,0
Hamilton,M100000US390493302699999,2011,LNG,0
Hamilton,M100000US390493302699999,2012,LNG,0
Hamilton,M100000US390493302699999,2013,LNG,0
Hamilton,M100000US390493302699999,2014,LNG,0
Hamilton,M100000US390493302699999,2015,LNG,0
Hamilton,M100000US390493302699999,2016,LNG,0
Hamilton,M100000US390493302699999,2017,LNG,0
Hamilton,M100000US390493302699999,2018,LNG,0
Hamilton,M100000US390493302699999,2019,LNG,0
Hamilton,M100000US390493302699999,2020,LNG,0
Hamilton,M100000US390493302699999,2021,LNG,0
Hamilton,M100000US390493302699999,2022.0,LNG,0.0
Hamilton,M100000US390493302699999,2023,LNG,0
Hamilton,M100000US390493302699999,2024,LNG,0
Hamilton,M100000US390493302699999,2025,LNG,0
Harrison,M100000US390913390899999,1999,LNG,0
Harrison,M100000US390913390899999,2000,LNG,0
Harrison,M100000US390913390899999,2001,LNG,0
Harrison,M100000US390913390899999,2002,LNG,0
Harrison,M100000US390913390899999,2003,LNG,0
Harrison,M100000US390913390899999,2004,LNG,0
Harrison,M100000US390913390899999,2005,LNG,0
Harrison,M100000US390913390899999,2006,LNG,0
Harrison,M100000US390913390899999,2007,LNG,0
Harrison,M100000US390913390899999,2008,LNG,0
Harrison,M100000US390913390899999,2009,LNG,0
Harrison,M100000US390913390899999,2010,LNG,0
Harrison,M100000US390913390899999,2011,LNG,0
Harrison,M100000US390913390899999,2012,LNG,0
Harrison,M100000US390913390899999,2013,LNG,0
Harrison,M100000US390913390899999,2014,LNG,0
Harrison,M100000US390913390899999,2015,LNG,0
Harrison,M100000US390913390899999,2016,LNG,0
Harrison,M100000US390913390899999,2017,LNG,0
Harrison,M100000US390913390899999,2018,LNG,0
Harrison,M100000US390913390899999,2019,LNG,0
Harrison,M100000US390913390899999,2020,LNG,0
Harrison,M100000US390913390899999,2021.0,LNG,0.0
Harrison,M100000US390913390899999,2022,LNG,0
Harrison,M100000US390913390899999,2023,LNG,0
Harrison,M100000US390913390899999,2024,LNG,0
Harrison,M100000US390913390899999,2025,LNG,0
Heath,M100000US3934748,1999,LNG,0
Heath,M100000US3934748,2000,LNG,0
Heath,M100000US3934748,2001,LNG,0
Heath,M100000US3934748,2002,LNG,0
Heath,M100000US3934748,2003,LNG,0
Heath,M100000US3934748,2004,LNG,0
Heath,M100000US3934748,2005,LNG,0
Heath,M100000US3934748,2006,LNG,0
Heath,M100000US3934748,2007,LNG,0
Heath,M100000US3934748,2008,LNG,0
Heath,M100000US3934748,2009,LNG,0
Heath,M100000US3934748,2010,LNG,0
Heath,M100000US3934748,2011.0,LNG,0.0
Heath,M100000US3934748,2012,LNG,0
Heath,M100000US3934748,2013,LNG,0
Heath,M100000US3934748,2014,LNG,0
Heath,M100000US3934748,2015,LNG,0
Heath,M100000US3934748,2016,LNG,0
Heath,M100000US3934748,2017.0,LNG,0.0
Heath,M100000US3934748,2018,LNG,0
Heath,M100000US3934748,2019,LNG,0
Heath,M100000US3934748,2020,LNG,0
Heath,M100000US3934748,2021.0,LNG,0.0
Heath,M100000US3934748,2022,LNG,0
Heath,M100000US3934748,2023.0,LNG,0.0
Heath,M100000US3934748,2024.0,LNG,0.0
Heath,M100000US3934748,2025,LNG,0
Hebron,M100000US3934790,1999,LNG,0
Hebron,M100000US3934790,2000,LNG,0
Hebron,M100000US3934790,2001,LNG,0
Hebron,M100000US3934790,2002,LNG,0
Hebron,M100000US3934790,2003,LNG,0
Hebron,M100000US3934790,2004,LNG,0
Hebron,M100000US3934790,2005,LNG,0
Hebron,M100000US3934790,2006,LNG,0
Hebron,M100000US3934790,2007,LNG,0
Hebron,M100000US3934790,2008,LNG,0
Hebron,M100000US3934790,2009,LNG,0
Hebron,M100000US3934790,2010,LNG,0
Hebron,M100000US3934790,2011,LNG,0
Hebron,M100000US3934790,2012,LNG,0
Hebron,M100000US3934790,2013,LNG,0
Hebron,M100000US3934790,2014,LNG,0
Hebron,M100000US3934790,2015,LNG,0
Hebron,M100000US3934790,2016,LNG,0
Hebron,M100000US3934790,2017,LNG,0
Hebron,M100000US3934790,2018,LNG,0
Hebron,M100000US3934790,2019,LNG,0
Hebron,M100000US3934790,2020,LNG,0
Hebron,M100000US3934790,2021,LNG,0
Hebron,M100000US3934790,2022.0,LNG,0.0
Hebron,M100000US3934790,2023,LNG,0
Hebron,M100000US3934790,2024,LNG,0
Hebron,M100000US3934790,2025,LNG,0
Hilliard,M100000US3935476,1999,LNG,0
Hilliard,M100000US3935476,2000,LNG,0
Hilliard,M100000US3935476,2001,LNG,0
Hilliard,M100000US3935476,2002,LNG,0
Hilliard,M100000US3935476,2003,LNG,0
Hilliard,M100000US3935476,2004,LNG,0
Hilliard,M100000US3935476,2005,LNG,0
Hilliard,M100000US3935476,2006,LNG,0
Hilliard,M100000US3935476,2007,LNG,0
Hilliard,M100000US3935476,2008,LNG,0
Hilliard,M100000US3935476,2009,LNG,0
Hilliard,M100000US3935476,2010,LNG,0
Hilliard,M100000US3935476,2011.0,LNG,0.0
Hilliard,M100000US3935476,2012.0,LNG,0.0
Hilliard,M100000US3935476,2013,LNG,0
Hilliard,M100000US3935476,2014.0,LNG,0.0
Hilliard,M100000US3935476,2015,LNG,0
Hilliard,M100000US3935476,2016,LNG,0
Hilliard,M100000US3935476,2017.0,LNG,0.0
Hilliard,M100000US3935476,2018,LNG,0
Hilliard,M100000US3935476,2019.0,LNG,0.0
Hilliard,M100000US3935476,2020.0,LNG,0.0
Hilliard,M100000US3935476,2021,LNG,0
Hilliard,M100000US3935476,2022.0,LNG,0.0
Hilliard,M100000US3935476,2023,LNG,0
Hilliard,M100000US3935476,2024.0,LNG,0.0
Hilliard,M100000US3935476,2025,LNG,0
Jefferson,M100000US390473859899999,1999,LNG,0
Jefferson,M100000US390973869699999,1999,LNG,0
Jefferson,M100000US390473859899999,2000,LNG,0
Jefferson,M100000US390973869699999,2000,LNG,0
Jefferson,M100000US390473859899999,2001,LNG,0
Jefferson,M100000US390973869699999,2001,LNG,0
Jefferson,M100000US390473859899999,2002,LNG,0
Jefferson,M100000US390973869699999,2002,LNG,0
Jefferson,M100000US390473859899999,2003,LNG,0
Jefferson,M100000US390973869699999,2003,LNG,0
Jefferson,M100000US390473859899999,2004,LNG,0
Jefferson,M100000US390973869699999,2004,LNG,0
Jefferson,M100000US390473859899999,2005,LNG,0
Jefferson,M100000US390973869699999,2005,LNG,0
Jefferson,M100000US390473859899999,2006,LNG,0
Jefferson,M100000US390973869699999,2006,LNG,0
Jefferson,M100000US390473859899999,2007,LNG,0
Jefferson,M100000US390973869699999,2007,LNG,0
Jefferson,M100000US390473859899999,2008,LNG,0
Jefferson,M100000US390973869699999,2008,LNG,0
Jefferson,M100000US390473859899999,2009,LNG,0
Jefferson,M100000US390973869699999,2009,LNG,0
Jefferson,M100000US390473859899999,2010,LNG,0
Jefferson,M100000US390973869699999,2010,LNG,0
Jefferson,M100000US390473859899999,2011,LNG,0
Jefferson,M100000US390973869699999,2011,LNG,0
Jefferson,M100000US390473859899999,2012,LNG,0
Jefferson,M100000US390973869699999,2012,LNG,0
Jefferson,M100000US390473859899999,2013,LNG,0
Jefferson,M100000US390973869699999,2013,LNG,0
Jefferson,M100000US390473859899999,2014,LNG,0
Jefferson,M100000US390973869699999,2014,LNG,0
Jefferson,M100000US390473859899999,2015,LNG,0
Jefferson,M100000US390973869699999,2015,LNG,0
Jefferson,M100000US390473859899999,2016,LNG,0
Jefferson,M100000US390973869699999,2016,LNG,0
Jefferson,M100000US390473859899999,2017,LNG,0
Jefferson,M100000US390973869699999,2017,LNG,0
Jefferson,M100000US390473859899999,2018,LNG,0
Jefferson,M100000US390973869699999,2018,LNG,0
Jefferson,M100000US390473859899999,2019,LNG,0
Jefferson,M100000US390973869699999,2019,LNG,0
Jefferson,M100000US390473859899999,2020,LNG,0
Jefferson,M100000US390973869699999,2020,LNG,0
Jefferson,M100000US390473859899999,2021,LNG,0
Jefferson,M100000US390973869699999,2021,LNG,0
Jefferson,M100000US390473859899999,2022.0,LNG,0.0
Jefferson,M100000US390973869699999,2022.0,LNG,0.0
Jefferson,M100000US390473859899999,2023.0,LNG,0.0
Jefferson,M100000US390973869699999,2023.0,LNG,0.0
Jefferson,M100000US390473859899999,2024,LNG,0
Jefferson,M100000US390973869699999,2024,LNG,0
Jefferson,M100000US390473859899999,2025,LNG,0
Jefferson,M100000US390973869699999,2025,LNG,0
Jeffersonville,M100000US3938920,1999,LNG,0
Jeffersonville,M100000US3938920,2000,LNG,0
Jeffersonville,M100000US3938920,2001,LNG,0
Jeffersonville,M100000US3938920,2002,LNG,0
Jeffersonville,M100000US3938920,2003,LNG,0
Jeffersonville,M100000US3938920,2004,LNG,0
Jeffersonville,M100000US3938920,2005,LNG,0
Jeffersonville,M100000US3938920,2006,LNG,0
Jeffersonville,M100000US3938920,2007,LNG,0
Jeffersonville,M100000US3938920,2008,LNG,0
Jeffersonville,M100000US3938920,2009,LNG,0
Jeffersonville,M100000US3938920,2010,LNG,0
Jeffersonville,M100000US3938920,2011,LNG,0
Jeffersonville,M100000US3938920,2012,LNG,0
Jeffersonville,M100000US3938920,2013,LNG,0
Jeffersonville,M100000US3938920,2014,LNG,0
Jeffersonville,M100000US3938920,2015.0,LNG,0.0
Jeffersonville,M100000US3938920,2016,LNG,0
Jeffersonville,M100000US3938920,2017,LNG,0
Jeffersonville,M100000US3938920,2018,LNG,0
Jeffersonville,M100000US3938920,2019,LNG,0
Jeffersonville,M100000US3938920,2020,LNG,0
Jeffersonville,M100000US3938920,2021,LNG,0
Jeffersonville,M100000US3938920,2022,LNG,0
Jeffersonville,M100000US3938920,2023,LNG,0
Jeffersonville,M100000US3938920,2024.0,LNG,0.0
Jeffersonville,M100000US3938920,2025,LNG,0
Jerome,M100000US391593904699999,1999,LNG,0
Jerome,M100000US391593904699999,2000,LNG,0
Jerome,M100000US391593904699999,2001,LNG,0
Jerome,M100000US391593904699999,2002,LNG,0
Jerome,M100000US391593904699999,2003,LNG,0
Jerome,M100000US391593904699999,2004,LNG,0
Jerome,M100000US391593904699999,2005,LNG,0
Jerome,M100000US391593904699999,2006,LNG,0
Jerome,M100000US391593904699999,2007,LNG,0
Jerome,M100000US391593904699999,2008,LNG,0
Jerome,M100000US391593904699999,2009,LNG,0
Jerome,M100000US391593904699999,2010,LNG,0
Jerome,M100000US391593904699999,2011,LNG,0
Jerome,M100000US391593904699999,2012,LNG,0
Jerome,M100000US391593904699999,2013,LNG,0
Jerome,M100000US391593904699999,2014,LNG,0
Jerome,M100000US391593904699999,2015,LNG,0
Jerome,M100000US391593904699999,2016,LNG,0
Jerome,M100000US391593904699999,2017,LNG,0
Jerome,M100000US391593904699999,2018,LNG,0
Jerome,M100000US391593904699999,2019,LNG,0
Jerome,M100000US391593904699999,2020,LNG,0
Jerome,M100000US391593904699999,2021,LNG,0
Jerome,M100000US391593904699999,2022,LNG,0
Jerome,M100000US391593904699999,2023,LNG,0
Jerome,M100000US391593904699999,2024.0,LNG,0.0
Jerome,M100000US391593904699999,2025,LNG,0
Jersey,M100000US390893910299999,1999,LNG,0
Jersey,M100000US390893910299999,2000,LNG,0
Jersey,M100000US390893910299999,2001,LNG,0
Jersey,M100000US390893910299999,2002,LNG,0
Jersey,M100000US390893910299999,2003,LNG,0
Jersey,M100000US390893910299999,2004,LNG,0
Jersey,M100000US390893910299999,2005,LNG,0
Jersey,M100000US390893910299999,2006,LNG,0
Jersey,M100000US390893910299999,2007,LNG,0
Jersey,M100000US390893910299999,2008,LNG,0
Jersey,M100000US390893910299999,2009,LNG,0
Jersey,M100000US390893910299999,2010,LNG,0
Jersey,M100000US390893910299999,2011,LNG,0
Jersey,M100000US390893910299999,2012,LNG,0
Jersey,M100000US390893910299999,2013,LNG,0
Jersey,M100000US390893910299999,2014,LNG,0
Jersey,M100000US390893910299999,2015,LNG,0
Jersey,M100000US390893910299999,2016,LNG,0
Jersey,M100000US390893910299999,2017,LNG,0
Jersey,M100000US390893910299999,2018,LNG,0
Jersey,M100000US390893910299999,2019,LNG,0
Jersey,M100000US390893910299999,2020,LNG,0
Jersey,M100000US390893910299999,2021,LNG,0
Jersey,M100000US390893910299999,2022,LNG,0
Jersey,M100000US390893910299999,2023,LNG,0
Jersey,M100000US390893910299999,2024.0,LNG,0.0
Jersey,M100000US390893910299999,2025,LNG,0
Johnstown,M100000US3939340,1999,LNG,0
Johnstown,M100000US3939340,2000,LNG,0
Johnstown,M100000US3939340,2001,LNG,0
Johnstown,M100000US3939340,2002,LNG,0
Johnstown,M100000US3939340,2003,LNG,0
Johnstown,M100000US3939340,2004,LNG,0
Johnstown,M100000US3939340,2005,LNG,0
Johnstown,M100000US3939340,2006,LNG,0
Johnstown,M100000US3939340,2007,LNG,0
Johnstown,M100000US3939340,2008,LNG,0
Johnstown,M100000US3939340,2009,LNG,0
Johnstown,M100000US3939340,2010,LNG,0
Johnstown,M100000US3939340,2011,LNG,0
Johnstown,M100000US3939340,2012,LNG,0
Johnstown,M100000US3939340,2013,LNG,0
Johnstown,M100000US3939340,2014,LNG,0
Johnstown,M100000US3939340,2015,LNG,0
Johnstown,M100000US3939340,2016,LNG,0
Johnstown,M100000US3939340,2017,LNG,0
Johnstown,M100000US3939340,2018,LNG,0
Johnstown,M100000US3939340,2019,LNG,0
Johnstown,M100000US3939340,2020,LNG,0
Johnstown,M100000US3939340,2021,LNG,0
Johnstown,M100000US3939340,2022.0,LNG,0.0
Johnstown,M100000US3939340,2023,LNG,0
Johnstown,M100000US3939340,2024,LNG,0
Johnstown,M100000US3939340,2025,LNG,0
Kirkersville,M100000US3940572,1999,LNG,0
Kirkersville,M100000US3940572,2000,LNG,0
Kirkersville,M100000US3940572,2001,LNG,0
Kirkersville,M100000US3940572,2002,LNG,0
Kirkersville,M100000US3940572,2003,LNG,0
Kirkersville,M100000US3940572,2004,LNG,0
Kirkersville,M100000US3940572,2005,LNG,0
Kirkersville,M100000US3940572,2006,LNG,0
Kirkersville,M100000US3940572,2007,LNG,0
Kirkersville,M100000US3940572,2008,LNG,0
Kirkersville,M100000US3940572,2009,LNG,0
Kirkersville,M100000US3940572,2010,LNG,0
Kirkersville,M100000US3940572,2011,LNG,0
Kirkersville,M100000US3940572,2012,LNG,0
Kirkersville,M100000US3940572,2013,LNG,0
Kirkersville,M100000US3940572,2014,LNG,0
Kirkersville,M100000US3940572,2015.0,LNG,0.0
Kirkersville,M100000US3940572,2016,LNG,0
Kirkersville,M100000US3940572,2017,LNG,0
Kirkersville,M100000US3940572,2018,LNG,0
Kirkersville,M100000US3940572,2019,LNG,0
Kirkersville,M100000US3940572,2020,LNG,0
Kirkersville,M100000US3940572,2021,LNG,0
Kirkersville,M100000US3940572,2022,LNG,0
Kirkersville,M100000US3940572,2023,LNG,0
Kirkersville,M100000US3940572,2024.0,LNG,0.0
Kirkersville,M100000US3940572,2025,LNG,0
Lancaster,M100000US3941720,1999,LNG,0
Lancaster,M100000US3941720,2000,LNG,0
Lancaster,M100000US3941720,2001,LNG,0
Lancaster,M100000US3941720,2002,LNG,0
Lancaster,M100000US3941720,2003,LNG,0
Lancaster,M100000US3941720,2004,LNG,0
Lancaster,M100000US3941720,2005,LNG,0
Lancaster,M100000US3941720,2006,LNG,0
Lancaster,M100000US3941720,2007,LNG,0
Lancaster,M100000US3941720,2008,LNG,0
Lancaster,M100000US3941720,2009,LNG,0
Lancaster,M100000US3941720,2010,LNG,0
Lancaster,M100000US3941720,2011,LNG,0
Lancaster,M100000US3941720,2012.0,LNG,0.0
Lancaster,M100000US3941720,2013,LNG,0
Lancaster,M100000US3941720,2014.0,LNG,0.0
Lancaster,M100000US3941720,2015,LNG,0
Lancaster,M100000US3941720,2016,LNG,0
Lancaster,M100000US3941720,2017,LNG,0
Lancaster,M100000US3941720,2018,LNG,0
Lancaster,M100000US3941720,2019.0,LNG,0.0
Lancaster,M100000US3941720,2020,LNG,0
Lancaster,M100000US3941720,2021.0,LNG,0.0
Lancaster,M100000US3941720,2022.0,LNG,0.0
Lancaster,M100000US3941720,2023.0,LNG,0.0
Lancaster,M100000US3941720,2024,LNG,0
Lancaster,M100000US3941720,2025,LNG,0
Laurel,M100000US390734205699999,1999,LNG,0
Laurel,M100000US390734205699999,2000,LNG,0
Laurel,M100000US390734205699999,2001,LNG,0
Laurel,M100000US390734205699999,2002,LNG,0
Laurel,M100000US390734205699999,2003,LNG,0
Laurel,M100000US390734205699999,2004,LNG,0
Laurel,M100000US390734205699999,2005,LNG,0
Laurel,M100000US390734205699999,2006,LNG,0
Laurel,M100000US390734205699999,2007,LNG,0
Laurel,M100000US390734205699999,2008,LNG,0
Laurel,M100000US390734205699999,2009,LNG,0
Laurel,M100000US390734205699999,2010,LNG,0
Laurel,M100000US390734205699999,2011,LNG,0
Laurel,M100000US390734205699999,2012,LNG,0
Laurel,M100000US390734205699999,2013,LNG,0
Laurel,M100000US390734205699999,2014,LNG,0
Laurel,M100000US390734205699999,2015.0,LNG,0.0
Laurel,M100000US390734205699999,2016,LNG,0
Laurel,M100000US390734205699999,2017,LNG,0
Laurel,M100000US390734205699999,2018,LNG,0
Laurel,M100000US390734205699999,2019,LNG,0
Laurel,M100000US390734205699999,2020,LNG,0
Laurel,M100000US390734205699999,2021,LNG,0
Laurel,M100000US390734205699999,2022,LNG,0
Laurel,M100000US390734205699999,2023,LNG,0
Laurel,M100000US390734205699999,2024,LNG,0
Laurel,M100000US390734205699999,2025,LNG,0
Liberty,M100000US391594335899999,1999,LNG,0
Liberty,M100000US390414310699999,1999,LNG,0
Liberty,M100000US391594335899999,2000,LNG,0
Liberty,M100000US390414310699999,2000,LNG,0
Liberty,M100000US391594335899999,2001,LNG,0
Liberty,M100000US390414310699999,2001,LNG,0
Liberty,M100000US391594335899999,2002,LNG,0
Liberty,M100000US390414310699999,2002,LNG,0
Liberty,M100000US391594335899999,2003,LNG,0
Liberty,M100000US390414310699999,2003,LNG,0
Liberty,M100000US391594335899999,2004,LNG,0
Liberty,M100000US390414310699999,2004,LNG,0
Liberty,M100000US391594335899999,2005,LNG,0
Liberty,M100000US390414310699999,2005,LNG,0
Liberty,M100000US391594335899999,2006,LNG,0
Liberty,M100000US390414310699999,2006,LNG,0
Liberty,M100000US391594335899999,2007,LNG,0
Liberty,M100000US390414310699999,2007,LNG,0
Liberty,M100000US391594335899999,2008,LNG,0
Liberty,M100000US390414310699999,2008,LNG,0
Liberty,M100000US391594335899999,2009,LNG,0
Liberty,M100000US390414310699999,2009,LNG,0
Liberty,M100000US391594335899999,2010,LNG,0
Liberty,M100000US390414310699999,2010,LNG,0
Liberty,M100000US391594335899999,2011,LNG,0
Liberty,M100000US390414310699999,2011,LNG,0
Liberty,M100000US391594335899999,2012,LNG,0
Liberty,M100000US390414310699999,2012,LNG,0
Liberty,M100000US391594335899999,2013,LNG,0
Liberty,M100000US390414310699999,2013,LNG,0
Liberty,M100000US391594335899999,2014,LNG,0
Liberty,M100000US390414310699999,2014,LNG,0
Liberty,M100000US391594335899999,2015,LNG,0
Liberty,M100000US390414310699999,2015,LNG,0
Liberty,M100000US391594335899999,2016,LNG,0
Liberty,M100000US390414310699999,2016,LNG,0
Liberty,M100000US391594335899999,2017,LNG,0
Liberty,M100000US390414310699999,2017,LNG,0
Liberty,M100000US391594335899999,2018.0,LNG,0.0
Liberty,M100000US390414310699999,2018.0,LNG,0.0
Liberty,M100000US391594335899999,2019,LNG,0
Liberty,M100000US390414310699999,2019,LNG,0
Liberty,M100000US391594335899999,2020,LNG,0
Liberty,M100000US390414310699999,2020,LNG,0
Liberty,M100000US391594335899999,2021.0,LNG,0.0
Liberty,M100000US390414310699999,2021.0,LNG,0.0
Liberty,M100000US391594335899999,2022,LNG,0
Liberty,M100000US390414310699999,2022,LNG,0
Liberty,M100000US391594335899999,2023,LNG,0
Liberty,M100000US390414310699999,2023,LNG,0
Liberty,M100000US391594335899999,2024.0,LNG,0.0
Liberty,M100000US390414310699999,2024.0,LNG,0.0
Liberty,M100000US391594335899999,2025,LNG,0
Liberty,M100000US390414310699999,2025,LNG,0
Logan,M100000US3944632,1999,LNG,0
Logan,M100000US3944632,2000,LNG,0
Logan,M100000US3944632,2001,LNG,0
Logan,M100000US3944632,2002,LNG,0
Logan,M100000US3944632,2003,LNG,0
Logan,M100000US3944632,2004,LNG,0
Logan,M100000US3944632,2005,LNG,0
Logan,M100000US3944632,2006,LNG,0
Logan,M100000US3944632,2007,LNG,0
Logan,M100000US3944632,2008,LNG,0
Logan,M100000US3944632,2009,LNG,0
Logan,M100000US3944632,2010,LNG,0
Logan,M100000US3944632,2011,LNG,0
Logan,M100000US3944632,2012,LNG,0
Logan,M100000US3944632,2013,LNG,0
Logan,M100000US3944632,2014,LNG,0
Logan,M100000US3944632,2015,LNG,0
Logan,M100000US3944632,2016,LNG,0
Logan,M100000US3944632,2017,LNG,0
Logan,M100000US3944632,2018,LNG,0
Logan,M100000US3944632,2019,LNG,0
Logan,M100000US3944632,2020,LNG,0
Logan,M100000US3944632,2021.0,LNG,0.0
Logan,M100000US3944632,2022,LNG,0
Logan,M100000US3944632,2023.0,LNG,0.0
Logan,M100000US3944632,2024,LNG,0
Logan,M100000US3944632,2025,LNG,0
London,M100000US3944674,1999,LNG,0
London,M100000US3944674,2000,LNG,0
London,M100000US3944674,2001,LNG,0
London,M100000US3944674,2002,LNG,0
London,M100000US3944674,2003,LNG,0
London,M100000US3944674,2004,LNG,0
London,M100000US3944674,2005,LNG,0
London,M100000US3944674,2006,LNG,0
London,M100000US3944674,2007,LNG,0
London,M100000US3944674,2008,LNG,0
London,M100000US3944674,2009,LNG,0
London,M100000US3944674,2010,LNG,0
London,M100000US3944674,2011,LNG,0
London,M100000US3944674,2012,LNG,0
London,M100000US3944674,2013,LNG,0
London,M100000US3944674,2014,LNG,0
London,M100000US3944674,2015,LNG,0
London,M100000US3944674,2016,LNG,0
London,M100000US3944674,2017,LNG,0
London,M100000US3944674,2018,LNG,0
London,M100000US3944674,2019,LNG,0
London,M100000US3944674,2020,LNG,0
London,M100000US3944674,2021.0,LNG,0.0
London,M100000US3944674,2022.0,LNG,0.0
London,M100000US3944674,2023.0,LNG,0.0
London,M100000US3944674,2024.0,LNG,0.0
London,M100000US3944674,2025,LNG,0
Marble Cliff,M100000US3947474,1999,LNG,0
Marble Cliff,M100000US3947474,2000,LNG,0
Marble Cliff,M100000US3947474,2001,LNG,0
Marble Cliff,M100000US3947474,2002,LNG,0
Marble Cliff,M100000US3947474,2003,LNG,0
Marble Cliff,M100000US3947474,2004,LNG,0
Marble Cliff,M100000US3947474,2005,LNG,0
Marble Cliff,M100000US3947474,2006,LNG,0
Marble Cliff,M100000US3947474,2007,LNG,0
Marble Cliff,M100000US3947474,2008,LNG,0
Marble Cliff,M100000US3947474,2009,LNG,0
Marble Cliff,M100000US3947474,2010,LNG,0
Marble Cliff,M100000US3947474,2011,LNG,0
Marble Cliff,M100000US3947474,2012,LNG,0
Marble Cliff,M100000US3947474,2013,LNG,0
Marble Cliff,M100000US3947474,2014,LNG,0
Marble Cliff,M100000US3947474,2015,LNG,0
Marble Cliff,M100000US3947474,2016,LNG,0
Marble Cliff,M100000US3947474,2017,LNG,0
Marble Cliff,M100000US3947474,2018,LNG,0
Marble Cliff,M100000US3947474,2019,LNG,0
Marble Cliff,M100000US3947474,2020.0,LNG,0.0
Marble Cliff,M100000US3947474,2021.0,LNG,0.0
Marble Cliff,M100000US3947474,2022,LNG,0
Marble Cliff,M100000US3947474,2023,LNG,0
Marble Cliff,M100000US3947474,2024,LNG,0
Marble Cliff,M100000US3947474,2025,LNG,0
Marion,M100000US391014776899999,1999,LNG,0
Marion,M100000US3947754,1999,LNG,0
Marion,M100000US391014776899999,2000,LNG,0
Marion,M100000US3947754,2000,LNG,0
Marion,M100000US391014776899999,2001,LNG,0
Marion,M100000US3947754,2001,LNG,0
Marion,M100000US391014776899999,2002,LNG,0
Marion,M100000US3947754,2002,LNG,0
Marion,M100000US391014776899999,2003,LNG,0
Marion,M100000US3947754,2003,LNG,0
Marion,M100000US391014776899999,2004,LNG,0
Marion,M100000US3947754,2004,LNG,0
Marion,M100000US391014776899999,2005,LNG,0
Marion,M100000US3947754,2005,LNG,0
Marion,M100000US391014776899999,2006,LNG,0
Marion,M100000US3947754,2006,LNG,0
Marion,M100000US391014776899999,2007,LNG,0
Marion,M100000US3947754,2007,LNG,0
Marion,M100000US391014776899999,2008,LNG,0
Marion,M100000US3947754,2008,LNG,0
Marion,M100000US391014776899999,2009,LNG,0
Marion,M100000US3947754,2009,LNG,0
Marion,M100000US391014776899999,2010,LNG,0
Marion,M100000US3947754,2010,LNG,0
Marion,M100000US391014776899999,2011.0,LNG,0.0
Marion,M100000US3947754,2011.0,LNG,0.0
Marion,M100000US391014776899999,2012,LNG,0
Marion,M100000US3947754,2012,LNG,0
Marion,M100000US391014776899999,2013,LNG,0
Marion,M100000US3947754,2013,LNG,0
Marion,M100000US391014776899999,2014,LNG,0
Marion,M100000US3947754,2014,LNG,0
Marion,M100000US391014776899999,2015,LNG,0
Marion,M100000US3947754,2015,LNG,0
Marion,M100000US391014776899999,2016,LNG,0
Marion,M100000US3947754,2016,LNG,0
Marion,M100000US391014776899999,2017,LNG,0
Marion,M100000US3947754,2017,LNG,0
Marion,M100000US391014776899999,2018,LNG,0
Marion,M100000US3947754,2018,LNG,0
Marion,M100000US391014776899999,2019.0,LNG,0.0
Marion,M100000US3947754,2019.0,LNG,0.0
Marion,M100000US391014776899999,2020.0,LNG,0.0
Marion,M100000US3947754,2020.0,LNG,0.0
Marion,M100000US391014776899999,2021.0,LNG,0.0
Marion,M100000US3947754,2021.0,LNG,0.0
Marion,M100000US391014776899999,2022,LNG,0
Marion,M100000US3947754,2022,LNG,0
Marion,M100000US391014776899999,2023.0,LNG,0.0
Marion,M100000US3947754,2023.0,LNG,0.0
Marion,M100000US391014776899999,2024.0,LNG,0.0
Marion,M100000US3947754,2024.0,LNG,0.0
Marion,M100000US391014776899999,2025,LNG,0
Marion,M100000US3947754,2025,LNG,0
Marysville,M100000US3948160,1999,LNG,0
Marysville,M100000US3948160,2000,LNG,0
Marysville,M100000US3948160,2001,LNG,0
Marysville,M100000US3948160,2002,LNG,0
Marysville,M100000US3948160,2003,LNG,0
Marysville,M100000US3948160,2004,LNG,0
Marysville,M100000US3948160,2005,LNG,0
Marysville,M100000US3948160,2006,LNG,0
Marysville,M100000US3948160,2007,LNG,0
Marysville,M100000US3948160,2008,LNG,0
Marysville,M100000US3948160,2009,LNG,0
Marysville,M100000US3948160,2010,LNG,0
Marysville,M100000US3948160,2011,LNG,0
Marysville,M100000US3948160,2012,LNG,0
Marysville,M100000US3948160,2013,LNG,0
Marysville,M100000US3948160,2014,LNG,0
Marysville,M100000US3948160,2015,LNG,0
Marysville,M100000US3948160,2016,LNG,0
Marysville,M100000US3948160,2017,LNG,0
Marysville,M100000US3948160,2018,LNG,0
Marysville,M100000US3948160,2019,LNG,0
Marysville,M100000US3948160,2020.0,LNG,0.0
Marysville,M100000US3948160,2021,LNG,0
Marysville,M100000US3948160,2022.0,LNG,0.0
Marysville,M100000US3948160,2023.0,LNG,0.0
Marysville,M100000US3948160,2024.0,LNG,0.0
Marysville,M100000US3948160,2025.0,LNG,0.0
Mount Vernon,M100000US3953102,1999,LNG,0
Mount Vernon,M100000US3953102,2000,LNG,0
Mount Vernon,M100000US3953102,2001,LNG,0
Mount Vernon,M100000US3953102,2002,LNG,0
Mount Vernon,M100000US3953102,2003,LNG,0
Mount Vernon,M100000US3953102,2004,LNG,0
Mount Vernon,M100000US3953102,2005,LNG,0
Mount Vernon,M100000US3953102,2006,LNG,0
Mount Vernon,M100000US3953102,2007,LNG,0
Mount Vernon,M100000US3953102,2008,LNG,0
Mount Vernon,M100000US3953102,2009,LNG,0
Mount Vernon,M100000US3953102,2010,LNG,0
Mount Vernon,M100000US3953102,2011,LNG,0
Mount Vernon,M100000US3953102,2012,LNG,0
Mount Vernon,M100000US3953102,2013,LNG,0
Mount Vernon,M100000US3953102,2014.0,LNG,0.0
Mount Vernon,M100000US3953102,2015,LNG,0
Mount Vernon,M100000US3953102,2016,LNG,0
Mount Vernon,M100000US3953102,2017,LNG,0
Mount Vernon,M100000US3953102,2018,LNG,0
Mount Vernon,M100000US3953102,2019,LNG,0
Mount Vernon,M100000US3953102,2020,LNG,0
Mount Vernon,M100000US3953102,2021.0,LNG,0.0
Mount Vernon,M100000US3953102,2022,LNG,0
Mount Vernon,M100000US3953102,2023,LNG,0
Mount Vernon,M100000US3953102,2024.0,LNG,0.0
Mount Vernon,M100000US3953102,2025,LNG,0
New Albany,M100000US3953970,1999,LNG,0
New Albany,M100000US3953970,2000,LNG,0
New Albany,M100000US3953970,2001,LNG,0
New Albany,M100000US3953970,2002,LNG,0
New Albany,M100000US3953970,2003,LNG,0
New Albany,M100000US3953970,2004,LNG,0
New Albany,M100000US3953970,2005,LNG,0
New Albany,M100000US3953970,2006,LNG,0
New Albany,M100000US3953970,2007,LNG,0
New Albany,M100000US3953970,2008,LNG,0
New Albany,M100000US3953970,2009,LNG,0
New Albany,M100000US3953970,2010,LNG,0
New Albany,M100000US3953970,2011,LNG,0
New Albany,M100000US3953970,2012,LNG,0
New Albany,M100000US3953970,2013,LNG,0
New Albany,M100000US3953970,2014,LNG,0
New Albany,M100000US3953970,2015,LNG,0
New Albany,M100000US3953970,2016,LNG,0
New Albany,M100000US3953970,2017,LNG,0
New Albany,M100000US3953970,2018,LNG,0
New Albany,M100000US3953970,2019,LNG,0
New Albany,M100000US3953970,2020.0,LNG,0.0
New Albany,M100000US3953970,2021.0,LNG,0.0
New Albany,M100000US3953970,2022.0,LNG,0.0
New Albany,M100000US3953970,2023.0,LNG,0.0
New Albany,M100000US3953970,2024.0,LNG,0.0
New Albany,M100000US3953970,2025,LNG,0
New Holland,M100000US3954726,1999,LNG,0
New Holland,M100000US3954726,2000,LNG,0
New Holland,M100000US3954726,2001,LNG,0
New Holland,M100000US3954726,2002,LNG,0
New Holland,M100000US3954726,2003,LNG,0
New Holland,M100000US3954726,2004,LNG,0
New Holland,M100000US3954726,2005,LNG,0
New Holland,M100000US3954726,2006,LNG,0
New Holland,M100000US3954726,2007,LNG,0
New Holland,M100000US3954726,2008,LNG,0
New Holland,M100000US3954726,2009,LNG,0
New Holland,M100000US3954726,2010,LNG,0
New Holland,M100000US3954726,2011,LNG,0
New Holland,M100000US3954726,2012,LNG,0
New Holland,M100000US3954726,2013,LNG,0
New Holland,M100000US3954726,2014,LNG,0
New Holland,M100000US3954726,2015,LNG,0
New Holland,M100000US3954726,2016,LNG,0
New Holland,M100000US3954726,2017,LNG,0
New Holland,M100000US3954726,2018,LNG,0
New Holland,M100000US3954726,2019,LNG,0
New Holland,M100000US3954726,2020,LNG,0
New Holland,M100000US3954726,2021,LNG,0
New Holland,M100000US3954726,2022,LNG,0
New Holland,M100000US3954726,2023.0,LNG,0.0
New Holland,M100000US3954726,2024,LNG,0
New Holland,M100000US3954726,2025,LNG,0
Newark,M100000US3954040,1999,LNG,0
Newark,M100000US390895405499999,1999,LNG,0
Newark,M100000US3954040,2000.0,LNG,0.0
Newark,M100000US390895405499999,2000.0,LNG,0.0
Newark,M100000US3954040,2001,LNG,0
Newark,M100000US390895405499999,2001,LNG,0
Newark,M100000US3954040,2002,LNG,0
Newark,M100000US390895405499999,2002,LNG,0
Newark,M100000US3954040,2003,LNG,0
Newark,M100000US390895405499999,2003,LNG,0
Newark,M100000US3954040,2004,LNG,0
Newark,M100000US390895405499999,2004,LNG,0
Newark,M100000US3954040,2005,LNG,0
Newark,M100000US390895405499999,2005,LNG,0
Newark,M100000US3954040,2006,LNG,0
Newark,M100000US390895405499999,2006,LNG,0
Newark,M100000US3954040,2007,LNG,0
Newark,M100000US390895405499999,2007,LNG,0
Newark,M100000US3954040,2008,LNG,0
Newark,M100000US390895405499999,2008,LNG,0
Newark,M100000US3954040,2009,LNG,0
Newark,M100000US390895405499999,2009,LNG,0
Newark,M100000US3954040,2010,LNG,0
Newark,M100000US390895405499999,2010,LNG,0
Newark,M100000US3954040,2011.0,LNG,0.0
Newark,M100000US390895405499999,2011.0,LNG,0.0
Newark,M100000US3954040,2012,LNG,0
Newark,M100000US390895405499999,2012,LNG,0
Newark,M100000US3954040,2013.0,LNG,0.0
Newark,M100000US390895405499999,2013.0,LNG,0.0
Newark,M100000US3954040,2014,LNG,0
Newark,M100000US390895405499999,2014,LNG,0
Newark,M100000US3954040,2015,LNG,0
Newark,M100000US390895405499999,2015,LNG,0
Newark,M100000US3954040,2016,LNG,0
Newark,M100000US390895405499999,2016,LNG,0
Newark,M100000US3954040,2017,LNG,0
Newark,M100000US390895405499999,2017,LNG,0
Newark,M100000US3954040,2018,LNG,0
Newark,M100000US390895405499999,2018,LNG,0
Newark,M100000US3954040,2019,LNG,0
Newark,M100000US390895405499999,2019,LNG,0
Newark,M100000US3954040,2020.0,LNG,0.0
Newark,M100000US390895405499999,2020.0,LNG,0.0
Newark,M100000US3954040,2021.0,LNG,0.0
Newark,M100000US390895405499999,2021.0,LNG,0.0
Newark,M100000US3954040,2022.0,LNG,0.0
Newark,M100000US390895405499999,2022.0,LNG,0.0
Newark,M100000US3954040,2023.0,LNG,0.0
Newark,M100000US390895405499999,2023.0,LNG,0.0
Newark,M100000US3954040,2024,LNG,0
Newark,M100000US390895405499999,2024,LNG,0
Newark,M100000US3954040,2025,LNG,0
Newark,M100000US390895405499999,2025,LNG,0
Obetz,M100000US3957862,1999,LNG,0
Obetz,M100000US3957862,2000,LNG,0
Obetz,M100000US3957862,2001,LNG,0
Obetz,M100000US3957862,2002,LNG,0
Obetz,M100000US3957862,2003,LNG,0
Obetz,M100000US3957862,2004,LNG,0
Obetz,M100000US3957862,2005,LNG,0
Obetz,M100000US3957862,2006,LNG,0
Obetz,M100000US3957862,2007,LNG,0
Obetz,M100000US3957862,2008,LNG,0
Obetz,M100000US3957862,2009,LNG,0
Obetz,M100000US3957862,2010,LNG,0
Obetz,M100000US3957862,2011,LNG,0
Obetz,M100000US3957862,2012,LNG,0
Obetz,M100000US3957862,2013,LNG,0
Obetz,M100000US3957862,2014,LNG,0
Obetz,M100000US3957862,2015.0,LNG,0.0
Obetz,M100000US3957862,2016,LNG,0
Obetz,M100000US3957862,2017,LNG,0
Obetz,M100000US3957862,2018,LNG,0
Obetz,M100000US3957862,2019,LNG,0
Obetz,M100000US3957862,2020,LNG,0
Obetz,M100000US3957862,2021,LNG,0
Obetz,M100000US3957862,2022,LNG,0
Obetz,M100000US3957862,2023,LNG,0
Obetz,M100000US3957862,2024,LNG,0
Obetz,M100000US3957862,2025,LNG,0
Octa,M100000US3957918,1999,LNG,0
Octa,M100000US3957918,2000,LNG,0
Octa,M100000US3957918,2001,LNG,0
Octa,M100000US3957918,2002,LNG,0
Octa,M100000US3957918,2003,LNG,0
Octa,M100000US3957918,2004,LNG,0
Octa,M100000US3957918,2005,LNG,0
Octa,M100000US3957918,2006,LNG,0
Octa,M100000US3957918,2007,LNG,0
Octa,M100000US3957918,2008,LNG,0
Octa,M100000US3957918,2009,LNG,0
Octa,M100000US3957918,2010,LNG,0
Octa,M100000US3957918,2011,LNG,0
Octa,M100000US3957918,2012,LNG,0
Octa,M100000US3957918,2013,LNG,0
Octa,M100000US3957918,2014.0,LNG,0.0
Octa,M100000US3957918,2015,LNG,0
Octa,M100000US3957918,2016,LNG,0
Octa,M100000US3957918,2017,LNG,0
Octa,M100000US3957918,2018,LNG,0
Octa,M100000US3957918,2019,LNG,0
Octa,M100000US3957918,2020,LNG,0
Octa,M100000US3957918,2021,LNG,0
Octa,M100000US3957918,2022,LNG,0
Octa,M100000US3957918,2023,LNG,0
Octa,M100000US3957918,2024,LNG,0
Octa,M100000US3957918,2025,LNG,0
Orange,M100000US390415861899999,1999,LNG,0
Orange,M100000US390415861899999,2000,LNG,0
Orange,M100000US390415861899999,2001,LNG,0
Orange,M100000US390415861899999,2002,LNG,0
Orange,M100000US390415861899999,2003,LNG,0
Orange,M100000US390415861899999,2004,LNG,0
Orange,M100000US390415861899999,2005,LNG,0
Orange,M100000US390415861899999,2006,LNG,0
Orange,M100000US390415861899999,2007,LNG,0
Orange,M100000US390415861899999,2008.0,LNG,0.0
Orange,M100000US390415861899999,2009,LNG,0
Orange,M100000US390415861899999,2010,LNG,0
Orange,M100000US390415861899999,2011,LNG,0
Orange,M100000US390415861899999,2012,LNG,0
Orange,M100000US390415861899999,2013,LNG,0
Orange,M100000US390415861899999,2014,LNG,0
Orange,M100000US390415861899999,2015,LNG,0
Orange,M100000US390415861899999,2016,LNG,0
Orange,M100000US390415861899999,2017.0,LNG,0.0
Orange,M100000US390415861899999,2018,LNG,0
Orange,M100000US390415861899999,2019,LNG,0
Orange,M100000US390415861899999,2020.0,LNG,0.0
Orange,M100000US390415861899999,2021,LNG,0
Orange,M100000US390415861899999,2022.0,LNG,0.0
Orange,M100000US390415861899999,2023.0,LNG,0.0
Orange,M100000US390415861899999,2024.0,LNG,0.0
Orange,M100000US390415861899999,2025,LNG,0
Pataskala,M100000US3961112,1999,LNG,0
Pataskala,M100000US3961112,2000,LNG,0
Pataskala,M100000US3961112,2001,LNG,0
Pataskala,M100000US3961112,2002,LNG,0
Pataskala,M100000US3961112,2003,LNG,0
Pataskala,M100000US3961112,2004,LNG,0
Pataskala,M100000US3961112,2005,LNG,0
Pataskala,M100000US3961112,2006,LNG,0
Pataskala,M100000US3961112,2007,LNG,0
Pataskala,M100000US3961112,2008,LNG,0
Pataskala,M100000US3961112,2009,LNG,0
Pataskala,M100000US3961112,2010,LNG,0
Pataskala,M100000US3961112,2011,LNG,0
Pataskala,M100000US3961112,2012,LNG,0
Pataskala,M100000US3961112,2013,LNG,0
Pataskala,M100000US3961112,2014,LNG,0
Pataskala,M100000US3961112,2015,LNG,0
Pataskala,M100000US3961112,2016,LNG,0
Pataskala,M100000US3961112,2017,LNG,0
Pataskala,M100000US3961112,2018,LNG,0
Pataskala,M100000US3961112,2019,LNG,0
Pataskala,M100000US3961112,2020,LNG,0
Pataskala,M100000US3961112,2021,LNG,0
Pataskala,M100000US3961112,2022,LNG,0
Pataskala,M100000US3961112,2023,LNG,0
Pataskala,M100000US3961112,2024.0,LNG,0.0
Pataskala,M100000US3961112,2025,LNG,0
Perry,M100000US390916193899999,1999,LNG,0
Perry,M100000US390916193899999,2000,LNG,0
Perry,M100000US390916193899999,2001,LNG,0
Perry,M100000US390916193899999,2002,LNG,0
Perry,M100000US390916193899999,2003,LNG,0
Perry,M100000US390916193899999,2004,LNG,0
Perry,M100000US390916193899999,2005,LNG,0
Perry,M100000US390916193899999,2006,LNG,0
Perry,M100000US390916193899999,2007,LNG,0
Perry,M100000US390916193899999,2008,LNG,0
Perry,M100000US390916193899999,2009,LNG,0
Perry,M100000US390916193899999,2010,LNG,0
Perry,M100000US390916193899999,2011,LNG,0
Perry,M100000US390916193899999,2012,LNG,0
Perry,M100000US390916193899999,2013,LNG,0
Perry,M100000US390916193899999,2014,LNG,0
Perry,M100000US390916193899999,2015,LNG,0
Perry,M100000US390916193899999,2016,LNG,0
Perry,M100000US390916193899999,2017,LNG,0
Perry,M100000US390916193899999,2018,LNG,0
Perry,M100000US390916193899999,2019.0,LNG,0.0
Perry,M100000US390916193899999,2020,LNG,0
Perry,M100000US390916193899999,2021.0,LNG,0.0
Perry,M100000US390916193899999,2022,LNG,0
Perry,M100000US390916193899999,2023,LNG,0
Perry,M100000US390916193899999,2024,LNG,0
Perry,M100000US390916193899999,2025,LNG,0
Pickerington,M100000US3962498,1999,LNG,0
Pickerington,M100000US3962498,2000,LNG,0
Pickerington,M100000US3962498,2001,LNG,0
Pickerington,M100000US3962498,2002,LNG,0
Pickerington,M100000US3962498,2003,LNG,0
Pickerington,M100000US3962498,2004,LNG,0
Pickerington,M100000US3962498,2005,LNG,0
Pickerington,M100000US3962498,2006,LNG,0
Pickerington,M100000US3962498,2007,LNG,0
Pickerington,M100000US3962498,2008,LNG,0
Pickerington,M100000US3962498,2009,LNG,0
Pickerington,M100000US3962498,2010,LNG,0
Pickerington,M100000US3962498,2011,LNG,0
Pickerington,M100000US3962498,2012,LNG,0
Pickerington,M100000US3962498,2013,LNG,0
Pickerington,M100000US3962498,2014,LNG,0
Pickerington,M100000US3962498,2015,LNG,0
Pickerington,M100000US3962498,2016,LNG,0
Pickerington,M100000US3962498,2017,LNG,0
Pickerington,M100000US3962498,2018,LNG,0
Pickerington,M100000US3962498,2019,LNG,0
Pickerington,M100000US3962498,2020,LNG,0
Pickerington,M100000US3962498,2021.0,LNG,0.0
Pickerington,M100000US3962498,2022.0,LNG,0.0
Pickerington,M100000US3962498,2023,LNG,0
Pickerington,M100000US3962498,2024.0,LNG,0.0
Pickerington,M100000US3962498,2025,LNG,0
Powell,M100000US3964486,1999,LNG,0
Powell,M100000US3964486,2000,LNG,0
Powell,M100000US3964486,2001,LNG,0
Powell,M100000US3964486,2002,LNG,0
Powell,M100000US3964486,2003,LNG,0
Powell,M100000US3964486,2004,LNG,0
Powell,M100000US3964486,2005,LNG,0
Powell,M100000US3964486,2006,LNG,0
Powell,M100000US3964486,2007,LNG,0
Powell,M100000US3964486,2008,LNG,0
Powell,M100000US3964486,2009,LNG,0
Powell,M100000US3964486,2010,LNG,0
Powell,M100000US3964486,2011,LNG,0
Powell,M100000US3964486,2012,LNG,0
Powell,M100000US3964486,2013,LNG,0
Powell,M100000US3964486,2014,LNG,0
Powell,M100000US3964486,2015,LNG,0
Powell,M100000US3964486,2016,LNG,0
Powell,M100000US3964486,2017,LNG,0
Powell,M100000US3964486,2018.0,LNG,0.0
Powell,M100000US3964486,2019.0,LNG,0.0
Powell,M100000US3964486,2020,LNG,0
Powell,M100000US3964486,2021.0,LNG,0.0
Powell,M100000US3964486,2022,LNG,0
Powell,M100000US3964486,2023.0,LNG,0.0
Powell,M100000US3964486,2024.0,LNG,0.0
Powell,M100000US3964486,2025,LNG,0
Reynoldsburg,M100000US3966390,1999,LNG,0
Reynoldsburg,M100000US3966390,2000,LNG,0
Reynoldsburg,M100000US3966390,2001,LNG,0
Reynoldsburg,M100000US3966390,2002,LNG,0
Reynoldsburg,M100000US3966390,2003,LNG,0
Reynoldsburg,M100000US3966390,2004,LNG,0
Reynoldsburg,M100000US3966390,2005,LNG,0
Reynoldsburg,M100000US3966390,2006,LNG,0
Reynoldsburg,M100000US3966390,2007,LNG,0
Reynoldsburg,M100000US3966390,2008,LNG,0
Reynoldsburg,M100000US3966390,2009,LNG,0
Reynoldsburg,M100000US3966390,2010,LNG,0
Reynoldsburg,M100000US3966390,2011,LNG,0
Reynoldsburg,M100000US3966390,2012,LNG,0
Reynoldsburg,M100000US3966390,2013,LNG,0
Reynoldsburg,M100000US3966390,2014,LNG,0
Reynoldsburg,M100000US3966390,2015,LNG,0
Reynoldsburg,M100000US3966390,2016,LNG,0
Reynoldsburg,M100000US3966390,2017.0,LNG,0.0
Reynoldsburg,M100000US3966390,2018,LNG,0
Reynoldsburg,M100000US3966390,2019,LNG,0
Reynoldsburg,M100000US3966390,2020.0,LNG,0.0
Reynoldsburg,M100000US3966390,2021.0,LNG,0.0
Reynoldsburg,M100000US3966390,2022,LNG,0
Reynoldsburg,M100000US3966390,2023,LNG,0
Reynoldsburg,M100000US3966390,2024.0,LNG,0.0
Reynoldsburg,M100000US3966390,2025,LNG,0
Somerset,M100000US3972977,1999,LNG,0
Somerset,M100000US3972977,2000,LNG,0
Somerset,M100000US3972977,2001,LNG,0
Somerset,M100000US3972977,2002,LNG,0
Somerset,M100000US3972977,2003,LNG,0
Somerset,M100000US3972977,2004,LNG,0
Somerset,M100000US3972977,2005,LNG,0
Somerset,M100000US3972977,2006,LNG,0
Somerset,M100000US3972977,2007,LNG,0
Somerset,M100000US3972977,2008,LNG,0
Somerset,M100000US3972977,2009,LNG,0
Somerset,M100000US3972977,2010,LNG,0
Somerset,M100000US3972977,2011,LNG,0
Somerset,M100000US3972977,2012,LNG,0
Somerset,M100000US3972977,2013,LNG,0
Somerset,M100000US3972977,2014,LNG,0
Somerset,M100000US3972977,2015,LNG,0
Somerset,M100000US3972977,2016,LNG,0
Somerset,M100000US3972977,2017,LNG,0
Somerset,M100000US3972977,2018,LNG,0
Somerset,M100000US3972977,2019.0,LNG,0.0
Somerset,M100000US3972977,2020,LNG,0
Somerset,M100000US3972977,2021,LNG,0
Somerset,M100000US3972977,2022,LNG,0
Somerset,M100000US3972977,2023,LNG,0
Somerset,M100000US3972977,2024,LNG,0
Somerset,M100000US3972977,2025,LNG,0
Sunbury,M100000US3975602,1999,LNG,0
Sunbury,M100000US3975602,2000,LNG,0
Sunbury,M100000US3975602,2001,LNG,0
Sunbury,M100000US3975602,2002,LNG,0
Sunbury,M100000US3975602,2003,LNG,0
Sunbury,M100000US3975602,2004,LNG,0
Sunbury,M100000US3975602,2005,LNG,0
Sunbury,M100000US3975602,2006,LNG,0
Sunbury,M100000US3975602,2007,LNG,0
Sunbury,M100000US3975602,2008,LNG,0
Sunbury,M100000US3975602,2009,LNG,0
Sunbury,M100000US3975602,2010,LNG,0
Sunbury,M100000US3975602,2011,LNG,0
Sunbury,M100000US3975602,2012,LNG,0
Sunbury,M100000US3975602,2013,LNG,0
Sunbury,M100000US3975602,2014,LNG,0
Sunbury,M100000US3975602,2015,LNG,0
Sunbury,M100000US3975602,2016,LNG,0
Sunbury,M100000US3975602,2017,LNG,0
Sunbury,M100000US3975602,2018,LNG,0
Sunbury,M100000US3975602,2019,LNG,0
Sunbury,M100000US3975602,2020.0,LNG,0.0
Sunbury,M100000US3975602,2021,LNG,0
Sunbury,M100000US3975602,2022,LNG,0
Sunbury,M100000US3975602,2023,LNG,0
Sunbury,M100000US3975602,2024,LNG,0
Sunbury,M100000US3975602,2025,LNG,0
Union,M100000US391417854099999,1999,LNG,0
Union,M100000US390897840099999,1999,LNG,0
Union,M100000US391417854099999,2000,LNG,0
Union,M100000US390897840099999,2000,LNG,0
Union,M100000US391417854099999,2001,LNG,0
Union,M100000US390897840099999,2001,LNG,0
Union,M100000US391417854099999,2002,LNG,0
Union,M100000US390897840099999,2002,LNG,0
Union,M100000US391417854099999,2003,LNG,0
Union,M100000US390897840099999,2003,LNG,0
Union,M100000US391417854099999,2004,LNG,0
Union,M100000US390897840099999,2004,LNG,0
Union,M100000US391417854099999,2005,LNG,0
Union,M100000US390897840099999,2005,LNG,0
Union,M100000US391417854099999,2006,LNG,0
Union,M100000US390897840099999,2006,LNG,0
Union,M100000US391417854099999,2007,LNG,0
Union,M100000US390897840099999,2007,LNG,0
Union,M100000US391417854099999,2008,LNG,0
Union,M100000US390897840099999,2008,LNG,0
Union,M100000US391417854099999,2009.0,LNG,0.0
Union,M100000US390897840099999,2009.0,LNG,0.0
Union,M100000US391417854099999,2010,LNG,0
Union,M100000US390897840099999,2010,LNG,0
Union,M100000US391417854099999,2011,LNG,0
Union,M100000US390897840099999,2011,LNG,0
Union,M100000US391417854099999,2012,LNG,0
Union,M100000US390897840099999,2012,LNG,0
Union,M100000US391417854099999,2013,LNG,0
Union,M100000US390897840099999,2013,LNG,0
Union,M100000US391417854099999,2014,LNG,0
Union,M100000US390897840099999,2014,LNG,0
Union,M100000US391417854099999,2015.0,LNG,0.0
Union,M100000US390897840099999,2015.0,LNG,0.0
Union,M100000US391417854099999,2016,LNG,0
Union,M100000US390897840099999,2016,LNG,0
Union,M100000US391417854099999,2017,LNG,0
Union,M100000US390897840099999,2017,LNG,0
Union,M100000US391417854099999,2018,LNG,0
Union,M100000US390897840099999,2018,LNG,0
Union,M100000US391417854099999,2019,LNG,0
Union,M100000US390897840099999,2019,LNG,0
Union,M100000US391417854099999,2020,LNG,0
Union,M100000US390897840099999,2020,LNG,0
Union,M100000US391417854099999,2021,LNG,0
Union,M100000US390897840099999,2021,LNG,0
Union,M100000US391417854099999,2022,LNG,0
Union,M100000US390897840099999,2022,LNG,0
Union,M100000US391417854099999,2023,LNG,0
Union,M100000US390897840099999,2023,LNG,0
Union,M100000US391417854099999,2024,LNG,0
Union,M100000US390897840099999,2024,LNG,0
Union,M100000US391417854099999,2025,LNG,0
Union,M100000US390897840099999,2025,LNG,0
Upper Arlington,M100000US3979002,1999,LNG,0
Upper Arlington,M100000US3979002,2000,LNG,0
Upper Arlington,M100000US3979002,2001,LNG,0
Upper Arlington,M100000US3979002,2002,LNG,0
Upper Arlington,M100000US3979002,2003,LNG,0
Upper Arlington,M100000US3979002,2004,LNG,0
Upper Arlington,M100000US3979002,2005,LNG,0
Upper Arlington,M100000US3979002,2006,LNG,0
Upper Arlington,M100000US3979002,2007,LNG,0
Upper Arlington,M100000US3979002,2008,LNG,0
Upper Arlington,M100000US3979002,2009,LNG,0
Upper Arlington,M100000US3979002,2010,LNG,0
Upper Arlington,M100000US3979002,2011,LNG,0
Upper Arlington,M100000US3979002,2012,LNG,0
Upper Arlington,M100000US3979002,2013,LNG,0
Upper Arlington,M100000US3979002,2014,LNG,0
Upper Arlington,M100000US3979002,2015,LNG,0
Upper Arlington,M100000US3979002,2016,LNG,0
Upper Arlington,M100000US3979002,2017,LNG,0
Upper Arlington,M100000US3979002,2018,LNG,0
Upper Arlington,M100000US3979002,2019.0,LNG,0.0
Upper Arlington,M100000US3979002,2020.0,LNG,0.0
Upper Arlington,M100000US3979002,2021.0,LNG,0.0
Upper Arlington,M100000US3979002,2022,LNG,0
Upper Arlington,M100000US3979002,2023,LNG,0
Upper Arlington,M100000US3979002,2024.0,LNG,0.0
Upper Arlington,M100000US3979002,2025,LNG,0
Washington,M100000US390918142499999,1999,LNG,0
Washington,M100000US390738135499999,1999,LNG,0
Washington,M100000US390918142499999,2000,LNG,0
Washington,M100000US390738135499999,2000,LNG,0
Washington,M100000US390918142499999,2001,LNG,0
Washington,M100000US390738135499999,2001,LNG,0
Washington,M100000US390918142499999,2002,LNG,0
Washington,M100000US390738135499999,2002,LNG,0
Washington,M100000US390918142499999,2003,LNG,0
Washington,M100000US390738135499999,2003,LNG,0
Washington,M100000US390918142499999,2004,LNG,0
Washington,M100000US390738135499999,2004,LNG,0
Washington,M100000US390918142499999,2005,LNG,0
Washington,M100000US390738135499999,2005,LNG,0
Washington,M100000US390918142499999,2006,LNG,0
Washington,M100000US390738135499999,2006,LNG,0
Washington,M100000US390918142499999,2007,LNG,0
Washington,M100000US390738135499999,2007,LNG,0
Washington,M100000US390918142499999,2008,LNG,0
Washington,M100000US390738135499999,2008,LNG,0
Washington,M100000US390918142499999,2009,LNG,0
Washington,M100000US390738135499999,2009,LNG,0
Washington,M100000US390918142499999,2010,LNG,0
Washington,M100000US390738135499999,2010,LNG,0
Washington,M100000US390918142499999,2011,LNG,0
Washington,M100000US390738135499999,2011,LNG,0
Washington,M100000US390918142499999,2012,LNG,0
Washington,M100000US390738135499999,2012,LNG,0
Washington,M100000US390918142499999,2013,LNG,0
Washington,M100000US390738135499999,2013,LNG,0
Washington,M100000US390918142499999,2014,LNG,0
Washington,M100000US390738135499999,2014,LNG,0
Washington,M100000US390918142499999,2015,LNG,0
Washington,M100000US390738135499999,2015,LNG,0
Washington,M100000US390918142499999,2016,LNG,0
Washington,M100000US390738135499999,2016,LNG,0
Washington,M100000US390918142499999,2017,LNG,0
Washington,M100000US390738135499999,2017,LNG,0
Washington,M100000US390918142499999,2018.0,LNG,0.0
Washington,M100000US390738135499999,2018.0,LNG,0.0
Washington,M100000US390918142499999,2019,LNG,0
Washington,M100000US390738135499999,2019,LNG,0
Washington,M100000US390918142499999,2020.0,LNG,0.0
Washington,M100000US390738135499999,2020.0,LNG,0.0
Washington,M100000US390918142499999,2021.0,LNG,0.0
Washington,M100000US390738135499999,2021.0,LNG,0.0
Washington,M100000US390918142499999,2022,LNG,0
Washington,M100000US390738135499999,2022,LNG,0
Washington,M100000US390918142499999,2023.0,LNG,0.0
Washington,M100000US390738135499999,2023.0,LNG,0.0
Washington,M100000US390918142499999,2024.0,LNG,0.0
Washington,M100000US390738135499999,2024.0,LNG,0.0
Washington,M100000US390918142499999,2025,LNG,0
Washington,M100000US390738135499999,2025,LNG,0
Washington Court House,M100000US3981718,1999,LNG,0
Washington Court House,M100000US3981718,2000,LNG,0
Washington Court House,M100000US3981718,2001,LNG,0
Washington Court House,M100000US3981718,2002,LNG,0
Washington Court House,M100000US3981718,2003,LNG,0
Washington Court House,M100000US3981718,2004,LNG,0
Washington Court House,M100000US3981718,2005,LNG,0
Washington Court House,M100000US3981718,2006,LNG,0
Washington Court House,M100000US3981718,2007,LNG,0
Washington Court House,M100000US3981718,2008,LNG,0
Washington Court House,M100000US3981718,2009,LNG,0
Washington Court House,M100000US3981718,2010,LNG,0
Washington Court House,M100000US3981718,2011,LNG,0
Washington Court House,M100000US3981718,2012,LNG,0
Washington Court House,M100000US3981718,2013,LNG,0
Washington Court House,M100000US3981718,2014,LNG,0
Washington Court House,M100000US3981718,2015,LNG,0
Washington Court House,M100000US3981718,2016,LNG,0
Washington Court House,M100000US3981718,2017,LNG,0
Washington Court House,M100000US3981718,2018,LNG,0
Washington Court House,M100000US3981718,2019,LNG,0
Washington Court House,M100000US3981718,2020,LNG,0
Washington Court House,M100000US3981718,2021,LNG,0
Washington Court House,M100000US3981718,2022.0,LNG,0.0
Washington Court House,M100000US3981718,2023,LNG,0
Washington Court House,M100000US3981718,2024,LNG,0
Washington Court House,M100000US3981718,2025,LNG,0
Wayne,M100000US390838219499999,1999,LNG,0
Wayne,M100000US390838219499999,2000,LNG,0
Wayne,M100000US390838219499999,2001,LNG,0
Wayne,M100000US390838219499999,2002,LNG,0
Wayne,M100000US390838219499999,2003,LNG,0
Wayne,M100000US390838219499999,2004,LNG,0
Wayne,M100000US390838219499999,2005,LNG,0
Wayne,M100000US390838219499999,2006,LNG,0
Wayne,M100000US390838219499999,2007,LNG,0
Wayne,M100000US390838219499999,2008,LNG,0
Wayne,M100000US390838219499999,2009,LNG,0
Wayne,M100000US390838219499999,2010,LNG,0
Wayne,M100000US390838219499999,2011,LNG,0
Wayne,M100000US390838219499999,2012,LNG,0
Wayne,M100000US390838219499999,2013,LNG,0
Wayne,M100000US390838219499999,2014,LNG,0
Wayne,M100000US390838219499999,2015,LNG,0
Wayne,M100000US390838219499999,2016,LNG,0
Wayne,M100000US390838219499999,2017.0,LNG,0.0
Wayne,M100000US390838219499999,2018,LNG,0
Wayne,M100000US390838219499999,2019,LNG,0
Wayne,M100000US390838219499999,2020,LNG,0
Wayne,M100000US390838219499999,2021,LNG,0
Wayne,M100000US390838219499999,2022,LNG,0
Wayne,M100000US390838219499999,2023,LNG,0
Wayne,M100000US390838219499999,2024,LNG,0
Wayne,M100000US390838219499999,2025,LNG,0
West Jefferson,M100000US3983580,1999,LNG,0
West Jefferson,M100000US3983580,2000,LNG,0
West Jefferson,M100000US3983580,2001,LNG,0
West Jefferson,M100000US3983580,2002,LNG,0
West Jefferson,M100000US3983580,2003,LNG,0
West Jefferson,M100000US3983580,2004,LNG,0
West Jefferson,M100000US3983580,2005,LNG,0
West Jefferson,M100000US3983580,2006,LNG,0
West Jefferson,M100000US3983580,2007,LNG,0
West Jefferson,M100000US3983580,2008,LNG,0
West Jefferson,M100000US3983580,2009,LNG,0
West Jefferson,M100000US3983580,2010,LNG,0
West Jefferson,M100000US3983580,2011,LNG,0
West Jefferson,M100000US3983580,2012,LNG,0
West Jefferson,M100000US3983580,2013,LNG,0
West Jefferson,M100000US3983580,2014,LNG,0
West Jefferson,M100000US3983580,2015,LNG,0
West Jefferson,M100000US3983580,2016.0,LNG,0.0
West Jefferson,M100000US3983580,2017,LNG,0
West Jefferson,M100000US3983580,2018,LNG,0
West Jefferson,M100000US3983580,2019,LNG,0
West Jefferson,M100000US3983580,2020,LNG,0
West Jefferson,M100000US3983580,2021,LNG,0
West Jefferson,M100000US3983580,2022,LNG,0
West Jefferson,M100000US3983580,2023,LNG,0
West Jefferson,M100000US3983580,2024,LNG,0
West Jefferson,M100000US3983580,2025,LNG,0
Westerville,M100000US3983342,1999,LNG,0
Westerville,M100000US3983342,2000,LNG,0
Westerville,M100000US3983342,2001,LNG,0
Westerville,M100000US3983342,2002,LNG,0
Westerville,M100000US3983342,2003,LNG,0
Westerville,M100000US3983342,2004,LNG,0
Westerville,M100000US3983342,2005,LNG,0
Westerville,M100000US3983342,2006,LNG,0
Westerville,M100000US3983342,2007,LNG,0
Westerville,M100000US3983342,2008,LNG,0
Westerville,M100000US3983342,2009,LNG,0
Westerville,M100000US3983342,2010,LNG,0
Westerville,M100000US3983342,2011,LNG,0
Westerville,M100000US3983342,2012,LNG,0
Westerville,M100000US3983342,2013,LNG,0
Westerville,M100000US3983342,2014,LNG,0
Westerville,M100000US3983342,2015,LNG,0
Westerville,M100000US3983342,2016,LNG,0
Westerville,M100000US3983342,2017,LNG,0
Westerville,M100000US3983342,2018,LNG,0
Westerville,M100000US3983342,2019.0,LNG,0.0
Westerville,M100000US3983342,2020.0,LNG,0.0
Westerville,M100000US3983342,2021.0,LNG,0.0
Westerville,M100000US3983342,2022.0,LNG,0.0
Westerville,M100000US3983342,2023,LNG,0
Westerville,M100000US3983342,2024.0,LNG,0.0
Westerville,M100000US3983342,2025,LNG,0
Whitehall,M100000US3984742,1999,LNG,0
Whitehall,M100000US3984742,2000,LNG,0
Whitehall,M100000US3984742,2001,LNG,0
Whitehall,M100000US3984742,2002,LNG,0
Whitehall,M100000US3984742,2003,LNG,0
Whitehall,M100000US3984742,2004,LNG,0
Whitehall,M100000US3984742,2005,LNG,0
Whitehall,M100000US3984742,2006,LNG,0
Whitehall,M100000US3984742,2007,LNG,0
Whitehall,M100000US3984742,2008,LNG,0
Whitehall,M100000US3984742,2009,LNG,0
Whitehall,M100000US3984742,2010,LNG,0
Whitehall,M100000US3984742,2011,LNG,0
Whitehall,M100000US3984742,2012,LNG,0
Whitehall,M100000US3984742,2013,LNG,0
Whitehall,M100000US3984742,2014,LNG,0
Whitehall,M100000US3984742,2015.0,LNG,0.0
Whitehall,M100000US3984742,2016,LNG,0
Whitehall,M100000US3984742,2017,LNG,0
Whitehall,M100000US3984742,2018,LNG,0
Whitehall,M100000US3984742,2019.0,LNG,0.0
Whitehall,M100000US3984742,2020,LNG,0
Whitehall,M100000US3984742,2021.0,LNG,1.0
Whitehall,M100000US3984742,2022,LNG,0
Whitehall,M100000US3984742,2023,LNG,0
Whitehall,M100000US3984742,2024.0,LNG,0.0
Whitehall,M100000US3984742,2025.0,LNG,0.0
Worthington,M100000US3986604,1999,LNG,0
Worthington,M100000US3986604,2000,LNG,0
Worthington,M100000US3986604,2001,LNG,0
Worthington,M100000US3986604,2002,LNG,0
Worthington,M100000US3986604,2003,LNG,0
Worthington,M100000US3986604,2004,LNG,0
Worthington,M100000US3986604,2005,LNG,0
Worthington,M100000US3986604,2006,LNG,0
Worthington,M100000US3986604,2007,LNG,0
Worthington,M100000US3986604,2008,LNG,0
Worthington,M100000US3986604,2009,LNG,0
Worthington,M100000US3986604,2010,LNG,0
Worthington,M100000US3986604,2011,LNG,0
Worthington,M100000US3986604,2012,LNG,0
Worthington,M100000US3986604,2013,LNG,0
Worthington,M100000US3986604,2014,LNG,0
Worthington,M100000US3986604,2015,LNG,0
Worthington,M100000US3986604,2016,LNG,0
Worthington,M100000US3986604,2017,LNG,0
Worthington,M100000US3986604,2018,LNG,0
Worthington,M100000US3986604,2019,LNG,0
Worthington,M100000US3986604,2020.0,LNG,0.0
Worthington,M100000US3986604,2021.0,LNG,0.0
Worthington,M100000US3986604,2022.0,LNG,0.0
Worthington,M100000US3986604,2023.0,LNG,0.0
Worthington,M100000US3986604,2024.0,LNG,0.0
Worthington,M100000US3986604,2025,LNG,0
Allen,M100000US391590133699999,1999,LPG,0
Allen,M100000US391590133699999,2000,LPG,0
Allen,M100000US391590133699999,2001,LPG,0
Allen,M100000US391590133699999,2002,LPG,0
Allen,M100000US391590133699999,2003,LPG,0
Allen,M100000US391590133699999,2004,LPG,0
Allen,M100000US391590133699999,2005,LPG,0
Allen,M100000US391590133699999,2006,LPG,0
Allen,M100000US391590133699999,2007,LPG,0
Allen,M100000US391590133699999,2008,LPG,0
Allen,M100000US391590133699999,2009,LPG,0
Allen,M100000US391590133699999,2010,LPG,0
Allen,M100000US391590133699999,2011,LPG,0
Allen,M100000US391590133699999,2012,LPG,0
Allen,M100000US391590133699999,2013,LPG,0
Allen,M100000US391590133699999,2014,LPG,0
Allen,M100000US391590133699999,2015.0,LPG,0.0
Allen,M100000US391590133699999,2016,LPG,0
Allen,M100000US391590133699999,2017,LPG,0
Allen,M100000US391590133699999,2018,LPG,0
Allen,M100000US391590133699999,2019,LPG,0
Allen,M100000US391590133699999,2020,LPG,0
Allen,M100000US391590133699999,2021,LPG,0
Allen,M100000US391590133699999,2022,LPG,0
Allen,M100000US391590133699999,2023,LPG,0
Allen,M100000US391590133699999,2024.0,LPG,0.0
Allen,M100000US391590133699999,2025,LPG,0
Ashville,M100000US3902680,1999,LPG,0
Ashville,M100000US3902680,2000,LPG,0
Ashville,M100000US3902680,2001,LPG,0
Ashville,M100000US3902680,2002,LPG,0
Ashville,M100000US3902680,2003,LPG,0
Ashville,M100000US3902680,2004,LPG,0
Ashville,M100000US3902680,2005,LPG,0
Ashville,M100000US3902680,2006,LPG,0
Ashville,M100000US3902680,2007,LPG,0
Ashville,M100000US3902680,2008,LPG,0
Ashville,M100000US3902680,2009,LPG,0
Ashville,M100000US3902680,2010,LPG,0
Ashville,M100000US3902680,2011,LPG,0
Ashville,M100000US3902680,2012,LPG,0
Ashville,M100000US3902680,2013,LPG,0
Ashville,M100000US3902680,2014,LPG,0
Ashville,M100000US3902680,2015,LPG,0
Ashville,M100000US3902680,2016,LPG,0
Ashville,M100000US3902680,2017,LPG,0
Ashville,M100000US3902680,2018,LPG,0
Ashville,M100000US3902680,2019,LPG,0
Ashville,M100000US3902680,2020,LPG,0
Ashville,M100000US3902680,2021,LPG,0
Ashville,M100000US3902680,2022,LPG,0
Ashville,M100000US3902680,2023,LPG,0
Ashville,M100000US3902680,2024.0,LPG,0.0
Ashville,M100000US3902680,2025,LPG,0
Bellefontaine,M100000US3905130,1999,LPG,0
Bellefontaine,M100000US3905130,2000,LPG,0
Bellefontaine,M100000US3905130,2001,LPG,0
Bellefontaine,M100000US3905130,2002,LPG,0
Bellefontaine,M100000US3905130,2003,LPG,0
Bellefontaine,M100000US3905130,2004,LPG,0
Bellefontaine,M100000US3905130,2005,LPG,0
Bellefontaine,M100000US3905130,2006,LPG,0
Bellefontaine,M100000US3905130,2007,LPG,0
Bellefontaine,M100000US3905130,2008,LPG,0
Bellefontaine,M100000US3905130,2009,LPG,0
Bellefontaine,M100000US3905130,2010,LPG,0
Bellefontaine,M100000US3905130,2011,LPG,0
Bellefontaine,M100000US3905130,2012,LPG,0
Bellefontaine,M100000US3905130,2013,LPG,0
Bellefontaine,M100000US3905130,2014.0,LPG,0.0
Bellefontaine,M100000US3905130,2015,LPG,0
Bellefontaine,M100000US3905130,2016,LPG,0
Bellefontaine,M100000US3905130,2017,LPG,0
Bellefontaine,M100000US3905130,2018,LPG,0
Bellefontaine,M100000US3905130,2019,LPG,0
Bellefontaine,M100000US3905130,2020.0,LPG,0.0
Bellefontaine,M100000US3905130,2021,LPG,0
Bellefontaine,M100000US3905130,2022,LPG,0
Bellefontaine,M100000US3905130,2023,LPG,0
Bellefontaine,M100000US3905130,2024,LPG,0
Bellefontaine,M100000US3905130,2025,LPG,0
Bennington,M100000US391170550899999,1999,LPG,0
Bennington,M100000US391170550899999,2000,LPG,0
Bennington,M100000US391170550899999,2001,LPG,0
Bennington,M100000US391170550899999,2002,LPG,0
Bennington,M100000US391170550899999,2003,LPG,0
Bennington,M100000US391170550899999,2004,LPG,0
Bennington,M100000US391170550899999,2005,LPG,0
Bennington,M100000US391170550899999,2006,LPG,0
Bennington,M100000US391170550899999,2007,LPG,0
Bennington,M100000US391170550899999,2008,LPG,0
Bennington,M100000US391170550899999,2009,LPG,0
Bennington,M100000US391170550899999,2010,LPG,0
Bennington,M100000US391170550899999,2011,LPG,0
Bennington,M100000US391170550899999,2012,LPG,0
Bennington,M100000US391170550899999,2013,LPG,0
Bennington,M100000US391170550899999,2014,LPG,0
Bennington,M100000US391170550899999,2015.0,LPG,0.0
Bennington,M100000US391170550899999,2016,LPG,0
Bennington,M100000US391170550899999,2017,LPG,0
Bennington,M100000US391170550899999,2018,LPG,0
Bennington,M100000US391170550899999,2019,LPG,0
Bennington,M100000US391170550899999,2020,LPG,0
Bennington,M100000US391170550899999,2021,LPG,0
Bennington,M100000US391170550899999,2022,LPG,0
Bennington,M100000US391170550899999,2023,LPG,0
Bennington,M100000US391170550899999,2024.0,LPG,0.0
Bennington,M100000US391170550899999,2025,LPG,0
Benton,M100000US390730557899999,1999,LPG,0
Benton,M100000US390730557899999,2000,LPG,0
Benton,M100000US390730557899999,2001,LPG,0
Benton,M100000US390730557899999,2002,LPG,0
Benton,M100000US390730557899999,2003,LPG,0
Benton,M100000US390730557899999,2004,LPG,0
Benton,M100000US390730557899999,2005,LPG,0
Benton,M100000US390730557899999,2006,LPG,0
Benton,M100000US390730557899999,2007,LPG,0
Benton,M100000US390730557899999,2008,LPG,0
Benton,M100000US390730557899999,2009,LPG,0
Benton,M100000US390730557899999,2010,LPG,0
Benton,M100000US390730557899999,2011,LPG,0
Benton,M100000US390730557899999,2012,LPG,0
Benton,M100000US390730557899999,2013,LPG,0
Benton,M100000US390730557899999,2014,LPG,0
Benton,M100000US390730557899999,2015.0,LPG,0.0
Benton,M100000US390730557899999,2016,LPG,0
Benton,M100000US390730557899999,2017,LPG,0
Benton,M100000US390730557899999,2018,LPG,0
Benton,M100000US390730557899999,2019,LPG,0
Benton,M100000US390730557899999,2020,LPG,0
Benton,M100000US390730557899999,2021.0,LPG,0.0
Benton,M100000US390730557899999,2022.0,LPG,0.0
Benton,M100000US390730557899999,2023,LPG,0
Benton,M100000US390730557899999,2024,LPG,0
Benton,M100000US390730557899999,2025,LPG,0
Berkshire,M100000US390410577499999,1999,LPG,0
Berkshire,M100000US390410577499999,2000,LPG,0
Berkshire,M100000US390410577499999,2001,LPG,0
Berkshire,M100000US390410577499999,2002,LPG,0
Berkshire,M100000US390410577499999,2003,LPG,0
Berkshire,M100000US390410577499999,2004,LPG,0
Berkshire,M100000US390410577499999,2005,LPG,0
Berkshire,M100000US390410577499999,2006,LPG,0
Berkshire,M100000US390410577499999,2007,LPG,0
Berkshire,M100000US390410577499999,2008,LPG,0
Berkshire,M100000US390410577499999,2009,LPG,0
Berkshire,M100000US390410577499999,2010,LPG,0
Berkshire,M100000US390410577499999,2011,LPG,0
Berkshire,M100000US390410577499999,2012,LPG,0
Berkshire,M100000US390410577499999,2013,LPG,0
Berkshire,M100000US390410577499999,2014,LPG,0
Berkshire,M100000US390410577499999,2015,LPG,0
Berkshire,M100000US390410577499999,2016.0,LPG,0.0
Berkshire,M100000US390410577499999,2017,LPG,0
Berkshire,M100000US390410577499999,2018,LPG,0
Berkshire,M100000US390410577499999,2019,LPG,0
Berkshire,M100000US390410577499999,2020.0,LPG,0.0
Berkshire,M100000US390410577499999,2021,LPG,0
Berkshire,M100000US390410577499999,2022,LPG,0
Berkshire,M100000US390410577499999,2023,LPG,0
Berkshire,M100000US390410577499999,2024.0,LPG,0.0
Berkshire,M100000US390410577499999,2025,LPG,0
Berlin,M100000US390410578899999,1999,LPG,0
Berlin,M100000US390410578899999,2000,LPG,0
Berlin,M100000US390410578899999,2001,LPG,0
Berlin,M100000US390410578899999,2002,LPG,0
Berlin,M100000US390410578899999,2003,LPG,0
Berlin,M100000US390410578899999,2004,LPG,0
Berlin,M100000US390410578899999,2005,LPG,0
Berlin,M100000US390410578899999,2006,LPG,0
Berlin,M100000US390410578899999,2007,LPG,0
Berlin,M100000US390410578899999,2008,LPG,0
Berlin,M100000US390410578899999,2009,LPG,0
Berlin,M100000US390410578899999,2010,LPG,0
Berlin,M100000US390410578899999,2011,LPG,0
Berlin,M100000US390410578899999,2012,LPG,0
Berlin,M100000US390410578899999,2013,LPG,0
Berlin,M100000US390410578899999,2014,LPG,0
Berlin,M100000US390410578899999,2015,LPG,0
Berlin,M100000US390410578899999,2016,LPG,0
Berlin,M100000US390410578899999,2017,LPG,0
Berlin,M100000US390410578899999,2018,LPG,0
Berlin,M100000US390410578899999,2019,LPG,0
Berlin,M100000US390410578899999,2020,LPG,0
Berlin,M100000US390410578899999,2021.0,LPG,0.0
Berlin,M100000US390410578899999,2022.0,LPG,0.0
Berlin,M100000US390410578899999,2023,LPG,0
Berlin,M100000US390410578899999,2024,LPG,0
Berlin,M100000US390410578899999,2025,LPG,0
Berne,M100000US390450595699999,1999,LPG,0
Berne,M100000US390450595699999,2000,LPG,0
Berne,M100000US390450595699999,2001,LPG,0
Berne,M100000US390450595699999,2002,LPG,0
Berne,M100000US390450595699999,2003,LPG,0
Berne,M100000US390450595699999,2004,LPG,0
Berne,M100000US390450595699999,2005,LPG,0
Berne,M100000US390450595699999,2006,LPG,0
Berne,M100000US390450595699999,2007,LPG,0
Berne,M100000US390450595699999,2008,LPG,0
Berne,M100000US390450595699999,2009,LPG,0
Berne,M100000US390450595699999,2010,LPG,0
Berne,M100000US390450595699999,2011,LPG,0
Berne,M100000US390450595699999,2012,LPG,0
Berne,M100000US390450595699999,2013,LPG,0
Berne,M100000US390450595699999,2014,LPG,0
Berne,M100000US390450595699999,2015,LPG,0
Berne,M100000US390450595699999,2016,LPG,0
Berne,M100000US390450595699999,2017,LPG,0
Berne,M100000US390450595699999,2018,LPG,0
Berne,M100000US390450595699999,2019,LPG,0
Berne,M100000US390450595699999,2020,LPG,0
Berne,M100000US390450595699999,2021,LPG,0
Berne,M100000US390450595699999,2022,LPG,0
Berne,M100000US390450595699999,2023.0,LPG,0.0
Berne,M100000US390450595699999,2024,LPG,0
Berne,M100000US390450595699999,2025,LPG,0
Bexley,M100000US3906278,1999,LPG,0
Bexley,M100000US3906278,2000,LPG,0
Bexley,M100000US3906278,2001,LPG,0
Bexley,M100000US3906278,2002,LPG,0
Bexley,M100000US3906278,2003,LPG,0
Bexley,M100000US3906278,2004,LPG,0
Bexley,M100000US3906278,2005,LPG,0
Bexley,M100000US3906278,2006,LPG,0
Bexley,M100000US3906278,2007,LPG,0
Bexley,M100000US3906278,2008,LPG,0
Bexley,M100000US3906278,2009,LPG,0
Bexley,M100000US3906278,2010,LPG,0
Bexley,M100000US3906278,2011,LPG,0
Bexley,M100000US3906278,2012,LPG,0
Bexley,M100000US3906278,2013,LPG,0
Bexley,M100000US3906278,2014,LPG,0
Bexley,M100000US3906278,2015.0,LPG,0.0
Bexley,M100000US3906278,2016,LPG,0
Bexley,M100000US3906278,2017.0,LPG,0.0
Bexley,M100000US3906278,2018,LPG,0
Bexley,M100000US3906278,2019,LPG,0
Bexley,M100000US3906278,2020.0,LPG,0.0
Bexley,M100000US3906278,2021,LPG,0
Bexley,M100000US3906278,2022,LPG,0
Bexley,M100000US3906278,2023,LPG,0
Bexley,M100000US3906278,2024.0,LPG,0.0
Bexley,M100000US3906278,2025,LPG,0
Big Island,M100000US391010634899999,1999,LPG,0
Big Island,M100000US391010634899999,2000,LPG,0
Big Island,M100000US391010634899999,2001,LPG,0
Big Island,M100000US391010634899999,2002,LPG,0
Big Island,M100000US391010634899999,2003,LPG,0
Big Island,M100000US391010634899999,2004,LPG,0
Big Island,M100000US391010634899999,2005,LPG,0
Big Island,M100000US391010634899999,2006,LPG,0
Big Island,M100000US391010634899999,2007,LPG,0
Big Island,M100000US391010634899999,2008,LPG,0
Big Island,M100000US391010634899999,2009,LPG,0
Big Island,M100000US391010634899999,2010,LPG,0
Big Island,M100000US391010634899999,2011,LPG,0
Big Island,M100000US391010634899999,2012,LPG,0
Big Island,M100000US391010634899999,2013,LPG,0
Big Island,M100000US391010634899999,2014,LPG,0
Big Island,M100000US391010634899999,2015,LPG,0
Big Island,M100000US391010634899999,2016,LPG,0
Big Island,M100000US391010634899999,2017,LPG,0
Big Island,M100000US391010634899999,2018,LPG,0
Big Island,M100000US391010634899999,2019,LPG,0
Big Island,M100000US391010634899999,2020,LPG,0
Big Island,M100000US391010634899999,2021,LPG,0
Big Island,M100000US391010634899999,2022.0,LPG,0.0
Big Island,M100000US391010634899999,2023,LPG,0
Big Island,M100000US391010634899999,2024,LPG,0
Big Island,M100000US391010634899999,2025,LPG,0
Blendon,M100000US390490692299999,1999.0,LPG,1.0
Blendon,M100000US390490692299999,2000.0,LPG,1.0
Blendon,M100000US390490692299999,2001,LPG,0
Blendon,M100000US390490692299999,2002,LPG,0
Blendon,M100000US390490692299999,2003,LPG,0
Blendon,M100000US390490692299999,2004,LPG,0
Blendon,M100000US390490692299999,2005,LPG,0
Blendon,M100000US390490692299999,2006,LPG,0
Blendon,M100000US390490692299999,2007,LPG,0
Blendon,M100000US390490692299999,2008,LPG,0
Blendon,M100000US390490692299999,2009,LPG,0
Blendon,M100000US390490692299999,2010,LPG,0
Blendon,M100000US390490692299999,2011,LPG,0
Blendon,M100000US390490692299999,2012,LPG,0
Blendon,M100000US390490692299999,2013.0,LPG,0.0
Blendon,M100000US390490692299999,2014,LPG,0
Blendon,M100000US390490692299999,2015,LPG,0
Blendon,M100000US390490692299999,2016,LPG,0
Blendon,M100000US390490692299999,2017,LPG,0
Blendon,M100000US390490692299999,2018,LPG,0
Blendon,M100000US390490692299999,2019,LPG,0
Blendon,M100000US390490692299999,2020,LPG,0
Blendon,M100000US390490692299999,2021,LPG,0
Blendon,M100000US390490692299999,2022,LPG,0
Blendon,M100000US390490692299999,2023,LPG,0
Blendon,M100000US390490692299999,2024,LPG,0
Blendon,M100000US390490692299999,2025,LPG,0
Brown,M100000US390410942899999,1999,LPG,0
Brown,M100000US390490944299999,1999,LPG,0
Brown,M100000US390410942899999,2000,LPG,0
Brown,M100000US390490944299999,2000,LPG,0
Brown,M100000US390410942899999,2001,LPG,0
Brown,M100000US390490944299999,2001,LPG,0
Brown,M100000US390410942899999,2002,LPG,0
Brown,M100000US390490944299999,2002,LPG,0
Brown,M100000US390410942899999,2003,LPG,0
Brown,M100000US390490944299999,2003,LPG,0
Brown,M100000US390410942899999,2004,LPG,0
Brown,M100000US390490944299999,2004,LPG,0
Brown,M100000US390410942899999,2005,LPG,0
Brown,M100000US390490944299999,2005,LPG,0
Brown,M100000US390410942899999,2006,LPG,0
Brown,M100000US390490944299999,2006,LPG,0
Brown,M100000US390410942899999,2007,LPG,0
Brown,M100000US390490944299999,2007,LPG,0
Brown,M100000US390410942899999,2008,LPG,0
Brown,M100000US390490944299999,2008,LPG,0
Brown,M100000US390410942899999,2009,LPG,0
Brown,M100000US390490944299999,2009,LPG,0
Brown,M100000US390410942899999,2010,LPG,0
Brown,M100000US390490944299999,2010,LPG,0
Brown,M100000US390410942899999,2011.0,LPG,1.0
Brown,M100000US390490944299999,2011.0,LPG,1.0
Brown,M100000US390410942899999,2012,LPG,0
Brown,M100000US390490944299999,2012,LPG,0
Brown,M100000US390410942899999,2013,LPG,0
Brown,M100000US390490944299999,2013,LPG,0
Brown,M100000US390410942899999,2014,LPG,0
Brown,M100000US390490944299999,2014,LPG,0
Brown,M100000US390410942899999,2015,LPG,0
Brown,M100000US390490944299999,2015,LPG,0
Brown,M100000US390410942899999,2016,LPG,0
Brown,M100000US390490944299999,2016,LPG,0
Brown,M100000US390410942899999,2017,LPG,0
Brown,M100000US390490944299999,2017,LPG,0
Brown,M100000US390410942899999,2018,LPG,0
Brown,M100000US390490944299999,2018,LPG,0
Brown,M100000US390410942899999,2019,LPG,0
Brown,M100000US390490944299999,2019,LPG,0
Brown,M100000US390410942899999,2020,LPG,0
Brown,M100000US390490944299999,2020,LPG,0
Brown,M100000US390410942899999,2021,LPG,0
Brown,M100000US390490944299999,2021,LPG,0
Brown,M100000US390410942899999,2022.0,LPG,0.0
Brown,M100000US390490944299999,2022.0,LPG,0.0
Brown,M100000US390410942899999,2023,LPG,0
Brown,M100000US390490944299999,2023,LPG,0
Brown,M100000US390410942899999,2024,LPG,0
Brown,M100000US390490944299999,2024,LPG,0
Brown,M100000US390410942899999,2025,LPG,0
Brown,M100000US390490944299999,2025,LPG,0
Butler,M100000US390831059099999,1999,LPG,0
Butler,M100000US390831059099999,2000,LPG,0
Butler,M100000US390831059099999,2001,LPG,0
Butler,M100000US390831059099999,2002,LPG,0
Butler,M100000US390831059099999,2003,LPG,0
Butler,M100000US390831059099999,2004,LPG,0
Butler,M100000US390831059099999,2005,LPG,0
Butler,M100000US390831059099999,2006,LPG,0
Butler,M100000US390831059099999,2007,LPG,0
Butler,M100000US390831059099999,2008,LPG,0
Butler,M100000US390831059099999,2009,LPG,0
Butler,M100000US390831059099999,2010,LPG,0
Butler,M100000US390831059099999,2011,LPG,0
Butler,M100000US390831059099999,2012,LPG,0
Butler,M100000US390831059099999,2013,LPG,0
Butler,M100000US390831059099999,2014,LPG,0
Butler,M100000US390831059099999,2015.0,LPG,0.0
Butler,M100000US390831059099999,2016,LPG,0
Butler,M100000US390831059099999,2017,LPG,0
Butler,M100000US390831059099999,2018,LPG,0
Butler,M100000US390831059099999,2019,LPG,0
Butler,M100000US390831059099999,2020,LPG,0
Butler,M100000US390831059099999,2021,LPG,0
Butler,M100000US390831059099999,2022,LPG,0
Butler,M100000US390831059099999,2023,LPG,0
Butler,M100000US390831059099999,2024,LPG,0
Butler,M100000US390831059099999,2025,LPG,0
Canaan,M100000US390971123499999,1999,LPG,0
Canaan,M100000US390971123499999,2000,LPG,0
Canaan,M100000US390971123499999,2001,LPG,0
Canaan,M100000US390971123499999,2002,LPG,0
Canaan,M100000US390971123499999,2003,LPG,0
Canaan,M100000US390971123499999,2004,LPG,0
Canaan,M100000US390971123499999,2005,LPG,0
Canaan,M100000US390971123499999,2006,LPG,0
Canaan,M100000US390971123499999,2007,LPG,0
Canaan,M100000US390971123499999,2008,LPG,0
Canaan,M100000US390971123499999,2009,LPG,0
Canaan,M100000US390971123499999,2010,LPG,0
Canaan,M100000US390971123499999,2011,LPG,0
Canaan,M100000US390971123499999,2012,LPG,0
Canaan,M100000US390971123499999,2013,LPG,0
Canaan,M100000US390971123499999,2014,LPG,0
Canaan,M100000US390971123499999,2015,LPG,0
Canaan,M100000US390971123499999,2016,LPG,0
Canaan,M100000US390971123499999,2017,LPG,0
Canaan,M100000US390971123499999,2018,LPG,0
Canaan,M100000US390971123499999,2019.0,LPG,0.0
Canaan,M100000US390971123499999,2020,LPG,0
Canaan,M100000US390971123499999,2021.0,LPG,0.0
Canaan,M100000US390971123499999,2022,LPG,0
Canaan,M100000US390971123499999,2023,LPG,0
Canaan,M100000US390971123499999,2024,LPG,0
Canaan,M100000US390971123499999,2025,LPG,0
Canal Winchester,M100000US3911332,1999,LPG,0
Canal Winchester,M100000US3911332,2000,LPG,0
Canal Winchester,M100000US3911332,2001,LPG,0
Canal Winchester,M100000US3911332,2002,LPG,0
Canal Winchester,M100000US3911332,2003,LPG,0
Canal Winchester,M100000US3911332,2004,LPG,0
Canal Winchester,M100000US3911332,2005,LPG,0
Canal Winchester,M100000US3911332,2006,LPG,0
Canal Winchester,M100000US3911332,2007,LPG,0
Canal Winchester,M100000US3911332,2008.0,LPG,0.0
Canal Winchester,M100000US3911332,2009,LPG,0
Canal Winchester,M100000US3911332,2010,LPG,0
Canal Winchester,M100000US3911332,2011,LPG,0
Canal Winchester,M100000US3911332,2012.0,LPG,0.0
Canal Winchester,M100000US3911332,2013,LPG,0
Canal Winchester,M100000US3911332,2014,LPG,0
Canal Winchester,M100000US3911332,2015,LPG,0
Canal Winchester,M100000US3911332,2016,LPG,0
Canal Winchester,M100000US3911332,2017,LPG,0
Canal Winchester,M100000US3911332,2018,LPG,0
Canal Winchester,M100000US3911332,2019,LPG,0
Canal Winchester,M100000US3911332,2020.0,LPG,0.0
Canal Winchester,M100000US3911332,2021.0,LPG,0.0
Canal Winchester,M100000US3911332,2022,LPG,0
Canal Winchester,M100000US3911332,2023,LPG,0
Canal Winchester,M100000US3911332,2024.0,LPG,0.0
Canal Winchester,M100000US3911332,2025,LPG,0
Chester,M100000US391171403099999,1999,LPG,0
Chester,M100000US391171403099999,2000,LPG,0
Chester,M100000US391171403099999,2001,LPG,0
Chester,M100000US391171403099999,2002,LPG,0
Chester,M100000US391171403099999,2003,LPG,0
Chester,M100000US391171403099999,2004,LPG,0
Chester,M100000US391171403099999,2005,LPG,0
Chester,M100000US391171403099999,2006,LPG,0
Chester,M100000US391171403099999,2007,LPG,0
Chester,M100000US391171403099999,2008,LPG,0
Chester,M100000US391171403099999,2009,LPG,0
Chester,M100000US391171403099999,2010,LPG,0
Chester,M100000US391171403099999,2011,LPG,0
Chester,M100000US391171403099999,2012,LPG,0
Chester,M100000US391171403099999,2013,LPG,0
Chester,M100000US391171403099999,2014,LPG,0
Chester,M100000US391171403099999,2015,LPG,0
Chester,M100000US391171403099999,2016.0,LPG,0.0
Chester,M100000US391171403099999,2017,LPG,0
Chester,M100000US391171403099999,2018,LPG,0
Chester,M100000US391171403099999,2019,LPG,0
Chester,M100000US391171403099999,2020,LPG,0
Chester,M100000US391171403099999,2021,LPG,0
Chester,M100000US391171403099999,2022,LPG,0
Chester,M100000US391171403099999,2023,LPG,0
Chester,M100000US391171403099999,2024,LPG,0
Chester,M100000US391171403099999,2025,LPG,0
Chillicothe,M100000US3914184,1999,LPG,0
Chillicothe,M100000US3914184,2000,LPG,0
Chillicothe,M100000US3914184,2001,LPG,0
Chillicothe,M100000US3914184,2002,LPG,0
Chillicothe,M100000US3914184,2003,LPG,0
Chillicothe,M100000US3914184,2004,LPG,0
Chillicothe,M100000US3914184,2005,LPG,0
Chillicothe,M100000US3914184,2006,LPG,0
Chillicothe,M100000US3914184,2007,LPG,0
Chillicothe,M100000US3914184,2008,LPG,0
Chillicothe,M100000US3914184,2009,LPG,0
Chillicothe,M100000US3914184,2010,LPG,0
Chillicothe,M100000US3914184,2011,LPG,0
Chillicothe,M100000US3914184,2012,LPG,0
Chillicothe,M100000US3914184,2013,LPG,0
Chillicothe,M100000US3914184,2014,LPG,0
Chillicothe,M100000US3914184,2015,LPG,0
Chillicothe,M100000US3914184,2016.0,LPG,0.0
Chillicothe,M100000US3914184,2017,LPG,0
Chillicothe,M100000US3914184,2018,LPG,0
Chillicothe,M100000US3914184,2019,LPG,0
Chillicothe,M100000US3914184,2020.0,LPG,0.0
Chillicothe,M100000US3914184,2021,LPG,0
Chillicothe,M100000US3914184,2022.0,LPG,0.0
Chillicothe,M100000US3914184,2023,LPG,0
Chillicothe,M100000US3914184,2024.0,LPG,0.0
Chillicothe,M100000US3914184,2025,LPG,0
Circleville,M100000US3915070,1999,LPG,0
Circleville,M100000US3915070,2000,LPG,0
Circleville,M100000US3915070,2001,LPG,0
Circleville,M100000US3915070,2002,LPG,0
Circleville,M100000US3915070,2003,LPG,0
Circleville,M100000US3915070,2004,LPG,0
Circleville,M100000US3915070,2005,LPG,0
Circleville,M100000US3915070,2006,LPG,0
Circleville,M100000US3915070,2007,LPG,0
Circleville,M100000US3915070,2008,LPG,0
Circleville,M100000US3915070,2009,LPG,0
Circleville,M100000US3915070,2010,LPG,0
Circleville,M100000US3915070,2011,LPG,0
Circleville,M100000US3915070,2012,LPG,0
Circleville,M100000US3915070,2013,LPG,0
Circleville,M100000US3915070,2014,LPG,0
Circleville,M100000US3915070,2015,LPG,0
Circleville,M100000US3915070,2016,LPG,0
Circleville,M100000US3915070,2017,LPG,0
Circleville,M100000US3915070,2018,LPG,0
Circleville,M100000US3915070,2019,LPG,0
Circleville,M100000US3915070,2020,LPG,0
Circleville,M100000US3915070,2021,LPG,0
Circleville,M100000US3915070,2022.0,LPG,0.0
Circleville,M100000US3915070,2023.0,LPG,0.0
Circleville,M100000US3915070,2024,LPG,0
Circleville,M100000US3915070,2025,LPG,0
Claridon,M100000US391011519699999,1999,LPG,0
Claridon,M100000US391011519699999,2000,LPG,0
Claridon,M100000US391011519699999,2001,LPG,0
Claridon,M100000US391011519699999,2002,LPG,0
Claridon,M100000US391011519699999,2003,LPG,0
Claridon,M100000US391011519699999,2004,LPG,0
Claridon,M100000US391011519699999,2005,LPG,0
Claridon,M100000US391011519699999,2006,LPG,0
Claridon,M100000US391011519699999,2007.0,LPG,0.0
Claridon,M100000US391011519699999,2008,LPG,0
Claridon,M100000US391011519699999,2009,LPG,0
Claridon,M100000US391011519699999,2010,LPG,0
Claridon,M100000US391011519699999,2011,LPG,0
Claridon,M100000US391011519699999,2012,LPG,0
Claridon,M100000US391011519699999,2013,LPG,0
Claridon,M100000US391011519699999,2014,LPG,0
Claridon,M100000US391011519699999,2015,LPG,0
Claridon,M100000US391011519699999,2016,LPG,0
Claridon,M100000US391011519699999,2017,LPG,0
Claridon,M100000US391011519699999,2018,LPG,0
Claridon,M100000US391011519699999,2019,LPG,0
Claridon,M100000US391011519699999,2020,LPG,0
Claridon,M100000US391011519699999,2021,LPG,0
Claridon,M100000US391011519699999,2022,LPG,0
Claridon,M100000US391011519699999,2023,LPG,0
Claridon,M100000US391011519699999,2024,LPG,0
Claridon,M100000US391011519699999,2025,LPG,0
Clay,M100000US390831550499999,1999,LPG,0
Clay,M100000US390831550499999,2000,LPG,0
Clay,M100000US390831550499999,2001,LPG,0
Clay,M100000US390831550499999,2002,LPG,0
Clay,M100000US390831550499999,2003,LPG,0
Clay,M100000US390831550499999,2004,LPG,0
Clay,M100000US390831550499999,2005,LPG,0
Clay,M100000US390831550499999,2006,LPG,0
Clay,M100000US390831550499999,2007,LPG,0
Clay,M100000US390831550499999,2008,LPG,0
Clay,M100000US390831550499999,2009,LPG,0
Clay,M100000US390831550499999,2010,LPG,0
Clay,M100000US390831550499999,2011,LPG,0
Clay,M100000US390831550499999,2012,LPG,0
Clay,M100000US390831550499999,2013,LPG,0
Clay,M100000US390831550499999,2014,LPG,0
Clay,M100000US390831550499999,2015,LPG,0
Clay,M100000US390831550499999,2016,LPG,0
Clay,M100000US390831550499999,2017,LPG,0
Clay,M100000US390831550499999,2018,LPG,0
Clay,M100000US390831550499999,2019,LPG,0
Clay,M100000US390831550499999,2020,LPG,0
Clay,M100000US390831550499999,2021,LPG,0
Clay,M100000US390831550499999,2022,LPG,0
Clay,M100000US390831550499999,2023.0,LPG,0.0
Clay,M100000US390831550499999,2024,LPG,0
Clay,M100000US390831550499999,2025,LPG,0
Clinton,M100000US390491611299999,1999,LPG,0
Clinton,M100000US390491611299999,2000,LPG,0
Clinton,M100000US390491611299999,2001,LPG,0
Clinton,M100000US390491611299999,2002,LPG,0
Clinton,M100000US390491611299999,2003,LPG,0
Clinton,M100000US390491611299999,2004,LPG,0
Clinton,M100000US390491611299999,2005,LPG,0
Clinton,M100000US390491611299999,2006,LPG,0
Clinton,M100000US390491611299999,2007,LPG,0
Clinton,M100000US390491611299999,2008,LPG,0
Clinton,M100000US390491611299999,2009,LPG,0
Clinton,M100000US390491611299999,2010,LPG,0
Clinton,M100000US390491611299999,2011,LPG,0
Clinton,M100000US390491611299999,2012,LPG,0
Clinton,M100000US390491611299999,2013,LPG,0
Clinton,M100000US390491611299999,2014,LPG,0
Clinton,M100000US390491611299999,2015,LPG,0
Clinton,M100000US390491611299999,2016,LPG,0
Clinton,M100000US390491611299999,2017,LPG,0
Clinton,M100000US390491611299999,2018,LPG,0
Clinton,M100000US390491611299999,2019,LPG,0
Clinton,M100000US390491611299999,2020.0,LPG,0.0
Clinton,M100000US390491611299999,2021.0,LPG,0.0
Clinton,M100000US390491611299999,2022,LPG,0
Clinton,M100000US390491611299999,2023,LPG,0
Clinton,M100000US390491611299999,2024,LPG,0
Clinton,M100000US390491611299999,2025,LPG,0
Columbus,M100000US3918000,1999,LPG,0
Columbus,M100000US3918000,2000.0,LPG,3.0
Columbus,M100000US3918000,2001,LPG,0
Columbus,M100000US3918000,2002,LPG,0
Columbus,M100000US3918000,2003,LPG,0
Columbus,M100000US3918000,2004.0,LPG,1.0
Columbus,M100000US3918000,2005,LPG,0
Columbus,M100000US3918000,2006.0,LPG,0.0
Columbus,M100000US3918000,2007,LPG,0
Columbus,M100000US3918000,2008.0,LPG,0.0
Columbus,M100000US3918000,2009,LPG,0
Columbus,M100000US3918000,2010,LPG,0
Columbus,M100000US3918000,2011.0,LPG,1.0
Columbus,M100000US3918000,2012.0,LPG,1.0
Columbus,M100000US3918000,2013.0,LPG,0.0
Columbus,M100000US3918000,2014.0,LPG,2.0
Columbus,M100000US3918000,2015.0,LPG,1.0
Columbus,M100000US3918000,2016.0,LPG,0.0
Columbus,M100000US3918000,2017.0,LPG,1.0
Columbus,M100000US3918000,2018.0,LPG,1.0
Columbus,M100000US3918000,2019.0,LPG,0.0
Columbus,M100000US3918000,2020.0,LPG,0.0
Columbus,M100000US3918000,2021.0,LPG,0.0
Columbus,M100000US3918000,2022.0,LPG,0.0
Columbus,M100000US3918000,2023.0,LPG,0.0
Columbus,M100000US3918000,2024.0,LPG,0.0
Columbus,M100000US3918000,2025.0,LPG,0.0
Delaware,M100000US3921434,1999,LPG,0
Delaware,M100000US390412144899999,1999,LPG,0
Delaware,M100000US3921434,2000,LPG,0
Delaware,M100000US390412144899999,2000,LPG,0
Delaware,M100000US3921434,2001,LPG,0
Delaware,M100000US390412144899999,2001,LPG,0
Delaware,M100000US3921434,2002,LPG,0
Delaware,M100000US390412144899999,2002,LPG,0
Delaware,M100000US3921434,2003,LPG,0
Delaware,M100000US390412144899999,2003,LPG,0
Delaware,M100000US3921434,2004,LPG,0
Delaware,M100000US390412144899999,2004,LPG,0
Delaware,M100000US3921434,2005,LPG,0
Delaware,M100000US390412144899999,2005,LPG,0
Delaware,M100000US3921434,2006,LPG,0
Delaware,M100000US390412144899999,2006,LPG,0
Delaware,M100000US3921434,2007,LPG,0
Delaware,M100000US390412144899999,2007,LPG,0
Delaware,M100000US3921434,2008,LPG,0
Delaware,M100000US390412144899999,2008,LPG,0
Delaware,M100000US3921434,2009,LPG,0
Delaware,M100000US390412144899999,2009,LPG,0
Delaware,M100000US3921434,2010,LPG,0
Delaware,M100000US390412144899999,2010,LPG,0
Delaware,M100000US3921434,2011.0,LPG,0.0
Delaware,M100000US390412144899999,2011.0,LPG,0.0
Delaware,M100000US3921434,2012,LPG,0
Delaware,M100000US390412144899999,2012,LPG,0
Delaware,M100000US3921434,2013.0,LPG,0.0
Delaware,M100000US390412144899999,2013.0,LPG,0.0
Delaware,M100000US3921434,2014,LPG,0
Delaware,M100000US390412144899999,2014,LPG,0
Delaware,M100000US3921434,2015,LPG,0
Delaware,M100000US390412144899999,2015,LPG,0
Delaware,M100000US3921434,2016,LPG,0
Delaware,M100000US390412144899999,2016,LPG,0
Delaware,M100000US3921434,2017.0,LPG,0.0
Delaware,M100000US390412144899999,2017.0,LPG,0.0
Delaware,M100000US3921434,2018,LPG,0
Delaware,M100000US390412144899999,2018,LPG,0
Delaware,M100000US3921434,2019.0,LPG,0.0
Delaware,M100000US390412144899999,2019.0,LPG,0.0
Delaware,M100000US3921434,2020,LPG,0
Delaware,M100000US390412144899999,2020,LPG,0
Delaware,M100000US3921434,2021.0,LPG,0.0
Delaware,M100000US390412144899999,2021.0,LPG,0.0
Delaware,M100000US3921434,2022.0,LPG,0.0
Delaware,M100000US390412144899999,2022.0,LPG,0.0
Delaware,M100000US3921434,2023.0,LPG,0.0
Delaware,M100000US390412144899999,2023.0,LPG,0.0
Delaware,M100000US3921434,2024.0,LPG,0.0
Delaware,M100000US390412144899999,2024.0,LPG,0.0
Delaware,M100000US3921434,2025.0,LPG,0.0
Delaware,M100000US390412144899999,2025.0,LPG,0.0
Dublin,M100000US3922694,1999,LPG,0
Dublin,M100000US3922694,2000,LPG,0
Dublin,M100000US3922694,2001,LPG,0
Dublin,M100000US3922694,2002,LPG,0
Dublin,M100000US3922694,2003,LPG,0
Dublin,M100000US3922694,2004,LPG,0
Dublin,M100000US3922694,2005,LPG,0
Dublin,M100000US3922694,2006,LPG,0
Dublin,M100000US3922694,2007,LPG,0
Dublin,M100000US3922694,2008,LPG,0
Dublin,M100000US3922694,2009,LPG,0
Dublin,M100000US3922694,2010,LPG,0
Dublin,M100000US3922694,2011,LPG,0
Dublin,M100000US3922694,2012.0,LPG,0.0
Dublin,M100000US3922694,2013,LPG,0
Dublin,M100000US3922694,2014,LPG,0
Dublin,M100000US3922694,2015,LPG,0
Dublin,M100000US3922694,2016,LPG,0
Dublin,M100000US3922694,2017,LPG,0
Dublin,M100000US3922694,2018.0,LPG,0.0
Dublin,M100000US3922694,2019.0,LPG,0.0
Dublin,M100000US3922694,2020.0,LPG,0.0
Dublin,M100000US3922694,2021.0,LPG,0.0
Dublin,M100000US3922694,2022.0,LPG,0.0
Dublin,M100000US3922694,2023.0,LPG,0.0
Dublin,M100000US3922694,2024.0,LPG,0.0
Dublin,M100000US3922694,2025,LPG,0
Franklin,M100000US390492828099999,1999,LPG,0
Franklin,M100000US390492828099999,2000,LPG,0
Franklin,M100000US390492828099999,2001,LPG,0
Franklin,M100000US390492828099999,2002,LPG,0
Franklin,M100000US390492828099999,2003,LPG,0
Franklin,M100000US390492828099999,2004,LPG,0
Franklin,M100000US390492828099999,2005,LPG,0
Franklin,M100000US390492828099999,2006,LPG,0
Franklin,M100000US390492828099999,2007,LPG,0
Franklin,M100000US390492828099999,2008,LPG,0
Franklin,M100000US390492828099999,2009.0,LPG,0.0
Franklin,M100000US390492828099999,2010,LPG,0
Franklin,M100000US390492828099999,2011,LPG,0
Franklin,M100000US390492828099999,2012,LPG,0
Franklin,M100000US390492828099999,2013,LPG,0
Franklin,M100000US390492828099999,2014,LPG,0
Franklin,M100000US390492828099999,2015,LPG,0
Franklin,M100000US390492828099999,2016,LPG,0
Franklin,M100000US390492828099999,2017,LPG,0
Franklin,M100000US390492828099999,2018,LPG,0
Franklin,M100000US390492828099999,2019,LPG,0
Franklin,M100000US390492828099999,2020,LPG,0
Franklin,M100000US390492828099999,2021,LPG,0
Franklin,M100000US390492828099999,2022.0,LPG,0.0
Franklin,M100000US390492828099999,2023,LPG,0
Franklin,M100000US390492828099999,2024,LPG,0
Franklin,M100000US390492828099999,2025,LPG,0
Fredericktown,M100000US3928658,1999,LPG,0
Fredericktown,M100000US3928658,2000,LPG,0
Fredericktown,M100000US3928658,2001,LPG,0
Fredericktown,M100000US3928658,2002,LPG,0
Fredericktown,M100000US3928658,2003,LPG,0
Fredericktown,M100000US3928658,2004,LPG,0
Fredericktown,M100000US3928658,2005,LPG,0
Fredericktown,M100000US3928658,2006,LPG,0
Fredericktown,M100000US3928658,2007,LPG,0
Fredericktown,M100000US3928658,2008,LPG,0
Fredericktown,M100000US3928658,2009,LPG,0
Fredericktown,M100000US3928658,2010,LPG,0
Fredericktown,M100000US3928658,2011,LPG,0
Fredericktown,M100000US3928658,2012,LPG,0
Fredericktown,M100000US3928658,2013,LPG,0
Fredericktown,M100000US3928658,2014,LPG,0
Fredericktown,M100000US3928658,2015,LPG,0
Fredericktown,M100000US3928658,2016,LPG,0
Fredericktown,M100000US3928658,2017,LPG,0
Fredericktown,M100000US3928658,2018,LPG,0
Fredericktown,M100000US3928658,2019,LPG,0
Fredericktown,M100000US3928658,2020,LPG,0
Fredericktown,M100000US3928658,2021,LPG,0
Fredericktown,M100000US3928658,2022,LPG,0
Fredericktown,M100000US3928658,2023.0,LPG,0.0
Fredericktown,M100000US3928658,2024,LPG,0
Fredericktown,M100000US3928658,2025,LPG,0
Gahanna,M100000US3929106,1999,LPG,0
Gahanna,M100000US3929106,2000,LPG,0
Gahanna,M100000US3929106,2001,LPG,0
Gahanna,M100000US3929106,2002,LPG,0
Gahanna,M100000US3929106,2003,LPG,0
Gahanna,M100000US3929106,2004,LPG,0
Gahanna,M100000US3929106,2005,LPG,0
Gahanna,M100000US3929106,2006,LPG,0
Gahanna,M100000US3929106,2007,LPG,0
Gahanna,M100000US3929106,2008,LPG,0
Gahanna,M100000US3929106,2009,LPG,0
Gahanna,M100000US3929106,2010,LPG,0
Gahanna,M100000US3929106,2011,LPG,0
Gahanna,M100000US3929106,2012,LPG,0
Gahanna,M100000US3929106,2013,LPG,0
Gahanna,M100000US3929106,2014,LPG,0
Gahanna,M100000US3929106,2015.0,LPG,0.0
Gahanna,M100000US3929106,2016,LPG,0
Gahanna,M100000US3929106,2017,LPG,0
Gahanna,M100000US3929106,2018,LPG,0
Gahanna,M100000US3929106,2019.0,LPG,0.0
Gahanna,M100000US3929106,2020.0,LPG,0.0
Gahanna,M100000US3929106,2021.0,LPG,0.0
Gahanna,M100000US3929106,2022.0,LPG,0.0
Gahanna,M100000US3929106,2023,LPG,0
Gahanna,M100000US3929106,2024,LPG,0
Gahanna,M100000US3929106,2025,LPG,0
Gambier,M100000US3929246,1999,LPG,0
Gambier,M100000US3929246,2000,LPG,0
Gambier,M100000US3929246,2001,LPG,0
Gambier,M100000US3929246,2002,LPG,0
Gambier,M100000US3929246,2003,LPG,0
Gambier,M100000US3929246,2004,LPG,0
Gambier,M100000US3929246,2005,LPG,0
Gambier,M100000US3929246,2006,LPG,0
Gambier,M100000US3929246,2007,LPG,0
Gambier,M100000US3929246,2008,LPG,0
Gambier,M100000US3929246,2009,LPG,0
Gambier,M100000US3929246,2010,LPG,0
Gambier,M100000US3929246,2011,LPG,0
Gambier,M100000US3929246,2012,LPG,0
Gambier,M100000US3929246,2013,LPG,0
Gambier,M100000US3929246,2014,LPG,0
Gambier,M100000US3929246,2015,LPG,0
Gambier,M100000US3929246,2016,LPG,0
Gambier,M100000US3929246,2017.0,LPG,0.0
Gambier,M100000US3929246,2018,LPG,0
Gambier,M100000US3929246,2019,LPG,0
Gambier,M100000US3929246,2020.0,LPG,0.0
Gambier,M100000US3929246,2021.0,LPG,0.0
Gambier,M100000US3929246,2022,LPG,0
Gambier,M100000US3929246,2023.0,LPG,0.0
Gambier,M100000US3929246,2024,LPG,0
Gambier,M100000US3929246,2025,LPG,0
Grand Prairie,M100000US391013119299999,1999,LPG,0
Grand Prairie,M100000US391013119299999,2000,LPG,0
Grand Prairie,M100000US391013119299999,2001,LPG,0
Grand Prairie,M100000US391013119299999,2002,LPG,0
Grand Prairie,M100000US391013119299999,2003,LPG,0
Grand Prairie,M100000US391013119299999,2004,LPG,0
Grand Prairie,M100000US391013119299999,2005,LPG,0
Grand Prairie,M100000US391013119299999,2006,LPG,0
Grand Prairie,M100000US391013119299999,2007,LPG,0
Grand Prairie,M100000US391013119299999,2008,LPG,0
Grand Prairie,M100000US391013119299999,2009,LPG,0
Grand Prairie,M100000US391013119299999,2010,LPG,0
Grand Prairie,M100000US391013119299999,2011,LPG,0
Grand Prairie,M100000US391013119299999,2012,LPG,0
Grand Prairie,M100000US391013119299999,2013,LPG,0
Grand Prairie,M100000US391013119299999,2014,LPG,0
Grand Prairie,M100000US391013119299999,2015,LPG,0
Grand Prairie,M100000US391013119299999,2016,LPG,0
Grand Prairie,M100000US391013119299999,2017,LPG,0
Grand Prairie,M100000US391013119299999,2018,LPG,0
Grand Prairie,M100000US391013119299999,2019,LPG,0
Grand Prairie,M100000US391013119299999,2020,LPG,0
Grand Prairie,M100000US391013119299999,2021,LPG,0
Grand Prairie,M100000US391013119299999,2022,LPG,0
Grand Prairie,M100000US391013119299999,2023.0,LPG,0.0
Grand Prairie,M100000US391013119299999,2024,LPG,0
Grand Prairie,M100000US391013119299999,2025,LPG,0
Grandview Heights,M100000US3931304,1999,LPG,0
Grandview Heights,M100000US3931304,2000,LPG,0
Grandview Heights,M100000US3931304,2001,LPG,0
Grandview Heights,M100000US3931304,2002,LPG,0
Grandview Heights,M100000US3931304,2003,LPG,0
Grandview Heights,M100000US3931304,2004,LPG,0
Grandview Heights,M100000US3931304,2005,LPG,0
Grandview Heights,M100000US3931304,2006,LPG,0
Grandview Heights,M100000US3931304,2007,LPG,0
Grandview Heights,M100000US3931304,2008,LPG,0
Grandview Heights,M100000US3931304,2009,LPG,0
Grandview Heights,M100000US3931304,2010,LPG,0
Grandview Heights,M100000US3931304,2011,LPG,0
Grandview Heights,M100000US3931304,2012,LPG,0
Grandview Heights,M100000US3931304,2013,LPG,0
Grandview Heights,M100000US3931304,2014,LPG,0
Grandview Heights,M100000US3931304,2015,LPG,0
Grandview Heights,M100000US3931304,2016,LPG,0
Grandview Heights,M100000US3931304,2017,LPG,0
Grandview Heights,M100000US3931304,2018,LPG,0
Grandview Heights,M100000US3931304,2019.0,LPG,0.0
Grandview Heights,M100000US3931304,2020.0,LPG,0.0
Grandview Heights,M100000US3931304,2021.0,LPG,0.0
Grandview Heights,M100000US3931304,2022.0,LPG,0.0
Grandview Heights,M100000US3931304,2023.0,LPG,0.0
Grandview Heights,M100000US3931304,2024,LPG,0
Grandview Heights,M100000US3931304,2025,LPG,0
Granville,M100000US3931402,1999,LPG,0
Granville,M100000US3931402,2000,LPG,0
Granville,M100000US3931402,2001,LPG,0
Granville,M100000US3931402,2002,LPG,0
Granville,M100000US3931402,2003,LPG,0
Granville,M100000US3931402,2004,LPG,0
Granville,M100000US3931402,2005,LPG,0
Granville,M100000US3931402,2006,LPG,0
Granville,M100000US3931402,2007,LPG,0
Granville,M100000US3931402,2008,LPG,0
Granville,M100000US3931402,2009,LPG,0
Granville,M100000US3931402,2010,LPG,0
Granville,M100000US3931402,2011,LPG,0
Granville,M100000US3931402,2012,LPG,0
Granville,M100000US3931402,2013,LPG,0
Granville,M100000US3931402,2014,LPG,0
Granville,M100000US3931402,2015,LPG,0
Granville,M100000US3931402,2016,LPG,0
Granville,M100000US3931402,2017,LPG,0
Granville,M100000US3931402,2018,LPG,0
Granville,M100000US3931402,2019.0,LPG,0.0
Granville,M100000US3931402,2020,LPG,0
Granville,M100000US3931402,2021,LPG,0
Granville,M100000US3931402,2022.0,LPG,0.0
Granville,M100000US3931402,2023.0,LPG,0.0
Granville,M100000US3931402,2024,LPG,0
Granville,M100000US3931402,2025,LPG,0
Green,M100000US391413182299999,1999,LPG,0
Green,M100000US391413182299999,2000,LPG,0
Green,M100000US391413182299999,2001,LPG,0
Green,M100000US391413182299999,2002,LPG,0
Green,M100000US391413182299999,2003,LPG,0
Green,M100000US391413182299999,2004,LPG,0
Green,M100000US391413182299999,2005,LPG,0
Green,M100000US391413182299999,2006,LPG,0
Green,M100000US391413182299999,2007,LPG,0
Green,M100000US391413182299999,2008,LPG,0
Green,M100000US391413182299999,2009,LPG,0
Green,M100000US391413182299999,2010,LPG,0
Green,M100000US391413182299999,2011,LPG,0
Green,M100000US391413182299999,2012,LPG,0
Green,M100000US391413182299999,2013,LPG,0
Green,M100000US391413182299999,2014,LPG,0
Green,M100000US391413182299999,2015.0,LPG,0.0
Green,M100000US391413182299999,2016,LPG,0
Green,M100000US391413182299999,2017,LPG,0
Green,M100000US391413182299999,2018,LPG,0
Green,M100000US391413182299999,2019.0,LPG,0.0
Green,M100000US391413182299999,2020,LPG,0
Green,M100000US391413182299999,2021.0,LPG,0.0
Green,M100000US391413182299999,2022,LPG,0
Green,M100000US391413182299999,2023,LPG,0
Green,M100000US391413182299999,2024,LPG,0
Green,M100000US391413182299999,2025,LPG,0
Greenfield,M100000US390453206099999,1999,LPG,0
Greenfield,M100000US390453206099999,2000,LPG,0
Greenfield,M100000US390453206099999,2001,LPG,0
Greenfield,M100000US390453206099999,2002,LPG,0
Greenfield,M100000US390453206099999,2003,LPG,0
Greenfield,M100000US390453206099999,2004,LPG,0
Greenfield,M100000US390453206099999,2005,LPG,0
Greenfield,M100000US390453206099999,2006,LPG,0
Greenfield,M100000US390453206099999,2007,LPG,0
Greenfield,M100000US390453206099999,2008,LPG,0
Greenfield,M100000US390453206099999,2009,LPG,0
Greenfield,M100000US390453206099999,2010,LPG,0
Greenfield,M100000US390453206099999,2011,LPG,0
Greenfield,M100000US390453206099999,2012,LPG,0
Greenfield,M100000US390453206099999,2013,LPG,0
Greenfield,M100000US390453206099999,2014,LPG,0
Greenfield,M100000US390453206099999,2015,LPG,0
Greenfield,M100000US390453206099999,2016.0,LPG,0.0
Greenfield,M100000US390453206099999,2017,LPG,0
Greenfield,M100000US390453206099999,2018,LPG,0
Greenfield,M100000US390453206099999,2019,LPG,0
Greenfield,M100000US390453206099999,2020,LPG,0
Greenfield,M100000US390453206099999,2021,LPG,0
Greenfield,M100000US390453206099999,2022.0,LPG,0.0
Greenfield,M100000US390453206099999,2023,LPG,0
Greenfield,M100000US390453206099999,2024.0,LPG,0.0
Greenfield,M100000US390453206099999,2025,LPG,0
Grove City,M100000US3932592,1999,LPG,0
Grove City,M100000US3932592,2000,LPG,0
Grove City,M100000US3932592,2001,LPG,0
Grove City,M100000US3932592,2002,LPG,0
Grove City,M100000US3932592,2003,LPG,0
Grove City,M100000US3932592,2004,LPG,0
Grove City,M100000US3932592,2005,LPG,0
Grove City,M100000US3932592,2006,LPG,0
Grove City,M100000US3932592,2007,LPG,0
Grove City,M100000US3932592,2008.0,LPG,0.0
Grove City,M100000US3932592,2009,LPG,0
Grove City,M100000US3932592,2010,LPG,0
Grove City,M100000US3932592,2011,LPG,0
Grove City,M100000US3932592,2012,LPG,0
Grove City,M100000US3932592,2013,LPG,0
Grove City,M100000US3932592,2014,LPG,0
Grove City,M100000US3932592,2015.0,LPG,0.0
Grove City,M100000US3932592,2016,LPG,0
Grove City,M100000US3932592,2017,LPG,0
Grove City,M100000US3932592,2018,LPG,0
Grove City,M100000US3932592,2019.0,LPG,0.0
Grove City,M100000US3932592,2020.0,LPG,0.0
Grove City,M100000US3932592,2021.0,LPG,0.0
Grove City,M100000US3932592,2022.0,LPG,0.0
Grove City,M100000US3932592,2023.0,LPG,0.0
Grove City,M100000US3932592,2024,LPG,0
Grove City,M100000US3932592,2025,LPG,0
Groveport,M100000US3932606,1999,LPG,0
Groveport,M100000US3932606,2000,LPG,0
Groveport,M100000US3932606,2001,LPG,0
Groveport,M100000US3932606,2002,LPG,0
Groveport,M100000US3932606,2003,LPG,0
Groveport,M100000US3932606,2004,LPG,0
Groveport,M100000US3932606,2005,LPG,0
Groveport,M100000US3932606,2006,LPG,0
Groveport,M100000US3932606,2007,LPG,0
Groveport,M100000US3932606,2008,LPG,0
Groveport,M100000US3932606,2009,LPG,0
Groveport,M100000US3932606,2010,LPG,0
Groveport,M100000US3932606,2011,LPG,0
Groveport,M100000US3932606,2012,LPG,0
Groveport,M100000US3932606,2013,LPG,0
Groveport,M100000US3932606,2014,LPG,0
Groveport,M100000US3932606,2015,LPG,0
Groveport,M100000US3932606,2016,LPG,0
Groveport,M100000US3932606,2017,LPG,0
Groveport,M100000US3932606,2018,LPG,0
Groveport,M100000US3932606,2019,LPG,0
Groveport,M100000US3932606,2020,LPG,0
Groveport,M100000US3932606,2021,LPG,0
Groveport,M100000US3932606,2022.0,LPG,0.0
Groveport,M100000US3932606,2023,LPG,0
Groveport,M100000US3932606,2024,LPG,0
Groveport,M100000US3932606,2025,LPG,0
Hamilton,M100000US390493302699999,1999,LPG,0
Hamilton,M100000US390493302699999,2000,LPG,0
Hamilton,M100000US390493302699999,2001,LPG,0
Hamilton,M100000US390493302699999,2002,LPG,0
Hamilton,M100000US390493302699999,2003,LPG,0
Hamilton,M100000US390493302699999,2004,LPG,0
Hamilton,M100000US390493302699999,2005,LPG,0
Hamilton,M100000US390493302699999,2006,LPG,0
Hamilton,M100000US390493302699999,2007,LPG,0
Hamilton,M100000US390493302699999,2008,LPG,0
Hamilton,M100000US390493302699999,2009,LPG,0
Hamilton,M100000US390493302699999,2010,LPG,0
Hamilton,M100000US390493302699999,2011,LPG,0
Hamilton,M100000US390493302699999,2012,LPG,0
Hamilton,M100000US390493302699999,2013,LPG,0
Hamilton,M100000US390493302699999,2014,LPG,0
Hamilton,M100000US390493302699999,2015,LPG,0
Hamilton,M100000US390493302699999,2016,LPG,0
Hamilton,M100000US390493302699999,2017,LPG,0
Hamilton,M100000US390493302699999,2018,LPG,0
Hamilton,M100000US390493302699999,2019,LPG,0
Hamilton,M100000US390493302699999,2020,LPG,0
Hamilton,M100000US390493302699999,2021,LPG,0
Hamilton,M100000US390493302699999,2022.0,LPG,0.0
Hamilton,M100000US390493302699999,2023,LPG,0
Hamilton,M100000US390493302699999,2024,LPG,0
Hamilton,M100000US390493302699999,2025,LPG,0
Harrison,M100000US390913390899999,1999,LPG,0
Harrison,M100000US390913390899999,2000,LPG,0
Harrison,M100000US390913390899999,2001,LPG,0
Harrison,M100000US390913390899999,2002,LPG,0
Harrison,M100000US390913390899999,2003,LPG,0
Harrison,M100000US390913390899999,2004,LPG,0
Harrison,M100000US390913390899999,2005,LPG,0
Harrison,M100000US390913390899999,2006,LPG,0
Harrison,M100000US390913390899999,2007,LPG,0
Harrison,M100000US390913390899999,2008,LPG,0
Harrison,M100000US390913390899999,2009,LPG,0
Harrison,M100000US390913390899999,2010,LPG,0
Harrison,M100000US390913390899999,2011,LPG,0
Harrison,M100000US390913390899999,2012,LPG,0
Harrison,M100000US390913390899999,2013,LPG,0
Harrison,M100000US390913390899999,2014,LPG,0
Harrison,M100000US390913390899999,2015,LPG,0
Harrison,M100000US390913390899999,2016,LPG,0
Harrison,M100000US390913390899999,2017,LPG,0
Harrison,M100000US390913390899999,2018,LPG,0
Harrison,M100000US390913390899999,2019,LPG,0
Harrison,M100000US390913390899999,2020,LPG,0
Harrison,M100000US390913390899999,2021.0,LPG,0.0
Harrison,M100000US390913390899999,2022,LPG,0
Harrison,M100000US390913390899999,2023,LPG,0
Harrison,M100000US390913390899999,2024,LPG,0
Harrison,M100000US390913390899999,2025,LPG,0
Heath,M100000US3934748,1999,LPG,0
Heath,M100000US3934748,2000,LPG,0
Heath,M100000US3934748,2001,LPG,0
Heath,M100000US3934748,2002,LPG,0
Heath,M100000US3934748,2003,LPG,0
Heath,M100000US3934748,2004,LPG,0
Heath,M100000US3934748,2005,LPG,0
Heath,M100000US3934748,2006,LPG,0
Heath,M100000US3934748,2007,LPG,0
Heath,M100000US3934748,2008,LPG,0
Heath,M100000US3934748,2009,LPG,0
Heath,M100000US3934748,2010,LPG,0
Heath,M100000US3934748,2011.0,LPG,1.0
Heath,M100000US3934748,2012,LPG,0
Heath,M100000US3934748,2013,LPG,0
Heath,M100000US3934748,2014,LPG,0
Heath,M100000US3934748,2015,LPG,0
Heath,M100000US3934748,2016,LPG,0
Heath,M100000US3934748,2017.0,LPG,0.0
Heath,M100000US3934748,2018,LPG,0
Heath,M100000US3934748,2019,LPG,0
Heath,M100000US3934748,2020,LPG,0
Heath,M100000US3934748,2021.0,LPG,0.0
Heath,M100000US3934748,2022,LPG,0
Heath,M100000US3934748,2023.0,LPG,0.0
Heath,M100000US3934748,2024.0,LPG,0.0
Heath,M100000US3934748,2025,LPG,0
Hebron,M100000US3934790,1999,LPG,0
Hebron,M100000US3934790,2000,LPG,0
Hebron,M100000US3934790,2001,LPG,0
Hebron,M100000US3934790,2002,LPG,0
Hebron,M100000US3934790,2003,LPG,0
Hebron,M100000US3934790,2004,LPG,0
Hebron,M100000US3934790,2005,LPG,0
Hebron,M100000US3934790,2006,LPG,0
Hebron,M100000US3934790,2007,LPG,0
Hebron,M100000US3934790,2008,LPG,0
Hebron,M100000US3934790,2009,LPG,0
Hebron,M100000US3934790,2010,LPG,0
Hebron,M100000US3934790,2011,LPG,0
Hebron,M100000US3934790,2012,LPG,0
Hebron,M100000US3934790,2013,LPG,0
Hebron,M100000US3934790,2014,LPG,0
Hebron,M100000US3934790,2015,LPG,0
Hebron,M100000US3934790,2016,LPG,0
Hebron,M100000US3934790,2017,LPG,0
Hebron,M100000US3934790,2018,LPG,0
Hebron,M100000US3934790,2019,LPG,0
Hebron,M100000US3934790,2020,LPG,0
Hebron,M100000US3934790,2021,LPG,0
Hebron,M100000US3934790,2022.0,LPG,0.0
Hebron,M100000US3934790,2023,LPG,0
Hebron,M100000US3934790,2024,LPG,0
Hebron,M100000US3934790,2025,LPG,0
Hilliard,M100000US3935476,1999,LPG,0
Hilliard,M100000US3935476,2000,LPG,0
Hilliard,M100000US3935476,2001,LPG,0
Hilliard,M100000US3935476,2002,LPG,0
Hilliard,M100000US3935476,2003,LPG,0
Hilliard,M100000US3935476,2004,LPG,0
Hilliard,M100000US3935476,2005,LPG,0
Hilliard,M100000US3935476,2006,LPG,0
Hilliard,M100000US3935476,2007,LPG,0
Hilliard,M100000US3935476,2008,LPG,0
Hilliard,M100000US3935476,2009,LPG,0
Hilliard,M100000US3935476,2010,LPG,0
Hilliard,M100000US3935476,2011.0,LPG,0.0
Hilliard,M100000US3935476,2012.0,LPG,0.0
Hilliard,M100000US3935476,2013,LPG,0
Hilliard,M100000US3935476,2014.0,LPG,0.0
Hilliard,M100000US3935476,2015,LPG,0
Hilliard,M100000US3935476,2016,LPG,0
Hilliard,M100000US3935476,2017.0,LPG,0.0
Hilliard,M100000US3935476,2018,LPG,0
Hilliard,M100000US3935476,2019.0,LPG,0.0
Hilliard,M100000US3935476,2020.0,LPG,0.0
Hilliard,M100000US3935476,2021,LPG,0
Hilliard,M100000US3935476,2022.0,LPG,0.0
Hilliard,M100000US3935476,2023,LPG,0
Hilliard,M100000US3935476,2024.0,LPG,0.0
Hilliard,M100000US3935476,2025,LPG,0
Jefferson,M100000US390473859899999,1999,LPG,0
Jefferson,M100000US390973869699999,1999,LPG,0
Jefferson,M100000US390473859899999,2000,LPG,0
Jefferson,M100000US390973869699999,2000,LPG,0
Jefferson,M100000US390473859899999,2001,LPG,0
Jefferson,M100000US390973869699999,2001,LPG,0
Jefferson,M100000US390473859899999,2002,LPG,0
Jefferson,M100000US390973869699999,2002,LPG,0
Jefferson,M100000US390473859899999,2003,LPG,0
Jefferson,M100000US390973869699999,2003,LPG,0
Jefferson,M100000US390473859899999,2004,LPG,0
Jefferson,M100000US390973869699999,2004,LPG,0
Jefferson,M100000US390473859899999,2005,LPG,0
Jefferson,M100000US390973869699999,2005,LPG,0
Jefferson,M100000US390473859899999,2006,LPG,0
Jefferson,M100000US390973869699999,2006,LPG,0
Jefferson,M100000US390473859899999,2007,LPG,0
Jefferson,M100000US390973869699999,2007,LPG,0
Jefferson,M100000US390473859899999,2008,LPG,0
Jefferson,M100000US390973869699999,2008,LPG,0
Jefferson,M100000US390473859899999,2009,LPG,0
Jefferson,M100000US390973869699999,2009,LPG,0
Jefferson,M100000US390473859899999,2010,LPG,0
Jefferson,M100000US390973869699999,2010,LPG,0
Jefferson,M100000US390473859899999,2011,LPG,0
Jefferson,M100000US390973869699999,2011,LPG,0
Jefferson,M100000US390473859899999,2012,LPG,0
Jefferson,M100000US390973869699999,2012,LPG,0
Jefferson,M100000US390473859899999,2013,LPG,0
Jefferson,M100000US390973869699999,2013,LPG,0
Jefferson,M100000US390473859899999,2014,LPG,0
Jefferson,M100000US390973869699999,2014,LPG,0
Jefferson,M100000US390473859899999,2015,LPG,0
Jefferson,M100000US390973869699999,2015,LPG,0
Jefferson,M100000US390473859899999,2016,LPG,0
Jefferson,M100000US390973869699999,2016,LPG,0
Jefferson,M100000US390473859899999,2017,LPG,0
Jefferson,M100000US390973869699999,2017,LPG,0
Jefferson,M100000US390473859899999,2018,LPG,0
Jefferson,M100000US390973869699999,2018,LPG,0
Jefferson,M100000US390473859899999,2019,LPG,0
Jefferson,M100000US390973869699999,2019,LPG,0
Jefferson,M100000US390473859899999,2020,LPG,0
Jefferson,M100000US390973869699999,2020,LPG,0
Jefferson,M100000US390473859899999,2021,LPG,0
Jefferson,M100000US390973869699999,2021,LPG,0
Jefferson,M100000US390473859899999,2022.0,LPG,0.0
Jefferson,M100000US390973869699999,2022.0,LPG,0.0
Jefferson,M100000US390473859899999,2023.0,LPG,0.0
Jefferson,M100000US390973869699999,2023.0,LPG,0.0
Jefferson,M100000US390473859899999,2024,LPG,0
Jefferson,M100000US390973869699999,2024,LPG,0
Jefferson,M100000US390473859899999,2025,LPG,0
Jefferson,M100000US390973869699999,2025,LPG,0
Jeffersonville,M100000US3938920,1999,LPG,0
Jeffersonville,M100000US3938920,2000,LPG,0
Jeffersonville,M100000US3938920,2001,LPG,0
Jeffersonville,M100000US3938920,2002,LPG,0
Jeffersonville,M100000US3938920,2003,LPG,0
Jeffersonville,M100000US3938920,2004,LPG,0
Jeffersonville,M100000US3938920,2005,LPG,0
Jeffersonville,M100000US3938920,2006,LPG,0
Jeffersonville,M100000US3938920,2007,LPG,0
Jeffersonville,M100000US3938920,2008,LPG,0
Jeffersonville,M100000US3938920,2009,LPG,0
Jeffersonville,M100000US3938920,2010,LPG,0
Jeffersonville,M100000US3938920,2011,LPG,0
Jeffersonville,M100000US3938920,2012,LPG,0
Jeffersonville,M100000US3938920,2013,LPG,0
Jeffersonville,M100000US3938920,2014,LPG,0
Jeffersonville,M100000US3938920,2015.0,LPG,1.0
Jeffersonville,M100000US3938920,2016,LPG,0
Jeffersonville,M100000US3938920,2017,LPG,0
Jeffersonville,M100000US3938920,2018,LPG,0
Jeffersonville,M100000US3938920,2019,LPG,0
Jeffersonville,M100000US3938920,2020,LPG,0
Jeffersonville,M100000US3938920,2021,LPG,0
Jeffersonville,M100000US3938920,2022,LPG,0
Jeffersonville,M100000US3938920,2023,LPG,0
Jeffersonville,M100000US3938920,2024.0,LPG,0.0
Jeffersonville,M100000US3938920,2025,LPG,0
Jerome,M100000US391593904699999,1999,LPG,0
Jerome,M100000US391593904699999,2000,LPG,0
Jerome,M100000US391593904699999,2001,LPG,0
Jerome,M100000US391593904699999,2002,LPG,0
Jerome,M100000US391593904699999,2003,LPG,0
Jerome,M100000US391593904699999,2004,LPG,0
Jerome,M100000US391593904699999,2005,LPG,0
Jerome,M100000US391593904699999,2006,LPG,0
Jerome,M100000US391593904699999,2007,LPG,0
Jerome,M100000US391593904699999,2008,LPG,0
Jerome,M100000US391593904699999,2009,LPG,0
Jerome,M100000US391593904699999,2010,LPG,0
Jerome,M100000US391593904699999,2011,LPG,0
Jerome,M100000US391593904699999,2012,LPG,0
Jerome,M100000US391593904699999,2013,LPG,0
Jerome,M100000US391593904699999,2014,LPG,0
Jerome,M100000US391593904699999,2015,LPG,0
Jerome,M100000US391593904699999,2016,LPG,0
Jerome,M100000US391593904699999,2017,LPG,0
Jerome,M100000US391593904699999,2018,LPG,0
Jerome,M100000US391593904699999,2019,LPG,0
Jerome,M100000US391593904699999,2020,LPG,0
Jerome,M100000US391593904699999,2021,LPG,0
Jerome,M100000US391593904699999,2022,LPG,0
Jerome,M100000US391593904699999,2023,LPG,0
Jerome,M100000US391593904699999,2024.0,LPG,0.0
Jerome,M100000US391593904699999,2025,LPG,0
Jersey,M100000US390893910299999,1999,LPG,0
Jersey,M100000US390893910299999,2000,LPG,0
Jersey,M100000US390893910299999,2001,LPG,0
Jersey,M100000US390893910299999,2002,LPG,0
Jersey,M100000US390893910299999,2003,LPG,0
Jersey,M100000US390893910299999,2004,LPG,0
Jersey,M100000US390893910299999,2005,LPG,0
Jersey,M100000US390893910299999,2006,LPG,0
Jersey,M100000US390893910299999,2007,LPG,0
Jersey,M100000US390893910299999,2008,LPG,0
Jersey,M100000US390893910299999,2009,LPG,0
Jersey,M100000US390893910299999,2010,LPG,0
Jersey,M100000US390893910299999,2011,LPG,0
Jersey,M100000US390893910299999,2012,LPG,0
Jersey,M100000US390893910299999,2013,LPG,0
Jersey,M100000US390893910299999,2014,LPG,0
Jersey,M100000US390893910299999,2015,LPG,0
Jersey,M100000US390893910299999,2016,LPG,0
Jersey,M100000US390893910299999,2017,LPG,0
Jersey,M100000US390893910299999,2018,LPG,0
Jersey,M100000US390893910299999,2019,LPG,0
Jersey,M100000US390893910299999,2020,LPG,0
Jersey,M100000US390893910299999,2021,LPG,0
Jersey,M100000US390893910299999,2022,LPG,0
Jersey,M100000US390893910299999,2023,LPG,0
Jersey,M100000US390893910299999,2024.0,LPG,0.0
Jersey,M100000US390893910299999,2025,LPG,0
Johnstown,M100000US3939340,1999,LPG,0
Johnstown,M100000US3939340,2000,LPG,0
Johnstown,M100000US3939340,2001,LPG,0
Johnstown,M100000US3939340,2002,LPG,0
Johnstown,M100000US3939340,2003,LPG,0
Johnstown,M100000US3939340,2004,LPG,0
Johnstown,M100000US3939340,2005,LPG,0
Johnstown,M100000US3939340,2006,LPG,0
Johnstown,M100000US3939340,2007,LPG,0
Johnstown,M100000US3939340,2008,LPG,0
Johnstown,M100000US3939340,2009,LPG,0
Johnstown,M100000US3939340,2010,LPG,0
Johnstown,M100000US3939340,2011,LPG,0
Johnstown,M100000US3939340,2012,LPG,0
Johnstown,M100000US3939340,2013,LPG,0
Johnstown,M100000US3939340,2014,LPG,0
Johnstown,M100000US3939340,2015,LPG,0
Johnstown,M100000US3939340,2016,LPG,0
Johnstown,M100000US3939340,2017,LPG,0
Johnstown,M100000US3939340,2018,LPG,0
Johnstown,M100000US3939340,2019,LPG,0
Johnstown,M100000US3939340,2020,LPG,0
Johnstown,M100000US3939340,2021,LPG,0
Johnstown,M100000US3939340,2022.0,LPG,0.0
Johnstown,M100000US3939340,2023,LPG,0
Johnstown,M100000US3939340,2024,LPG,0
Johnstown,M100000US3939340,2025,LPG,0
Kirkersville,M100000US3940572,1999,LPG,0
Kirkersville,M100000US3940572,2000,LPG,0
Kirkersville,M100000US3940572,2001,LPG,0
Kirkersville,M100000US3940572,2002,LPG,0
Kirkersville,M100000US3940572,2003,LPG,0
Kirkersville,M100000US3940572,2004,LPG,0
Kirkersville,M100000US3940572,2005,LPG,0
Kirkersville,M100000US3940572,2006,LPG,0
Kirkersville,M100000US3940572,2007,LPG,0
Kirkersville,M100000US3940572,2008,LPG,0
Kirkersville,M100000US3940572,2009,LPG,0
Kirkersville,M100000US3940572,2010,LPG,0
Kirkersville,M100000US3940572,2011,LPG,0
Kirkersville,M100000US3940572,2012,LPG,0
Kirkersville,M100000US3940572,2013,LPG,0
Kirkersville,M100000US3940572,2014,LPG,0
Kirkersville,M100000US3940572,2015.0,LPG,1.0
Kirkersville,M100000US3940572,2016,LPG,0
Kirkersville,M100000US3940572,2017,LPG,0
Kirkersville,M100000US3940572,2018,LPG,0
Kirkersville,M100000US3940572,2019,LPG,0
Kirkersville,M100000US3940572,2020,LPG,0
Kirkersville,M100000US3940572,2021,LPG,0
Kirkersville,M100000US3940572,2022,LPG,0
Kirkersville,M100000US3940572,2023,LPG,0
Kirkersville,M100000US3940572,2024.0,LPG,0.0
Kirkersville,M100000US3940572,2025,LPG,0
Lancaster,M100000US3941720,1999,LPG,0
Lancaster,M100000US3941720,2000,LPG,0
Lancaster,M100000US3941720,2001,LPG,0
Lancaster,M100000US3941720,2002,LPG,0
Lancaster,M100000US3941720,2003,LPG,0
Lancaster,M100000US3941720,2004,LPG,0
Lancaster,M100000US3941720,2005,LPG,0
Lancaster,M100000US3941720,2006,LPG,0
Lancaster,M100000US3941720,2007,LPG,0
Lancaster,M100000US3941720,2008,LPG,0
Lancaster,M100000US3941720,2009,LPG,0
Lancaster,M100000US3941720,2010,LPG,0
Lancaster,M100000US3941720,2011,LPG,0
Lancaster,M100000US3941720,2012.0,LPG,1.0
Lancaster,M100000US3941720,2013,LPG,0
Lancaster,M100000US3941720,2014.0,LPG,0.0
Lancaster,M100000US3941720,2015,LPG,0
Lancaster,M100000US3941720,2016,LPG,0
Lancaster,M100000US3941720,2017,LPG,0
Lancaster,M100000US3941720,2018,LPG,0
Lancaster,M100000US3941720,2019.0,LPG,0.0
Lancaster,M100000US3941720,2020,LPG,0
Lancaster,M100000US3941720,2021.0,LPG,0.0
Lancaster,M100000US3941720,2022.0,LPG,0.0
Lancaster,M100000US3941720,2023.0,LPG,0.0
Lancaster,M100000US3941720,2024,LPG,0
Lancaster,M100000US3941720,2025,LPG,0
Laurel,M100000US390734205699999,1999,LPG,0
Laurel,M100000US390734205699999,2000,LPG,0
Laurel,M100000US390734205699999,2001,LPG,0
Laurel,M100000US390734205699999,2002,LPG,0
Laurel,M100000US390734205699999,2003,LPG,0
Laurel,M100000US390734205699999,2004,LPG,0
Laurel,M100000US390734205699999,2005,LPG,0
Laurel,M100000US390734205699999,2006,LPG,0
Laurel,M100000US390734205699999,2007,LPG,0
Laurel,M100000US390734205699999,2008,LPG,0
Laurel,M100000US390734205699999,2009,LPG,0
Laurel,M100000US390734205699999,2010,LPG,0
Laurel,M100000US390734205699999,2011,LPG,0
Laurel,M100000US390734205699999,2012,LPG,0
Laurel,M100000US390734205699999,2013,LPG,0
Laurel,M100000US390734205699999,2014,LPG,0
Laurel,M100000US390734205699999,2015.0,LPG,0.0
Laurel,M100000US390734205699999,2016,LPG,0
Laurel,M100000US390734205699999,2017,LPG,0
Laurel,M100000US390734205699999,2018,LPG,0
Laurel,M100000US390734205699999,2019,LPG,0
Laurel,M100000US390734205699999,2020,LPG,0
Laurel,M100000US390734205699999,2021,LPG,0
Laurel,M100000US390734205699999,2022,LPG,0
Laurel,M100000US390734205699999,2023,LPG,0
Laurel,M100000US390734205699999,2024,LPG,0
Laurel,M100000US390734205699999,2025,LPG,0
Liberty,M100000US391594335899999,1999,LPG,0
Liberty,M100000US390414310699999,1999,LPG,0
Liberty,M100000US391594335899999,2000,LPG,0
Liberty,M100000US390414310699999,2000,LPG,0
Liberty,M100000US391594335899999,2001,LPG,0
Liberty,M100000US390414310699999,2001,LPG,0
Liberty,M100000US391594335899999,2002,LPG,0
Liberty,M100000US390414310699999,2002,LPG,0
Liberty,M100000US391594335899999,2003,LPG,0
Liberty,M100000US390414310699999,2003,LPG,0
Liberty,M100000US391594335899999,2004,LPG,0
Liberty,M100000US390414310699999,2004,LPG,0
Liberty,M100000US391594335899999,2005,LPG,0
Liberty,M100000US390414310699999,2005,LPG,0
Liberty,M100000US391594335899999,2006,LPG,0
Liberty,M100000US390414310699999,2006,LPG,0
Liberty,M100000US391594335899999,2007,LPG,0
Liberty,M100000US390414310699999,2007,LPG,0
Liberty,M100000US391594335899999,2008,LPG,0
Liberty,M100000US390414310699999,2008,LPG,0
Liberty,M100000US391594335899999,2009,LPG,0
Liberty,M100000US390414310699999,2009,LPG,0
Liberty,M100000US391594335899999,2010,LPG,0
Liberty,M100000US390414310699999,2010,LPG,0
Liberty,M100000US391594335899999,2011,LPG,0
Liberty,M100000US390414310699999,2011,LPG,0
Liberty,M100000US391594335899999,2012,LPG,0
Liberty,M100000US390414310699999,2012,LPG,0
Liberty,M100000US391594335899999,2013,LPG,0
Liberty,M100000US390414310699999,2013,LPG,0
Liberty,M100000US391594335899999,2014,LPG,0
Liberty,M100000US390414310699999,2014,LPG,0
Liberty,M100000US391594335899999,2015,LPG,0
Liberty,M100000US390414310699999,2015,LPG,0
Liberty,M100000US391594335899999,2016,LPG,0
Liberty,M100000US390414310699999,2016,LPG,0
Liberty,M100000US391594335899999,2017,LPG,0
Liberty,M100000US390414310699999,2017,LPG,0
Liberty,M100000US391594335899999,2018.0,LPG,0.0
Liberty,M100000US390414310699999,2018.0,LPG,0.0
Liberty,M100000US391594335899999,2019,LPG,0
Liberty,M100000US390414310699999,2019,LPG,0
Liberty,M100000US391594335899999,2020,LPG,0
Liberty,M100000US390414310699999,2020,LPG,0
Liberty,M100000US391594335899999,2021.0,LPG,0.0
Liberty,M100000US390414310699999,2021.0,LPG,0.0
Liberty,M100000US391594335899999,2022,LPG,0
Liberty,M100000US390414310699999,2022,LPG,0
Liberty,M100000US391594335899999,2023,LPG,0
Liberty,M100000US390414310699999,2023,LPG,0
Liberty,M100000US391594335899999,2024.0,LPG,0.0
Liberty,M100000US390414310699999,2024.0,LPG,0.0
Liberty,M100000US391594335899999,2025,LPG,0
Liberty,M100000US390414310699999,2025,LPG,0
Logan,M100000US3944632,1999,LPG,0
Logan,M100000US3944632,2000,LPG,0
Logan,M100000US3944632,2001,LPG,0
Logan,M100000US3944632,2002,LPG,0
Logan,M100000US3944632,2003,LPG,0
Logan,M100000US3944632,2004,LPG,0
Logan,M100000US3944632,2005,LPG,0
Logan,M100000US3944632,2006,LPG,0
Logan,M100000US3944632,2007,LPG,0
Logan,M100000US3944632,2008,LPG,0
Logan,M100000US3944632,2009,LPG,0
Logan,M100000US3944632,2010,LPG,0
Logan,M100000US3944632,2011,LPG,0
Logan,M100000US3944632,2012,LPG,0
Logan,M100000US3944632,2013,LPG,0
Logan,M100000US3944632,2014,LPG,0
Logan,M100000US3944632,2015,LPG,0
Logan,M100000US3944632,2016,LPG,0
Logan,M100000US3944632,2017,LPG,0
Logan,M100000US3944632,2018,LPG,0
Logan,M100000US3944632,2019,LPG,0
Logan,M100000US3944632,2020,LPG,0
Logan,M100000US3944632,2021.0,LPG,0.0
Logan,M100000US3944632,2022,LPG,0
Logan,M100000US3944632,2023.0,LPG,0.0
Logan,M100000US3944632,2024,LPG,0
Logan,M100000US3944632,2025,LPG,0
London,M100000US3944674,1999,LPG,0
London,M100000US3944674,2000,LPG,0
London,M100000US3944674,2001,LPG,0
London,M100000US3944674,2002,LPG,0
London,M100000US3944674,2003,LPG,0
London,M100000US3944674,2004,LPG,0
London,M100000US3944674,2005,LPG,0
London,M100000US3944674,2006,LPG,0
London,M100000US3944674,2007,LPG,0
London,M100000US3944674,2008,LPG,0
London,M100000US3944674,2009,LPG,0
London,M100000US3944674,2010,LPG,0
London,M100000US3944674,2011,LPG,0
London,M100000US3944674,2012,LPG,0
London,M100000US3944674,2013,LPG,0
London,M100000US3944674,2014,LPG,0
London,M100000US3944674,2015,LPG,0
London,M100000US3944674,2016,LPG,0
London,M100000US3944674,2017,LPG,0
London,M100000US3944674,2018,LPG,0
London,M100000US3944674,2019,LPG,0
London,M100000US3944674,2020,LPG,0
London,M100000US3944674,2021.0,LPG,0.0
London,M100000US3944674,2022.0,LPG,0.0
London,M100000US3944674,2023.0,LPG,0.0
London,M100000US3944674,2024.0,LPG,0.0
London,M100000US3944674,2025,LPG,0
Marble Cliff,M100000US3947474,1999,LPG,0
Marble Cliff,M100000US3947474,2000,LPG,0
Marble Cliff,M100000US3947474,2001,LPG,0
Marble Cliff,M100000US3947474,2002,LPG,0
Marble Cliff,M100000US3947474,2003,LPG,0
Marble Cliff,M100000US3947474,2004,LPG,0
Marble Cliff,M100000US3947474,2005,LPG,0
Marble Cliff,M100000US3947474,2006,LPG,0
Marble Cliff,M100000US3947474,2007,LPG,0
Marble Cliff,M100000US3947474,2008,LPG,0
Marble Cliff,M100000US3947474,2009,LPG,0
Marble Cliff,M100000US3947474,2010,LPG,0
Marble Cliff,M100000US3947474,2011,LPG,0
Marble Cliff,M100000US3947474,2012,LPG,0
Marble Cliff,M100000US3947474,2013,LPG,0
Marble Cliff,M100000US3947474,2014,LPG,0
Marble Cliff,M100000US3947474,2015,LPG,0
Marble Cliff,M100000US3947474,2016,LPG,0
Marble Cliff,M100000US3947474,2017,LPG,0
Marble Cliff,M100000US3947474,2018,LPG,0
Marble Cliff,M100000US3947474,2019,LPG,0
Marble Cliff,M100000US3947474,2020.0,LPG,0.0
Marble Cliff,M100000US3947474,2021.0,LPG,0.0
Marble Cliff,M100000US3947474,2022,LPG,0
Marble Cliff,M100000US3947474,2023,LPG,0
Marble Cliff,M100000US3947474,2024,LPG,0
Marble Cliff,M100000US3947474,2025,LPG,0
Marion,M100000US391014776899999,1999,LPG,0
Marion,M100000US3947754,1999,LPG,0
Marion,M100000US391014776899999,2000,LPG,0
Marion,M100000US3947754,2000,LPG,0
Marion,M100000US391014776899999,2001,LPG,0
Marion,M100000US3947754,2001,LPG,0
Marion,M100000US391014776899999,2002,LPG,0
Marion,M100000US3947754,2002,LPG,0
Marion,M100000US391014776899999,2003,LPG,0
Marion,M100000US3947754,2003,LPG,0
Marion,M100000US391014776899999,2004,LPG,0
Marion,M100000US3947754,2004,LPG,0
Marion,M100000US391014776899999,2005,LPG,0
Marion,M100000US3947754,2005,LPG,0
Marion,M100000US391014776899999,2006,LPG,0
Marion,M100000US3947754,2006,LPG,0
Marion,M100000US391014776899999,2007,LPG,0
Marion,M100000US3947754,2007,LPG,0
Marion,M100000US391014776899999,2008,LPG,0
Marion,M100000US3947754,2008,LPG,0
Marion,M100000US391014776899999,2009,LPG,0
Marion,M100000US3947754,2009,LPG,0
Marion,M100000US391014776899999,2010,LPG,0
Marion,M100000US3947754,2010,LPG,0
Marion,M100000US391014776899999,2011.0,LPG,0.0
Marion,M100000US3947754,2011.0,LPG,0.0
Marion,M100000US391014776899999,2012,LPG,0
Marion,M100000US3947754,2012,LPG,0
Marion,M100000US391014776899999,2013,LPG,0
Marion,M100000US3947754,2013,LPG,0
Marion,M100000US391014776899999,2014,LPG,0
Marion,M100000US3947754,2014,LPG,0
Marion,M100000US391014776899999,2015,LPG,0
Marion,M100000US3947754,2015,LPG,0
Marion,M100000US391014776899999,2016,LPG,0
Marion,M100000US3947754,2016,LPG,0
Marion,M100000US391014776899999,2017,LPG,0
Marion,M100000US3947754,2017,LPG,0
Marion,M100000US391014776899999,2018,LPG,0
Marion,M100000US3947754,2018,LPG,0
Marion,M100000US391014776899999,2019.0,LPG,0.0
Marion,M100000US3947754,2019.0,LPG,0.0
Marion,M100000US391014776899999,2020.0,LPG,0.0
Marion,M100000US3947754,2020.0,LPG,0.0
Marion,M100000US391014776899999,2021.0,LPG,0.0
Marion,M100000US3947754,2021.0,LPG,0.0
Marion,M100000US391014776899999,2022,LPG,0
Marion,M100000US3947754,2022,LPG,0
Marion,M100000US391014776899999,2023.0,LPG,0.0
Marion,M100000US3947754,2023.0,LPG,0.0
Marion,M100000US391014776899999,2024.0,LPG,0.0
Marion,M100000US3947754,2024.0,LPG,0.0
Marion,M100000US391014776899999,2025,LPG,0
Marion,M100000US3947754,2025,LPG,0
Marysville,M100000US3948160,1999,LPG,0
Marysville,M100000US3948160,2000,LPG,0
Marysville,M100000US3948160,2001,LPG,0
Marysville,M100000US3948160,2002,LPG,0
Marysville,M100000US3948160,2003,LPG,0
Marysville,M100000US3948160,2004,LPG,0
Marysville,M100000US3948160,2005,LPG,0
Marysville,M100000US3948160,2006,LPG,0
Marysville,M100000US3948160,2007,LPG,0
Marysville,M100000US3948160,2008,LPG,0
Marysville,M100000US3948160,2009,LPG,0
Marysville,M100000US3948160,2010,LPG,0
Marysville,M100000US3948160,2011,LPG,0
Marysville,M100000US3948160,2012,LPG,0
Marysville,M100000US3948160,2013,LPG,0
Marysville,M100000US3948160,2014,LPG,0
Marysville,M100000US3948160,2015,LPG,0
Marysville,M100000US3948160,2016,LPG,0
Marysville,M100000US3948160,2017,LPG,0
Marysville,M100000US3948160,2018,LPG,0
Marysville,M100000US3948160,2019,LPG,0
Marysville,M100000US3948160,2020.0,LPG,0.0
Marysville,M100000US3948160,2021,LPG,0
Marysville,M100000US3948160,2022.0,LPG,0.0
Marysville,M100000US3948160,2023.0,LPG,0.0
Marysville,M100000US3948160,2024.0,LPG,0.0
Marysville,M100000US3948160,2025.0,LPG,0.0
Mount Vernon,M100000US3953102,1999,LPG,0
Mount Vernon,M100000US3953102,2000,LPG,0
Mount Vernon,M100000US3953102,2001,LPG,0
Mount Vernon,M100000US3953102,2002,LPG,0
Mount Vernon,M100000US3953102,2003,LPG,0
Mount Vernon,M100000US3953102,2004,LPG,0
Mount Vernon,M100000US3953102,2005,LPG,0
Mount Vernon,M100000US3953102,2006,LPG,0
Mount Vernon,M100000US3953102,2007,LPG,0
Mount Vernon,M100000US3953102,2008,LPG,0
Mount Vernon,M100000US3953102,2009,LPG,0
Mount Vernon,M100000US3953102,2010,LPG,0
Mount Vernon,M100000US3953102,2011,LPG,0
Mount Vernon,M100000US3953102,2012,LPG,0
Mount Vernon,M100000US3953102,2013,LPG,0
Mount Vernon,M100000US3953102,2014.0,LPG,0.0
Mount Vernon,M100000US3953102,2015,LPG,0
Mount Vernon,M100000US3953102,2016,LPG,0
Mount Vernon,M100000US3953102,2017,LPG,0
Mount Vernon,M100000US3953102,2018,LPG,0
Mount Vernon,M100000US3953102,2019,LPG,0
Mount Vernon,M100000US3953102,2020,LPG,0
Mount Vernon,M100000US3953102,2021.0,LPG,0.0
Mount Vernon,M100000US3953102,2022,LPG,0
Mount Vernon,M100000US3953102,2023,LPG,0
Mount Vernon,M100000US3953102,2024.0,LPG,0.0
Mount Vernon,M100000US3953102,2025,LPG,0
New Albany,M100000US3953970,1999,LPG,0
New Albany,M100000US3953970,2000,LPG,0
New Albany,M100000US3953970,2001,LPG,0
New Albany,M100000US3953970,2002,LPG,0
New Albany,M100000US3953970,2003,LPG,0
New Albany,M100000US3953970,2004,LPG,0
New Albany,M100000US3953970,2005,LPG,0
New Albany,M100000US3953970,2006,LPG,0
New Albany,M100000US3953970,2007,LPG,0
New Albany,M100000US3953970,2008,LPG,0
New Albany,M100000US3953970,2009,LPG,0
New Albany,M100000US3953970,2010,LPG,0
New Albany,M100000US3953970,2011,LPG,0
New Albany,M100000US3953970,2012,LPG,0
New Albany,M100000US3953970,2013,LPG,0
New Albany,M100000US3953970,2014,LPG,0
New Albany,M100000US3953970,2015,LPG,0
New Albany,M100000US3953970,2016,LPG,0
New Albany,M100000US3953970,2017,LPG,0
New Albany,M100000US3953970,2018,LPG,0
New Albany,M100000US3953970,2019,LPG,0
New Albany,M100000US3953970,2020.0,LPG,0.0
New Albany,M100000US3953970,2021.0,LPG,0.0
New Albany,M100000US3953970,2022.0,LPG,0.0
New Albany,M100000US3953970,2023.0,LPG,0.0
New Albany,M100000US3953970,2024.0,LPG,0.0
New Albany,M100000US3953970,2025,LPG,0
New Holland,M100000US3954726,1999,LPG,0
New Holland,M100000US3954726,2000,LPG,0
New Holland,M100000US3954726,2001,LPG,0
New Holland,M100000US3954726,2002,LPG,0
New Holland,M100000US3954726,2003,LPG,0
New Holland,M100000US3954726,2004,LPG,0
New Holland,M100000US3954726,2005,LPG,0
New Holland,M100000US3954726,2006,LPG,0
New Holland,M100000US3954726,2007,LPG,0
New Holland,M100000US3954726,2008,LPG,0
New Holland,M100000US3954726,2009,LPG,0
New Holland,M100000US3954726,2010,LPG,0
New Holland,M100000US3954726,2011,LPG,0
New Holland,M100000US3954726,2012,LPG,0
New Holland,M100000US3954726,2013,LPG,0
New Holland,M100000US3954726,2014,LPG,0
New Holland,M100000US3954726,2015,LPG,0
New Holland,M100000US3954726,2016,LPG,0
New Holland,M100000US3954726,2017,LPG,0
New Holland,M100000US3954726,2018,LPG,0
New Holland,M100000US3954726,2019,LPG,0
New Holland,M100000US3954726,2020,LPG,0
New Holland,M100000US3954726,2021,LPG,0
New Holland,M100000US3954726,2022,LPG,0
New Holland,M100000US3954726,2023.0,LPG,0.0
New Holland,M100000US3954726,2024,LPG,0
New Holland,M100000US3954726,2025,LPG,0
Newark,M100000US3954040,1999,LPG,0
Newark,M100000US390895405499999,1999,LPG,0
Newark,M100000US3954040,2000.0,LPG,1.0
Newark,M100000US390895405499999,2000.0,LPG,1.0
Newark,M100000US3954040,2001,LPG,0
Newark,M100000US390895405499999,2001,LPG,0
Newark,M100000US3954040,2002,LPG,0
Newark,M100000US390895405499999,2002,LPG,0
Newark,M100000US3954040,2003,LPG,0
Newark,M100000US390895405499999,2003,LPG,0
Newark,M100000US3954040,2004,LPG,0
Newark,M100000US390895405499999,2004,LPG,0
Newark,M100000US3954040,2005,LPG,0
Newark,M100000US390895405499999,2005,LPG,0
Newark,M100000US3954040,2006,LPG,0
Newark,M100000US390895405499999,2006,LPG,0
Newark,M100000US3954040,2007,LPG,0
Newark,M100000US390895405499999,2007,LPG,0
Newark,M100000US3954040,2008,LPG,0
Newark,M100000US390895405499999,2008,LPG,0
Newark,M100000US3954040,2009,LPG,0
Newark,M100000US390895405499999,2009,LPG,0
Newark,M100000US3954040,2010,LPG,0
Newark,M100000US390895405499999,2010,LPG,0
Newark,M100000US3954040,2011.0,LPG,0.0
Newark,M100000US390895405499999,2011.0,LPG,0.0
Newark,M100000US3954040,2012,LPG,0
Newark,M100000US390895405499999,2012,LPG,0
Newark,M100000US3954040,2013.0,LPG,1.0
Newark,M100000US390895405499999,2013.0,LPG,1.0
Newark,M100000US3954040,2014,LPG,0
Newark,M100000US390895405499999,2014,LPG,0
Newark,M100000US3954040,2015,LPG,0
Newark,M100000US390895405499999,2015,LPG,0
Newark,M100000US3954040,2016,LPG,0
Newark,M100000US390895405499999,2016,LPG,0
Newark,M100000US3954040,2017,LPG,0
Newark,M100000US390895405499999,2017,LPG,0
Newark,M100000US3954040,2018,LPG,0
Newark,M100000US390895405499999,2018,LPG,0
Newark,M100000US3954040,2019,LPG,0
Newark,M100000US390895405499999,2019,LPG,0
Newark,M100000US3954040,2020.0,LPG,0.0
Newark,M100000US390895405499999,2020.0,LPG,0.0
Newark,M100000US3954040,2021.0,LPG,0.0
Newark,M100000US390895405499999,2021.0,LPG,0.0
Newark,M100000US3954040,2022.0,LPG,0.0
Newark,M100000US390895405499999,2022.0,LPG,0.0
Newark,M100000US3954040,2023.0,LPG,0.0
Newark,M100000US390895405499999,2023.0,LPG,0.0
Newark,M100000US3954040,2024,LPG,0
Newark,M100000US390895405499999,2024,LPG,0
Newark,M100000US3954040,2025,LPG,0
Newark,M100000US390895405499999,2025,LPG,0
Obetz,M100000US3957862,1999,LPG,0
Obetz,M100000US3957862,2000,LPG,0
Obetz,M100000US3957862,2001,LPG,0
Obetz,M100000US3957862,2002,LPG,0
Obetz,M100000US3957862,2003,LPG,0
Obetz,M100000US3957862,2004,LPG,0
Obetz,M100000US3957862,2005,LPG,0
Obetz,M100000US3957862,2006,LPG,0
Obetz,M100000US3957862,2007,LPG,0
Obetz,M100000US3957862,2008,LPG,0
Obetz,M100000US3957862,2009,LPG,0
Obetz,M100000US3957862,2010,LPG,0
Obetz,M100000US3957862,2011,LPG,0
Obetz,M100000US3957862,2012,LPG,0
Obetz,M100000US3957862,2013,LPG,0
Obetz,M100000US3957862,2014,LPG,0
Obetz,M100000US3957862,2015.0,LPG,0.0
Obetz,M100000US3957862,2016,LPG,0
Obetz,M100000US3957862,2017,LPG,0
Obetz,M100000US3957862,2018,LPG,0
Obetz,M100000US3957862,2019,LPG,0
Obetz,M100000US3957862,2020,LPG,0
Obetz,M100000US3957862,2021,LPG,0
Obetz,M100000US3957862,2022,LPG,0
Obetz,M100000US3957862,2023,LPG,0
Obetz,M100000US3957862,2024,LPG,0
Obetz,M100000US3957862,2025,LPG,0
Octa,M100000US3957918,1999,LPG,0
Octa,M100000US3957918,2000,LPG,0
Octa,M100000US3957918,2001,LPG,0
Octa,M100000US3957918,2002,LPG,0
Octa,M100000US3957918,2003,LPG,0
Octa,M100000US3957918,2004,LPG,0
Octa,M100000US3957918,2005,LPG,0
Octa,M100000US3957918,2006,LPG,0
Octa,M100000US3957918,2007,LPG,0
Octa,M100000US3957918,2008,LPG,0
Octa,M100000US3957918,2009,LPG,0
Octa,M100000US3957918,2010,LPG,0
Octa,M100000US3957918,2011,LPG,0
Octa,M100000US3957918,2012,LPG,0
Octa,M100000US3957918,2013,LPG,0
Octa,M100000US3957918,2014.0,LPG,0.0
Octa,M100000US3957918,2015,LPG,0
Octa,M100000US3957918,2016,LPG,0
Octa,M100000US3957918,2017,LPG,0
Octa,M100000US3957918,2018,LPG,0
Octa,M100000US3957918,2019,LPG,0
Octa,M100000US3957918,2020,LPG,0
Octa,M100000US3957918,2021,LPG,0
Octa,M100000US3957918,2022,LPG,0
Octa,M100000US3957918,2023,LPG,0
Octa,M100000US3957918,2024,LPG,0
Octa,M100000US3957918,2025,LPG,0
Orange,M100000US390415861899999,1999,LPG,0
Orange,M100000US390415861899999,2000,LPG,0
Orange,M100000US390415861899999,2001,LPG,0
Orange,M100000US390415861899999,2002,LPG,0
Orange,M100000US390415861899999,2003,LPG,0
Orange,M100000US390415861899999,2004,LPG,0
Orange,M100000US390415861899999,2005,LPG,0
Orange,M100000US390415861899999,2006,LPG,0
Orange,M100000US390415861899999,2007,LPG,0
Orange,M100000US390415861899999,2008.0,LPG,0.0
Orange,M100000US390415861899999,2009,LPG,0
Orange,M100000US390415861899999,2010,LPG,0
Orange,M100000US390415861899999,2011,LPG,0
Orange,M100000US390415861899999,2012,LPG,0
Orange,M100000US390415861899999,2013,LPG,0
Orange,M100000US390415861899999,2014,LPG,0
Orange,M100000US390415861899999,2015,LPG,0
Orange,M100000US390415861899999,2016,LPG,0
Orange,M100000US390415861899999,2017.0,LPG,0.0
Orange,M100000US390415861899999,2018,LPG,0
Orange,M100000US390415861899999,2019,LPG,0
Orange,M100000US390415861899999,2020.0,LPG,0.0
Orange,M100000US390415861899999,2021,LPG,0
Orange,M100000US390415861899999,2022.0,LPG,0.0
Orange,M100000US390415861899999,2023.0,LPG,0.0
Orange,M100000US390415861899999,2024.0,LPG,0.0
Orange,M100000US390415861899999,2025,LPG,0
Pataskala,M100000US3961112,1999,LPG,0
Pataskala,M100000US3961112,2000,LPG,0
Pataskala,M100000US3961112,2001,LPG,0
Pataskala,M100000US3961112,2002,LPG,0
Pataskala,M100000US3961112,2003,LPG,0
Pataskala,M100000US3961112,2004,LPG,0
Pataskala,M100000US3961112,2005,LPG,0
Pataskala,M100000US3961112,2006,LPG,0
Pataskala,M100000US3961112,2007,LPG,0
Pataskala,M100000US3961112,2008,LPG,0
Pataskala,M100000US3961112,2009,LPG,0
Pataskala,M100000US3961112,2010,LPG,0
Pataskala,M100000US3961112,2011,LPG,0
Pataskala,M100000US3961112,2012,LPG,0
Pataskala,M100000US3961112,2013,LPG,0
Pataskala,M100000US3961112,2014,LPG,0
Pataskala,M100000US3961112,2015,LPG,0
Pataskala,M100000US3961112,2016,LPG,0
Pataskala,M100000US3961112,2017,LPG,0
Pataskala,M100000US3961112,2018,LPG,0
Pataskala,M100000US3961112,2019,LPG,0
Pataskala,M100000US3961112,2020,LPG,0
Pataskala,M100000US3961112,2021,LPG,0
Pataskala,M100000US3961112,2022,LPG,0
Pataskala,M100000US3961112,2023,LPG,0
Pataskala,M100000US3961112,2024.0,LPG,0.0
Pataskala,M100000US3961112,2025,LPG,0
Perry,M100000US390916193899999,1999,LPG,0
Perry,M100000US390916193899999,2000,LPG,0
Perry,M100000US390916193899999,2001,LPG,0
Perry,M100000US390916193899999,2002,LPG,0
Perry,M100000US390916193899999,2003,LPG,0
Perry,M100000US390916193899999,2004,LPG,0
Perry,M100000US390916193899999,2005,LPG,0
Perry,M100000US390916193899999,2006,LPG,0
Perry,M100000US390916193899999,2007,LPG,0
Perry,M100000US390916193899999,2008,LPG,0
Perry,M100000US390916193899999,2009,LPG,0
Perry,M100000US390916193899999,2010,LPG,0
Perry,M100000US390916193899999,2011,LPG,0
Perry,M100000US390916193899999,2012,LPG,0
Perry,M100000US390916193899999,2013,LPG,0
Perry,M100000US390916193899999,2014,LPG,0
Perry,M100000US390916193899999,2015,LPG,0
Perry,M100000US390916193899999,2016,LPG,0
Perry,M100000US390916193899999,2017,LPG,0
Perry,M100000US390916193899999,2018,LPG,0
Perry,M100000US390916193899999,2019.0,LPG,0.0
Perry,M100000US390916193899999,2020,LPG,0
Perry,M100000US390916193899999,2021.0,LPG,0.0
Perry,M100000US390916193899999,2022,LPG,0
Perry,M100000US390916193899999,2023,LPG,0
Perry,M100000US390916193899999,2024,LPG,0
Perry,M100000US390916193899999,2025,LPG,0
Pickerington,M100000US3962498,1999,LPG,0
Pickerington,M100000US3962498,2000,LPG,0
Pickerington,M100000US3962498,2001,LPG,0
Pickerington,M100000US3962498,2002,LPG,0
Pickerington,M100000US3962498,2003,LPG,0
Pickerington,M100000US3962498,2004,LPG,0
Pickerington,M100000US3962498,2005,LPG,0
Pickerington,M100000US3962498,2006,LPG,0
Pickerington,M100000US3962498,2007,LPG,0
Pickerington,M100000US3962498,2008,LPG,0
Pickerington,M100000US3962498,2009,LPG,0
Pickerington,M100000US3962498,2010,LPG,0
Pickerington,M100000US3962498,2011,LPG,0
Pickerington,M100000US3962498,2012,LPG,0
Pickerington,M100000US3962498,2013,LPG,0
Pickerington,M100000US3962498,2014,LPG,0
Pickerington,M100000US3962498,2015,LPG,0
Pickerington,M100000US3962498,2016,LPG,0
Pickerington,M100000US3962498,2017,LPG,0
Pickerington,M100000US3962498,2018,LPG,0
Pickerington,M100000US3962498,2019,LPG,0
Pickerington,M100000US3962498,2020,LPG,0
Pickerington,M100000US3962498,2021.0,LPG,0.0
Pickerington,M100000US3962498,2022.0,LPG,0.0
Pickerington,M100000US3962498,2023,LPG,0
Pickerington,M100000US3962498,2024.0,LPG,0.0
Pickerington,M100000US3962498,2025,LPG,0
Powell,M100000US3964486,1999,LPG,0
Powell,M100000US3964486,2000,LPG,0
Powell,M100000US3964486,2001,LPG,0
Powell,M100000US3964486,2002,LPG,0
Powell,M100000US3964486,2003,LPG,0
Powell,M100000US3964486,2004,LPG,0
Powell,M100000US3964486,2005,LPG,0
Powell,M100000US3964486,2006,LPG,0
Powell,M100000US3964486,2007,LPG,0
Powell,M100000US3964486,2008,LPG,0
Powell,M100000US3964486,2009,LPG,0
Powell,M100000US3964486,2010,LPG,0
Powell,M100000US3964486,2011,LPG,0
Powell,M100000US3964486,2012,LPG,0
Powell,M100000US3964486,2013,LPG,0
Powell,M100000US3964486,2014,LPG,0
Powell,M100000US3964486,2015,LPG,0
Powell,M100000US3964486,2016,LPG,0
Powell,M100000US3964486,2017,LPG,0
Powell,M100000US3964486,2018.0,LPG,0.0
Powell,M100000US3964486,2019.0,LPG,0.0
Powell,M100000US3964486,2020,LPG,0
Powell,M100000US3964486,2021.0,LPG,0.0
Powell,M100000US3964486,2022,LPG,0
Powell,M100000US3964486,2023.0,LPG,0.0
Powell,M100000US3964486,2024.0,LPG,0.0
Powell,M100000US3964486,2025,LPG,0
Reynoldsburg,M100000US3966390,1999,LPG,0
Reynoldsburg,M100000US3966390,2000,LPG,0
Reynoldsburg,M100000US3966390,2001,LPG,0
Reynoldsburg,M100000US3966390,2002,LPG,0
Reynoldsburg,M100000US3966390,2003,LPG,0
Reynoldsburg,M100000US3966390,2004,LPG,0
Reynoldsburg,M100000US3966390,2005,LPG,0
Reynoldsburg,M100000US3966390,2006,LPG,0
Reynoldsburg,M100000US3966390,2007,LPG,0
Reynoldsburg,M100000US3966390,2008,LPG,0
Reynoldsburg,M100000US3966390,2009,LPG,0
Reynoldsburg,M100000US3966390,2010,LPG,0
Reynoldsburg,M100000US3966390,2011,LPG,0
Reynoldsburg,M100000US3966390,2012,LPG,0
Reynoldsburg,M100000US3966390,2013,LPG,0
Reynoldsburg,M100000US3966390,2014,LPG,0
Reynoldsburg,M100000US3966390,2015,LPG,0
Reynoldsburg,M100000US3966390,2016,LPG,0
Reynoldsburg,M100000US3966390,2017.0,LPG,0.0
Reynoldsburg,M100000US3966390,2018,LPG,0
Reynoldsburg,M100000US3966390,2019,LPG,0
Reynoldsburg,M100000US3966390,2020.0,LPG,0.0
Reynoldsburg,M100000US3966390,2021.0,LPG,0.0
Reynoldsburg,M100000US3966390,2022,LPG,0
Reynoldsburg,M100000US3966390,2023,LPG,0
Reynoldsburg,M100000US3966390,2024.0,LPG,0.0
Reynoldsburg,M100000US3966390,2025,LPG,0
Somerset,M100000US3972977,1999,LPG,0
Somerset,M100000US3972977,2000,LPG,0
Somerset,M100000US3972977,2001,LPG,0
Somerset,M100000US3972977,2002,LPG,0
Somerset,M100000US3972977,2003,LPG,0
Somerset,M100000US3972977,2004,LPG,0
Somerset,M100000US3972977,2005,LPG,0
Somerset,M100000US3972977,2006,LPG,0
Somerset,M100000US3972977,2007,LPG,0
Somerset,M100000US3972977,2008,LPG,0
Somerset,M100000US3972977,2009,LPG,0
Somerset,M100000US3972977,2010,LPG,0
Somerset,M100000US3972977,2011,LPG,0
Somerset,M100000US3972977,2012,LPG,0
Somerset,M100000US3972977,2013,LPG,0
Somerset,M100000US3972977,2014,LPG,0
Somerset,M100000US3972977,2015,LPG,0
Somerset,M100000US3972977,2016,LPG,0
Somerset,M100000US3972977,2017,LPG,0
Somerset,M100000US3972977,2018,LPG,0
Somerset,M100000US3972977,2019.0,LPG,0.0
Somerset,M100000US3972977,2020,LPG,0
Somerset,M100000US3972977,2021,LPG,0
Somerset,M100000US3972977,2022,LPG,0
Somerset,M100000US3972977,2023,LPG,0
Somerset,M100000US3972977,2024,LPG,0
Somerset,M100000US3972977,2025,LPG,0
Sunbury,M100000US3975602,1999,LPG,0
Sunbury,M100000US3975602,2000,LPG,0
Sunbury,M100000US3975602,2001,LPG,0
Sunbury,M100000US3975602,2002,LPG,0
Sunbury,M100000US3975602,2003,LPG,0
Sunbury,M100000US3975602,2004,LPG,0
Sunbury,M100000US3975602,2005,LPG,0
Sunbury,M100000US3975602,2006,LPG,0
Sunbury,M100000US3975602,2007,LPG,0
Sunbury,M100000US3975602,2008,LPG,0
Sunbury,M100000US3975602,2009,LPG,0
Sunbury,M100000US3975602,2010,LPG,0
Sunbury,M100000US3975602,2011,LPG,0
Sunbury,M100000US3975602,2012,LPG,0
Sunbury,M100000US3975602,2013,LPG,0
Sunbury,M100000US3975602,2014,LPG,0
Sunbury,M100000US3975602,2015,LPG,0
Sunbury,M100000US3975602,2016,LPG,0
Sunbury,M100000US3975602,2017,LPG,0
Sunbury,M100000US3975602,2018,LPG,0
Sunbury,M100000US3975602,2019,LPG,0
Sunbury,M100000US3975602,2020.0,LPG,0.0
Sunbury,M100000US3975602,2021,LPG,0
Sunbury,M100000US3975602,2022,LPG,0
Sunbury,M100000US3975602,2023,LPG,0
Sunbury,M100000US3975602,2024,LPG,0
Sunbury,M100000US3975602,2025,LPG,0
Union,M100000US391417854099999,1999,LPG,0
Union,M100000US390897840099999,1999,LPG,0
Union,M100000US391417854099999,2000,LPG,0
Union,M100000US390897840099999,2000,LPG,0
Union,M100000US391417854099999,2001,LPG,0
Union,M100000US390897840099999,2001,LPG,0
Union,M100000US391417854099999,2002,LPG,0
Union,M100000US390897840099999,2002,LPG,0
Union,M100000US391417854099999,2003,LPG,0
Union,M100000US390897840099999,2003,LPG,0
Union,M100000US391417854099999,2004,LPG,0
Union,M100000US390897840099999,2004,LPG,0
Union,M100000US391417854099999,2005,LPG,0
Union,M100000US390897840099999,2005,LPG,0
Union,M100000US391417854099999,2006,LPG,0
Union,M100000US390897840099999,2006,LPG,0
Union,M100000US391417854099999,2007,LPG,0
Union,M100000US390897840099999,2007,LPG,0
Union,M100000US391417854099999,2008,LPG,0
Union,M100000US390897840099999,2008,LPG,0
Union,M100000US391417854099999,2009.0,LPG,0.0
Union,M100000US390897840099999,2009.0,LPG,0.0
Union,M100000US391417854099999,2010,LPG,0
Union,M100000US390897840099999,2010,LPG,0
Union,M100000US391417854099999,2011,LPG,0
Union,M100000US390897840099999,2011,LPG,0
Union,M100000US391417854099999,2012,LPG,0
Union,M100000US390897840099999,2012,LPG,0
Union,M100000US391417854099999,2013,LPG,0
Union,M100000US390897840099999,2013,LPG,0
Union,M100000US391417854099999,2014,LPG,0
Union,M100000US390897840099999,2014,LPG,0
Union,M100000US391417854099999,2015.0,LPG,0.0
Union,M100000US390897840099999,2015.0,LPG,0.0
Union,M100000US391417854099999,2016,LPG,0
Union,M100000US390897840099999,2016,LPG,0
Union,M100000US391417854099999,2017,LPG,0
Union,M100000US390897840099999,2017,LPG,0
Union,M100000US391417854099999,2018,LPG,0
Union,M100000US390897840099999,2018,LPG,0
Union,M100000US391417854099999,2019,LPG,0
Union,M100000US390897840099999,2019,LPG,0
Union,M100000US391417854099999,2020,LPG,0
Union,M100000US390897840099999,2020,LPG,0
Union,M100000US391417854099999,2021,LPG,0
Union,M100000US390897840099999,2021,LPG,0
Union,M100000US391417854099999,2022,LPG,0
Union,M100000US390897840099999,2022,LPG,0
Union,M100000US391417854099999,2023,LPG,0
Union,M100000US390897840099999,2023,LPG,0
Union,M100000US391417854099999,2024,LPG,0
Union,M100000US390897840099999,2024,LPG,0
Union,M100000US391417854099999,2025,LPG,0
Union,M100000US390897840099999,2025,LPG,0
Upper Arlington,M100000US3979002,1999,LPG,0
Upper Arlington,M100000US3979002,2000,LPG,0
Upper Arlington,M100000US3979002,2001,LPG,0
Upper Arlington,M100000US3979002,2002,LPG,0
Upper Arlington,M100000US3979002,2003,LPG,0
Upper Arlington,M100000US3979002,2004,LPG,0
Upper Arlington,M100000US3979002,2005,LPG,0
Upper Arlington,M100000US3979002,2006,LPG,0
Upper Arlington,M100000US3979002,2007,LPG,0
Upper Arlington,M100000US3979002,2008,LPG,0
Upper Arlington,M100000US3979002,2009,LPG,0
Upper Arlington,M100000US3979002,2010,LPG,0
Upper Arlington,M100000US3979002,2011,LPG,0
Upper Arlington,M100000US3979002,2012,LPG,0
Upper Arlington,M100000US3979002,2013,LPG,0
Upper Arlington,M100000US3979002,2014,LPG,0
Upper Arlington,M100000US3979002,2015,LPG,0
Upper Arlington,M100000US3979002,2016,LPG,0
Upper Arlington,M100000US3979002,2017,LPG,0
Upper Arlington,M100000US3979002,2018,LPG,0
Upper Arlington,M100000US3979002,2019.0,LPG,0.0
Upper Arlington,M100000US3979002,2020.0,LPG,0.0
Upper Arlington,M100000US3979002,2021.0,LPG,0.0
Upper Arlington,M100000US3979002,2022,LPG,0
Upper Arlington,M100000US3979002,2023,LPG,0
Upper Arlington,M100000US3979002,2024.0,LPG,0.0
Upper Arlington,M100000US3979002,2025,LPG,0
Washington,M100000US390918142499999,1999,LPG,0
Washington,M100000US390738135499999,1999,LPG,0
Washington,M100000US390918142499999,2000,LPG,0
Washington,M100000US390738135499999,2000,LPG,0
Washington,M100000US390918142499999,2001,LPG,0
Washington,M100000US390738135499999,2001,LPG,0
Washington,M100000US390918142499999,2002,LPG,0
Washington,M100000US390738135499999,2002,LPG,0
Washington,M100000US390918142499999,2003,LPG,0
Washington,M100000US390738135499999,2003,LPG,0
Washington,M100000US390918142499999,2004,LPG,0
Washington,M100000US390738135499999,2004,LPG,0
Washington,M100000US390918142499999,2005,LPG,0
Washington,M100000US390738135499999,2005,LPG,0
Washington,M100000US390918142499999,2006,LPG,0
Washington,M100000US390738135499999,2006,LPG,0
Washington,M100000US390918142499999,2007,LPG,0
Washington,M100000US390738135499999,2007,LPG,0
Washington,M100000US390918142499999,2008,LPG,0
Washington,M100000US390738135499999,2008,LPG,0
Washington,M100000US390918142499999,2009,LPG,0
Washington,M100000US390738135499999,2009,LPG,0
Washington,M100000US390918142499999,2010,LPG,0
Washington,M100000US390738135499999,2010,LPG,0
Washington,M100000US390918142499999,2011,LPG,0
Washington,M100000US390738135499999,2011,LPG,0
Washington,M100000US390918142499999,2012,LPG,0
Washington,M100000US390738135499999,2012,LPG,0
Washington,M100000US390918142499999,2013,LPG,0
Washington,M100000US390738135499999,2013,LPG,0
Washington,M100000US390918142499999,2014,LPG,0
Washington,M100000US390738135499999,2014,LPG,0
Washington,M100000US390918142499999,2015,LPG,0
Washington,M100000US390738135499999,2015,LPG,0
Washington,M100000US390918142499999,2016,LPG,0
Washington,M100000US390738135499999,2016,LPG,0
Washington,M100000US390918142499999,2017,LPG,0
Washington,M100000US390738135499999,2017,LPG,0
Washington,M100000US390918142499999,2018.0,LPG,0.0
Washington,M100000US390738135499999,2018.0,LPG,0.0
Washington,M100000US390918142499999,2019,LPG,0
Washington,M100000US390738135499999,2019,LPG,0
Washington,M100000US390918142499999,2020.0,LPG,0.0
Washington,M100000US390738135499999,2020.0,LPG,0.0
Washington,M100000US390918142499999,2021.0,LPG,0.0
Washington,M100000US390738135499999,2021.0,LPG,0.0
Washington,M100000US390918142499999,2022,LPG,0
Washington,M100000US390738135499999,2022,LPG,0
Washington,M100000US390918142499999,2023.0,LPG,0.0
Washington,M100000US390738135499999,2023.0,LPG,0.0
Washington,M100000US390918142499999,2024.0,LPG,0.0
Washington,M100000US390738135499999,2024.0,LPG,0.0
Washington,M100000US390918142499999,2025,LPG,0
Washington,M100000US390738135499999,2025,LPG,0
Washington Court House,M100000US3981718,1999,LPG,0
Washington Court House,M100000US3981718,2000,LPG,0
Washington Court House,M100000US3981718,2001,LPG,0
Washington Court House,M100000US3981718,2002,LPG,0
Washington Court House,M100000US3981718,2003,LPG,0
Washington Court House,M100000US3981718,2004,LPG,0
Washington Court House,M100000US3981718,2005,LPG,0
Washington Court House,M100000US3981718,2006,LPG,0
Washington Court House,M100000US3981718,2007,LPG,0
Washington Court House,M100000US3981718,2008,LPG,0
Washington Court House,M100000US3981718,2009,LPG,0
Washington Court House,M100000US3981718,2010,LPG,0
Washington Court House,M100000US3981718,2011,LPG,0
Washington Court House,M100000US3981718,2012,LPG,0
Washington Court House,M100000US3981718,2013,LPG,0
Washington Court House,M100000US3981718,2014,LPG,0
Washington Court House,M100000US3981718,2015,LPG,0
Washington Court House,M100000US3981718,2016,LPG,0
Washington Court House,M100000US3981718,2017,LPG,0
Washington Court House,M100000US3981718,2018,LPG,0
Washington Court House,M100000US3981718,2019,LPG,0
Washington Court House,M100000US3981718,2020,LPG,0
Washington Court House,M100000US3981718,2021,LPG,0
Washington Court House,M100000US3981718,2022.0,LPG,0.0
Washington Court House,M100000US3981718,2023,LPG,0
Washington Court House,M100000US3981718,2024,LPG,0
Washington Court House,M100000US3981718,2025,LPG,0
Wayne,M100000US390838219499999,1999,LPG,0
Wayne,M100000US390838219499999,2000,LPG,0
Wayne,M100000US390838219499999,2001,LPG,0
Wayne,M100000US390838219499999,2002,LPG,0
Wayne,M100000US390838219499999,2003,LPG,0
Wayne,M100000US390838219499999,2004,LPG,0
Wayne,M100000US390838219499999,2005,LPG,0
Wayne,M100000US390838219499999,2006,LPG,0
Wayne,M100000US390838219499999,2007,LPG,0
Wayne,M100000US390838219499999,2008,LPG,0
Wayne,M100000US390838219499999,2009,LPG,0
Wayne,M100000US390838219499999,2010,LPG,0
Wayne,M100000US390838219499999,2011,LPG,0
Wayne,M100000US390838219499999,2012,LPG,0
Wayne,M100000US390838219499999,2013,LPG,0
Wayne,M100000US390838219499999,2014,LPG,0
Wayne,M100000US390838219499999,2015,LPG,0
Wayne,M100000US390838219499999,2016,LPG,0
Wayne,M100000US390838219499999,2017.0,LPG,1.0
Wayne,M100000US390838219499999,2018,LPG,0
Wayne,M100000US390838219499999,2019,LPG,0
Wayne,M100000US390838219499999,2020,LPG,0
Wayne,M100000US390838219499999,2021,LPG,0
Wayne,M100000US390838219499999,2022,LPG,0
Wayne,M100000US390838219499999,2023,LPG,0
Wayne,M100000US390838219499999,2024,LPG,0
Wayne,M100000US390838219499999,2025,LPG,0
West Jefferson,M100000US3983580,1999,LPG,0
West Jefferson,M100000US3983580,2000,LPG,0
West Jefferson,M100000US3983580,2001,LPG,0
West Jefferson,M100000US3983580,2002,LPG,0
West Jefferson,M100000US3983580,2003,LPG,0
West Jefferson,M100000US3983580,2004,LPG,0
West Jefferson,M100000US3983580,2005,LPG,0
West Jefferson,M100000US3983580,2006,LPG,0
West Jefferson,M100000US3983580,2007,LPG,0
West Jefferson,M100000US3983580,2008,LPG,0
West Jefferson,M100000US3983580,2009,LPG,0
West Jefferson,M100000US3983580,2010,LPG,0
West Jefferson,M100000US3983580,2011,LPG,0
West Jefferson,M100000US3983580,2012,LPG,0
West Jefferson,M100000US3983580,2013,LPG,0
West Jefferson,M100000US3983580,2014,LPG,0
West Jefferson,M100000US3983580,2015,LPG,0
West Jefferson,M100000US3983580,2016.0,LPG,0.0
West Jefferson,M100000US3983580,2017,LPG,0
West Jefferson,M100000US3983580,2018,LPG,0
West Jefferson,M100000US3983580,2019,LPG,0
West Jefferson,M100000US3983580,2020,LPG,0
West Jefferson,M100000US3983580,2021,LPG,0
West Jefferson,M100000US3983580,2022,LPG,0
West Jefferson,M100000US3983580,2023,LPG,0
West Jefferson,M100000US3983580,2024,LPG,0
West Jefferson,M100000US3983580,2025,LPG,0
Westerville,M100000US3983342,1999,LPG,0
Westerville,M100000US3983342,2000,LPG,0
Westerville,M100000US3983342,2001,LPG,0
Westerville,M100000US3983342,2002,LPG,0
Westerville,M100000US3983342,2003,LPG,0
Westerville,M100000US3983342,2004,LPG,0
Westerville,M100000US3983342,2005,LPG,0
Westerville,M100000US3983342,2006,LPG,0
Westerville,M100000US3983342,2007,LPG,0
Westerville,M100000US3983342,2008,LPG,0
Westerville,M100000US3983342,2009,LPG,0
Westerville,M100000US3983342,2010,LPG,0
Westerville,M100000US3983342,2011,LPG,0
Westerville,M100000US3983342,2012,LPG,0
Westerville,M100000US3983342,2013,LPG,0
Westerville,M100000US3983342,2014,LPG,0
Westerville,M100000US3983342,2015,LPG,0
Westerville,M100000US3983342,2016,LPG,0
Westerville,M100000US3983342,2017,LPG,0
Westerville,M100000US3983342,2018,LPG,0
Westerville,M100000US3983342,2019.0,LPG,0.0
Westerville,M100000US3983342,2020.0,LPG,0.0
Westerville,M100000US3983342,2021.0,LPG,0.0
Westerville,M100000US3983342,2022.0,LPG,0.0
Westerville,M100000US3983342,2023,LPG,0
Westerville,M100000US3983342,2024.0,LPG,0.0
Westerville,M100000US3983342,2025,LPG,0
Whitehall,M100000US3984742,1999,LPG,0
Whitehall,M100000US3984742,2000,LPG,0
Whitehall,M100000US3984742,2001,LPG,0
Whitehall,M100000US3984742,2002,LPG,0
Whitehall,M100000US3984742,2003,LPG,0
Whitehall,M100000US3984742,2004,LPG,0
Whitehall,M100000US3984742,2005,LPG,0
Whitehall,M100000US3984742,2006,LPG,0
Whitehall,M100000US3984742,2007,LPG,0
Whitehall,M100000US3984742,2008,LPG,0
Whitehall,M100000US3984742,2009,LPG,0
Whitehall,M100000US3984742,2010,LPG,0
Whitehall,M100000US3984742,2011,LPG,0
Whitehall,M100000US3984742,2012,LPG,0
Whitehall,M100000US3984742,2013,LPG,0
Whitehall,M100000US3984742,2014,LPG,0
Whitehall,M100000US3984742,2015.0,LPG,0.0
Whitehall,M100000US3984742,2016,LPG,0
Whitehall,M100000US3984742,2017,LPG,0
Whitehall,M100000US3984742,2018,LPG,0
Whitehall,M100000US3984742,2019.0,LPG,0.0
Whitehall,M100000US3984742,2020,LPG,0
Whitehall,M100000US3984742,2021.0,LPG,0.0
Whitehall,M100000US3984742,2022,LPG,0
Whitehall,M100000US3984742,2023,LPG,0
Whitehall,M100000US3984742,2024.0,LPG,0.0
Whitehall,M100000US3984742,2025.0,LPG,0.0
Worthington,M100000US3986604,1999,LPG,0
Worthington,M100000US3986604,2000,LPG,0
Worthington,M100000US3986604,2001,LPG,0
Worthington,M100000US3986604,2002,LPG,0
Worthington,M100000US3986604,2003,LPG,0
Worthington,M100000US3986604,2004,LPG,0
Worthington,M100000US3986604,2005,LPG,0
Worthington,M100000US3986604,2006,LPG,0
Worthington,M100000US3986604,2007,LPG,0
Worthington,M100000US3986604,2008,LPG,0
Worthington,M100000US3986604,2009,LPG,0
Worthington,M100000US3986604,2010,LPG,0
Worthington,M100000US3986604,2011,LPG,0
Worthington,M100000US3986604,2012,LPG,0
Worthington,M100000US3986604,2013,LPG,0
Worthington,M100000US3986604,2014,LPG,0
Worthington,M100000US3986604,2015,LPG,0
Worthington,M100000US3986604,2016,LPG,0
Worthington,M100000US3986604,2017,LPG,0
Worthington,M100000US3986604,2018,LPG,0
Worthington,M100000US3986604,2019,LPG,0
Worthington,M100000US3986604,2020.0,LPG,0.0
Worthington,M100000US3986604,2021.0,LPG,0.0
Worthington,M100000US3986604,2022.0,LPG,0.0
Worthington,M100000US3986604,2023.0,LPG,0.0
Worthington,M100000US3986604,2024.0,LPG,0.0
Worthington,M100000US3986604,2025,LPG,0
